briefing_date,ticker,source,verdict,conviction,score,horizon_days,entry_date,entry_price,exit_date,exit_price,fwd_return_pct,bench_return_pct,excess_pct,outcome,correct,sub_valuation,sub_quality,sub_momentum,sub_risk
2026-04-30,CCAP,v8b,HOLD,medium,54.6,5,2026-05-02,4.68,2026-05-10,4.67,-0.21,1.95,-2.16,graded,,,,,
2026-04-30,CCAP,v8b,HOLD,medium,54.6,21,2026-05-02,4.68,2026-06-02,5.43,16.03,5.9,10.12,graded,,,,,
2026-04-30,RAYA,v8b,REDUCE,medium,42.0,5,2026-05-02,6.55,2026-05-10,7.28,11.15,1.95,9.2,graded,False,,,,
2026-04-30,RAYA,v8b,REDUCE,medium,42.0,21,2026-05-02,6.55,2026-06-02,7.47,14.05,5.9,8.14,graded,False,,,,
2026-04-30,ZMID,v8b,HOLD,medium,53.4,5,2026-05-02,5.86,2026-05-10,5.81,-0.85,1.95,-2.8,graded,,,,,
2026-04-30,ZMID,v8b,HOLD,medium,53.4,21,2026-05-02,5.86,2026-06-02,6.05,3.24,5.9,-2.66,graded,,,,,
2026-04-30,SKPC,v8b,REDUCE,medium,48.9,5,2026-05-02,17.88,2026-05-10,17.85,-0.17,1.95,-2.12,graded,True,,,,
2026-04-30,SKPC,v8b,REDUCE,medium,48.9,21,2026-05-02,17.88,2026-06-02,17.25,-3.52,5.9,-9.43,graded,True,,,,
2026-04-30,EGCH,v8b,REDUCE,medium,49.1,5,2026-05-02,12.19,2026-05-10,12.8,5.0,1.95,3.06,graded,False,,,,
2026-04-30,EGCH,v8b,REDUCE,medium,49.1,21,2026-05-02,12.19,2026-06-02,15.2,24.69,5.9,18.79,graded,False,,,,
2026-04-30,CCAP,w1,WEEKLY_BUY,weekly,29.17,5,2026-05-02,4.68,2026-05-10,4.67,-0.21,1.95,-2.16,graded,False,,,,
2026-04-30,CCAP,w1,WEEKLY_BUY,weekly,29.17,21,2026-05-02,4.68,2026-06-02,5.43,16.03,5.9,10.12,graded,True,,,,
2026-04-30,RAYA,w1,WEEKLY_BUY,weekly,19.29,5,2026-05-02,6.55,2026-05-10,7.28,11.15,1.95,9.2,graded,True,,,,
2026-04-30,RAYA,w1,WEEKLY_BUY,weekly,19.29,21,2026-05-02,6.55,2026-06-02,7.47,14.05,5.9,8.14,graded,True,,,,
2026-04-30,ZMID,w1,WEEKLY_BUY,weekly,17.72,5,2026-05-02,5.86,2026-05-10,5.81,-0.85,1.95,-2.8,graded,False,,,,
2026-04-30,ZMID,w1,WEEKLY_BUY,weekly,17.72,21,2026-05-02,5.86,2026-06-02,6.05,3.24,5.9,-2.66,graded,False,,,,
2026-04-30,SKPC,w1,WEEKLY_BUY,weekly,17.19,5,2026-05-02,17.88,2026-05-10,17.85,-0.17,1.95,-2.12,graded,False,,,,
2026-04-30,SKPC,w1,WEEKLY_BUY,weekly,17.19,21,2026-05-02,17.88,2026-06-02,17.25,-3.52,5.9,-9.43,graded,False,,,,
2026-04-30,EGCH,w1,WEEKLY_BUY,weekly,15.95,5,2026-05-02,12.19,2026-05-10,12.8,5.0,1.95,3.06,graded,True,,,,
2026-04-30,EGCH,w1,WEEKLY_BUY,weekly,15.95,21,2026-05-02,12.19,2026-06-02,15.2,24.69,5.9,18.79,graded,True,,,,
2026-05-02,CLHO,v8b,HOLD,medium,51.0,5,2026-05-02,15.0,2026-05-10,14.94,-0.4,1.95,-2.35,graded,,,,,
2026-05-02,CLHO,v8b,HOLD,medium,51.0,21,2026-05-02,15.0,2026-06-02,16.15,7.67,5.9,1.76,graded,,,,,
2026-05-02,MTIE,v8b,HOLD,medium,53.4,5,2026-05-02,9.85,2026-05-10,9.3,-5.58,1.95,-7.53,graded,,,,,
2026-05-02,MTIE,v8b,HOLD,medium,53.4,21,2026-05-02,9.85,2026-06-02,9.08,-7.82,5.9,-13.72,graded,,,,,
2026-05-02,RAYA,v8b,REDUCE,medium,43.5,5,2026-05-02,6.55,2026-05-10,7.28,11.15,1.95,9.2,graded,False,,,,
2026-05-02,RAYA,v8b,REDUCE,medium,43.5,21,2026-05-02,6.55,2026-06-02,7.47,14.05,5.9,8.14,graded,False,,,,
2026-05-02,POUL,v8b,HOLD,medium,57.0,5,2026-05-02,35.75,2026-05-10,34.8,-2.66,1.95,-4.61,graded,,,,,
2026-05-02,POUL,v8b,HOLD,medium,57.0,21,2026-05-02,35.75,2026-06-02,37.18,4.0,5.9,-1.9,graded,,,,,
2026-05-02,CCAP,v8b,HOLD,medium,54.8,5,2026-05-02,4.68,2026-05-10,4.67,-0.21,1.95,-2.16,graded,,,,,
2026-05-02,CCAP,v8b,HOLD,medium,54.8,21,2026-05-02,4.68,2026-06-02,5.43,16.03,5.9,10.12,graded,,,,,
2026-05-02,CLHO,w1,WEEKLY_BUY,weekly,25.31,5,2026-05-02,15.0,2026-05-10,14.94,-0.4,1.95,-2.35,graded,False,,,,
2026-05-02,CLHO,w1,WEEKLY_BUY,weekly,25.31,21,2026-05-02,15.0,2026-06-02,16.15,7.67,5.9,1.76,graded,True,,,,
2026-05-02,MTIE,w1,WEEKLY_BUY,weekly,18.69,5,2026-05-02,9.85,2026-05-10,9.3,-5.58,1.95,-7.53,graded,False,,,,
2026-05-02,MTIE,w1,WEEKLY_BUY,weekly,18.69,21,2026-05-02,9.85,2026-06-02,9.08,-7.82,5.9,-13.72,graded,False,,,,
2026-05-02,RAYA,w1,WEEKLY_BUY,weekly,16.67,5,2026-05-02,6.55,2026-05-10,7.28,11.15,1.95,9.2,graded,True,,,,
2026-05-02,RAYA,w1,WEEKLY_BUY,weekly,16.67,21,2026-05-02,6.55,2026-06-02,7.47,14.05,5.9,8.14,graded,True,,,,
2026-05-02,POUL,w1,WEEKLY_BUY,weekly,15.41,5,2026-05-02,35.75,2026-05-10,34.8,-2.66,1.95,-4.61,graded,False,,,,
2026-05-02,POUL,w1,WEEKLY_BUY,weekly,15.41,21,2026-05-02,35.75,2026-06-02,37.18,4.0,5.9,-1.9,graded,False,,,,
2026-05-02,CCAP,w1,WEEKLY_BUY,weekly,15.04,5,2026-05-02,4.68,2026-05-10,4.67,-0.21,1.95,-2.16,graded,False,,,,
2026-05-02,CCAP,w1,WEEKLY_BUY,weekly,15.04,21,2026-05-02,4.68,2026-06-02,5.43,16.03,5.9,10.12,graded,True,,,,
2026-06-07,ASCM,v8b,HOLD,medium,61.6,5,2026-06-07,55.15,2026-06-14,60.8,10.24,0.13,10.12,graded,,50.0,75.0,67.0,50.0
2026-06-07,ASCM,v8b,HOLD,medium,61.6,21,2026-06-07,55.15,2026-07-07,57.61,4.46,3.99,0.47,graded,,50.0,75.0,67.0,50.0
2026-06-07,OFH,v8b,HOLD,medium,64.3,5,2026-06-07,0.63,2026-06-14,0.617,-2.06,0.13,-2.19,graded,,50.0,75.0,72.0,55.0
2026-06-07,OFH,v8b,HOLD,medium,64.3,21,2026-06-07,0.63,2026-07-07,0.631,0.16,3.99,-3.83,graded,,50.0,75.0,72.0,55.0
2026-06-07,EGCH,v8b,ACCUMULATE,medium,68.0,5,2026-06-07,14.66,2026-06-14,13.2,-9.96,0.13,-10.09,graded,False,50.0,75.0,85.0,50.0
2026-06-07,EGCH,v8b,ACCUMULATE,medium,68.0,21,2026-06-07,14.66,2026-07-07,13.03,-11.12,3.99,-15.11,graded,False,50.0,75.0,85.0,50.0
2026-06-07,JUFO,v8b,HOLD,medium,64.3,5,2026-06-07,30.1,2026-06-14,30.94,2.79,0.13,2.66,graded,,50.0,75.0,72.0,55.0
2026-06-07,JUFO,v8b,HOLD,medium,64.3,21,2026-06-07,30.1,2026-07-07,31.0,2.99,3.99,-1.0,graded,,50.0,75.0,72.0,55.0
2026-06-07,ARCC,v8b,HOLD,medium,64.3,5,2026-06-07,57.81,2026-06-14,56.65,-2.01,0.13,-2.13,graded,,50.0,75.0,72.0,55.0
2026-06-07,ARCC,v8b,HOLD,medium,64.3,21,2026-06-07,57.81,2026-07-07,55.3,-4.34,3.99,-8.33,graded,,50.0,75.0,72.0,55.0
2026-06-07,ASCM,w1,WEEKLY_BUY,weekly,26.77,5,2026-06-07,55.15,2026-06-14,60.8,10.24,0.13,10.12,graded,True,,,,
2026-06-07,ASCM,w1,WEEKLY_BUY,weekly,26.77,21,2026-06-07,55.15,2026-07-07,57.61,4.46,3.99,0.47,graded,True,,,,
2026-06-07,OFH,w1,WEEKLY_BUY,weekly,16.74,5,2026-06-07,0.63,2026-06-14,0.617,-2.06,0.13,-2.19,graded,False,,,,
2026-06-07,OFH,w1,WEEKLY_BUY,weekly,16.74,21,2026-06-07,0.63,2026-07-07,0.631,0.16,3.99,-3.83,graded,False,,,,
2026-06-07,EGCH,w1,WEEKLY_BUY,weekly,14.48,5,2026-06-07,14.66,2026-06-14,13.2,-9.96,0.13,-10.09,graded,False,,,,
2026-06-07,EGCH,w1,WEEKLY_BUY,weekly,14.48,21,2026-06-07,14.66,2026-07-07,13.03,-11.12,3.99,-15.11,graded,False,,,,
2026-06-07,JUFO,w1,WEEKLY_BUY,weekly,14.29,5,2026-06-07,30.1,2026-06-14,30.94,2.79,0.13,2.66,graded,True,,,,
2026-06-07,JUFO,w1,WEEKLY_BUY,weekly,14.29,21,2026-06-07,30.1,2026-07-07,31.0,2.99,3.99,-1.0,graded,False,,,,
2026-06-07,ARCC,w1,WEEKLY_BUY,weekly,11.53,5,2026-06-07,57.81,2026-06-14,56.65,-2.01,0.13,-2.13,graded,False,,,,
2026-06-07,ARCC,w1,WEEKLY_BUY,weekly,11.53,21,2026-06-07,57.81,2026-07-07,55.3,-4.34,3.99,-8.33,graded,False,,,,
2026-06-08,ASCM,v8b,HOLD,medium,58.1,5,2026-06-08,56.1,2026-06-15,58.73,4.69,-0.16,4.85,graded,,50.0,75.0,57.0,50.0
2026-06-08,ASCM,v8b,HOLD,medium,58.1,21,2026-06-08,56.1,2026-07-08,58.04,3.46,4.56,-1.1,graded,,50.0,75.0,57.0,50.0
2026-06-08,CCAP,v8b,HOLD,low,65.0,5,2026-06-08,5.52,2026-06-15,5.12,-7.25,-0.16,-7.09,graded,,50.0,62.0,85.0,50.0
2026-06-08,CCAP,v8b,HOLD,low,65.0,21,2026-06-08,5.52,2026-07-08,5.21,-5.62,4.56,-10.17,graded,,50.0,62.0,85.0,50.0
2026-06-08,OFH,v8b,HOLD,medium,62.5,5,2026-06-08,0.63,2026-06-15,0.617,-2.06,-0.16,-1.9,graded,,50.0,75.0,67.0,55.0
2026-06-08,OFH,v8b,HOLD,medium,62.5,21,2026-06-08,0.63,2026-07-08,0.64,1.59,4.56,-2.97,graded,,50.0,75.0,67.0,55.0
2026-06-08,ARCC,v8b,HOLD,medium,62.5,5,2026-06-08,58.0,2026-06-15,56.11,-3.26,-0.16,-3.1,graded,,50.0,75.0,67.0,55.0
2026-06-08,ARCC,v8b,HOLD,medium,62.5,21,2026-06-08,58.0,2026-07-08,55.99,-3.47,4.56,-8.02,graded,,50.0,75.0,67.0,55.0
2026-06-08,DSCW,v8b,HOLD,medium,58.3,5,2026-06-08,1.82,2026-06-15,1.86,2.2,-0.16,2.36,graded,,50.0,75.0,55.0,55.0
2026-06-08,DSCW,v8b,HOLD,medium,58.3,21,2026-06-08,1.82,2026-07-08,1.78,-2.2,4.56,-6.76,graded,,50.0,75.0,55.0,55.0
2026-06-08,ASCM,w1,WEEKLY_BUY,weekly,26.8,5,2026-06-08,56.1,2026-06-15,58.73,4.69,-0.16,4.85,graded,True,,,,
2026-06-08,ASCM,w1,WEEKLY_BUY,weekly,26.8,21,2026-06-08,56.1,2026-07-08,58.04,3.46,4.56,-1.1,graded,False,,,,
2026-06-08,CCAP,w1,WEEKLY_BUY,weekly,19.42,5,2026-06-08,5.52,2026-06-15,5.12,-7.25,-0.16,-7.09,graded,False,,,,
2026-06-08,CCAP,w1,WEEKLY_BUY,weekly,19.42,21,2026-06-08,5.52,2026-07-08,5.21,-5.62,4.56,-10.17,graded,False,,,,
2026-06-08,OFH,w1,WEEKLY_BUY,weekly,11.33,5,2026-06-08,0.63,2026-06-15,0.617,-2.06,-0.16,-1.9,graded,False,,,,
2026-06-08,OFH,w1,WEEKLY_BUY,weekly,11.33,21,2026-06-08,0.63,2026-07-08,0.64,1.59,4.56,-2.97,graded,False,,,,
2026-06-08,ARCC,w1,WEEKLY_BUY,weekly,10.81,5,2026-06-08,58.0,2026-06-15,56.11,-3.26,-0.16,-3.1,graded,False,,,,
2026-06-08,ARCC,w1,WEEKLY_BUY,weekly,10.81,21,2026-06-08,58.0,2026-07-08,55.99,-3.47,4.56,-8.02,graded,False,,,,
2026-06-08,DSCW,w1,WEEKLY_BUY,weekly,10.66,5,2026-06-08,1.82,2026-06-15,1.86,2.2,-0.16,2.36,graded,True,,,,
2026-06-08,DSCW,w1,WEEKLY_BUY,weekly,10.66,21,2026-06-08,1.82,2026-07-08,1.78,-2.2,4.56,-6.76,graded,False,,,,
2026-06-09,ASCM,v8b,HOLD,medium,58.1,5,2026-06-09,54.95,2026-06-16,58.73,6.88,2.06,4.82,graded,,50.0,75.0,57.0,50.0
2026-06-09,ASCM,v8b,HOLD,medium,58.1,21,2026-06-09,54.95,2026-07-11,62.21,13.21,7.84,5.37,graded,,50.0,75.0,57.0,50.0
2026-06-09,EAST,v8b,HOLD,medium,54.2,5,2026-06-09,38.6,2026-06-16,39.0,1.04,2.06,-1.02,graded,,40.0,80.0,47.0,55.0
2026-06-09,EAST,v8b,HOLD,medium,54.2,21,2026-06-09,38.6,2026-07-11,36.64,-5.08,7.84,-12.92,graded,,40.0,80.0,47.0,55.0
2026-06-09,JUFO,v8b,HOLD,medium,59.0,5,2026-06-09,29.49,2026-06-16,30.8,4.44,2.06,2.38,graded,,50.0,75.0,57.0,55.0
2026-06-09,JUFO,v8b,HOLD,medium,59.0,21,2026-06-09,29.49,2026-07-11,30.55,3.59,7.84,-4.25,graded,,50.0,75.0,57.0,55.0
2026-06-09,EXPA,v8b,HOLD,medium,60.8,5,2026-06-09,18.63,2026-06-16,18.66,0.16,2.06,-1.9,graded,,50.0,75.0,62.0,55.0
2026-06-09,EXPA,v8b,HOLD,medium,60.8,21,2026-06-09,18.63,2026-07-11,18.74,0.59,7.84,-7.25,graded,,50.0,75.0,62.0,55.0
2026-06-09,CCAP,v8b,HOLD,low,65.0,5,2026-06-09,5.15,2026-06-16,5.12,-0.58,2.06,-2.64,graded,,50.0,62.0,85.0,50.0
2026-06-09,CCAP,v8b,HOLD,low,65.0,21,2026-06-09,5.15,2026-07-11,5.25,1.94,7.84,-5.9,graded,,50.0,62.0,85.0,50.0
2026-06-09,ASCM,w1,WEEKLY_BUY,weekly,25.7,5,2026-06-09,54.95,2026-06-16,58.73,6.88,2.06,4.82,graded,True,,,,
2026-06-09,ASCM,w1,WEEKLY_BUY,weekly,25.7,21,2026-06-09,54.95,2026-07-11,62.21,13.21,7.84,5.37,graded,True,,,,
2026-06-09,EAST,w1,WEEKLY_BUY,weekly,15.64,5,2026-06-09,38.6,2026-06-16,39.0,1.04,2.06,-1.02,graded,False,,,,
2026-06-09,EAST,w1,WEEKLY_BUY,weekly,15.64,21,2026-06-09,38.6,2026-07-11,36.64,-5.08,7.84,-12.92,graded,False,,,,
2026-06-09,JUFO,w1,WEEKLY_BUY,weekly,10.34,5,2026-06-09,29.49,2026-06-16,30.8,4.44,2.06,2.38,graded,True,,,,
2026-06-09,JUFO,w1,WEEKLY_BUY,weekly,10.34,21,2026-06-09,29.49,2026-07-11,30.55,3.59,7.84,-4.25,graded,False,,,,
2026-06-09,EXPA,w1,WEEKLY_BUY,weekly,8.09,5,2026-06-09,18.63,2026-06-16,18.66,0.16,2.06,-1.9,graded,False,,,,
2026-06-09,EXPA,w1,WEEKLY_BUY,weekly,8.09,21,2026-06-09,18.63,2026-07-11,18.74,0.59,7.84,-7.25,graded,False,,,,
2026-06-09,CCAP,w1,WEEKLY_BUY,weekly,7.91,5,2026-06-09,5.15,2026-06-16,5.12,-0.58,2.06,-2.64,graded,False,,,,
2026-06-09,CCAP,w1,WEEKLY_BUY,weekly,7.91,21,2026-06-09,5.15,2026-07-11,5.25,1.94,7.84,-5.9,graded,False,,,,
2026-06-10,ASCM,v8b,HOLD,medium,58.1,5,2026-06-10,56.3,2026-06-17,58.73,4.32,3.22,1.1,graded,,50.0,75.0,57.0,50.0
2026-06-10,ASCM,v8b,HOLD,medium,58.1,21,2026-06-10,56.3,2026-07-12,62.12,10.34,8.58,1.76,graded,,50.0,75.0,57.0,50.0
2026-06-10,JUFO,v8b,HOLD,medium,59.0,5,2026-06-10,29.3,2026-06-17,30.8,5.12,3.22,1.9,graded,,50.0,75.0,57.0,55.0
2026-06-10,JUFO,v8b,HOLD,medium,59.0,21,2026-06-10,29.3,2026-07-12,30.5,4.1,8.58,-4.48,graded,,50.0,75.0,57.0,55.0
2026-06-10,ZMID,v8b,HOLD,medium,60.1,5,2026-06-10,6.05,2026-06-17,6.17,1.98,3.22,-1.24,graded,,50.0,75.0,60.0,55.0
2026-06-10,ZMID,v8b,HOLD,medium,60.1,21,2026-06-10,6.05,2026-07-12,7.26,20.0,8.58,11.42,graded,,50.0,75.0,60.0,55.0
2026-06-10,GBCO,v8b,HOLD,medium,52.7,5,2026-06-10,27.99,2026-06-17,28.33,1.21,3.22,-2.01,graded,,50.0,50.0,55.0,55.0
2026-06-10,GBCO,v8b,HOLD,medium,52.7,21,2026-06-10,27.99,2026-07-12,31.81,13.65,8.58,5.07,graded,,50.0,50.0,55.0,55.0
2026-06-10,MOIL,v8b,HOLD,medium,57.3,5,2026-06-10,0.467,2026-06-17,0.472,1.07,3.22,-2.15,graded,,50.0,75.0,52.0,55.0
2026-06-10,MOIL,v8b,HOLD,medium,57.3,21,2026-06-10,0.467,2026-07-12,0.545,16.7,8.58,8.13,graded,,50.0,75.0,52.0,55.0
2026-06-10,ASCM,w1,WEEKLY_BUY,weekly,19.78,5,2026-06-10,56.3,2026-06-17,58.73,4.32,3.22,1.1,graded,True,,,,
2026-06-10,ASCM,w1,WEEKLY_BUY,weekly,19.78,21,2026-06-10,56.3,2026-07-12,62.12,10.34,8.58,1.76,graded,True,,,,
2026-06-10,JUFO,w1,WEEKLY_BUY,weekly,13.18,5,2026-06-10,29.3,2026-06-17,30.8,5.12,3.22,1.9,graded,True,,,,
2026-06-10,JUFO,w1,WEEKLY_BUY,weekly,13.18,21,2026-06-10,29.3,2026-07-12,30.5,4.1,8.58,-4.48,graded,False,,,,
2026-06-10,ZMID,w1,WEEKLY_BUY,weekly,13.11,5,2026-06-10,6.05,2026-06-17,6.17,1.98,3.22,-1.24,graded,False,,,,
2026-06-10,ZMID,w1,WEEKLY_BUY,weekly,13.11,21,2026-06-10,6.05,2026-07-12,7.26,20.0,8.58,11.42,graded,True,,,,
2026-06-10,GBCO,w1,WEEKLY_BUY,weekly,9.3,5,2026-06-10,27.99,2026-06-17,28.33,1.21,3.22,-2.01,graded,False,,,,
2026-06-10,GBCO,w1,WEEKLY_BUY,weekly,9.3,21,2026-06-10,27.99,2026-07-12,31.81,13.65,8.58,5.07,graded,True,,,,
2026-06-10,MOIL,w1,WEEKLY_BUY,weekly,6.84,5,2026-06-10,0.467,2026-06-17,0.472,1.07,3.22,-2.15,graded,False,,,,
2026-06-10,MOIL,w1,WEEKLY_BUY,weekly,6.84,21,2026-06-10,0.467,2026-07-12,0.545,16.7,8.58,8.13,graded,True,,,,
2026-06-11,GBCO,v8b,REDUCE,medium,49.1,5,2026-06-13,28.4,2026-06-20,29.01,2.15,2.5,-0.35,graded,True,50.0,50.0,45.0,55.0
2026-06-11,GBCO,v8b,REDUCE,medium,49.1,21,2026-06-13,28.4,2026-07-13,31.9,12.32,6.68,5.64,graded,False,50.0,50.0,45.0,55.0
2026-06-11,MICH,v8b,HOLD,medium,58.1,5,2026-06-13,36.94,2026-06-20,39.0,5.58,2.5,3.08,graded,,50.0,75.0,57.0,50.0
2026-06-11,MICH,v8b,HOLD,medium,58.1,21,2026-06-13,36.94,2026-07-13,38.4,3.95,6.68,-2.73,graded,,50.0,75.0,57.0,50.0
2026-06-11,ZMID,v8b,HOLD,medium,60.1,5,2026-06-13,6.24,2026-06-20,6.3,0.96,2.5,-1.54,graded,,50.0,75.0,60.0,55.0
2026-06-11,ZMID,v8b,HOLD,medium,60.1,21,2026-06-13,6.24,2026-07-13,7.14,14.42,6.68,7.74,graded,,50.0,75.0,60.0,55.0
2026-06-11,JUFO,v8b,HOLD,medium,62.5,5,2026-06-13,30.48,2026-06-20,31.8,4.33,2.5,1.83,graded,,50.0,75.0,67.0,55.0
2026-06-11,JUFO,v8b,HOLD,medium,62.5,21,2026-06-13,30.48,2026-07-13,29.83,-2.13,6.68,-8.82,graded,,50.0,75.0,67.0,55.0
2026-06-11,OLFI,v8b,HOLD,medium,52.0,5,2026-06-13,22.64,2026-06-20,22.5,-0.62,2.5,-3.12,graded,,50.0,75.0,37.0,55.0
2026-06-11,OLFI,v8b,HOLD,medium,52.0,21,2026-06-13,22.64,2026-07-13,22.79,0.66,6.68,-6.02,graded,,50.0,75.0,37.0,55.0
2026-06-11,GBCO,w1,WEEKLY_BUY,weekly,13.25,5,2026-06-13,28.4,2026-06-20,29.01,2.15,2.5,-0.35,graded,False,,,,
2026-06-11,GBCO,w1,WEEKLY_BUY,weekly,13.25,21,2026-06-13,28.4,2026-07-13,31.9,12.32,6.68,5.64,graded,True,,,,
2026-06-11,MICH,w1,WEEKLY_BUY,weekly,7.75,5,2026-06-13,36.94,2026-06-20,39.0,5.58,2.5,3.08,graded,True,,,,
2026-06-11,MICH,w1,WEEKLY_BUY,weekly,7.75,21,2026-06-13,36.94,2026-07-13,38.4,3.95,6.68,-2.73,graded,False,,,,
2026-06-11,ZMID,w1,WEEKLY_BUY,weekly,7.58,5,2026-06-13,6.24,2026-06-20,6.3,0.96,2.5,-1.54,graded,False,,,,
2026-06-11,ZMID,w1,WEEKLY_BUY,weekly,7.58,21,2026-06-13,6.24,2026-07-13,7.14,14.42,6.68,7.74,graded,True,,,,
2026-06-11,JUFO,w1,WEEKLY_BUY,weekly,6.95,5,2026-06-13,30.48,2026-06-20,31.8,4.33,2.5,1.83,graded,True,,,,
2026-06-11,JUFO,w1,WEEKLY_BUY,weekly,6.95,21,2026-06-13,30.48,2026-07-13,29.83,-2.13,6.68,-8.82,graded,False,,,,
2026-06-11,OLFI,w1,WEEKLY_BUY,weekly,4.67,5,2026-06-13,22.64,2026-06-20,22.5,-0.62,2.5,-3.12,graded,False,,,,
2026-06-11,OLFI,w1,WEEKLY_BUY,weekly,4.67,21,2026-06-13,22.64,2026-07-13,22.79,0.66,6.68,-6.02,graded,False,,,,
2026-06-14,GBCO,v8b,REDUCE,medium,49.1,5,2026-06-14,28.5,2026-06-21,29.01,1.79,2.27,-0.48,graded,True,50.0,50.0,45.0,55.0
2026-06-14,GBCO,v8b,REDUCE,medium,49.1,21,2026-06-14,28.5,2026-07-14,33.28,16.77,7.82,8.95,graded,False,50.0,50.0,45.0,55.0
2026-06-14,OLFI,v8b,HOLD,medium,52.0,5,2026-06-14,22.37,2026-06-21,22.5,0.58,2.27,-1.69,graded,,50.0,75.0,37.0,55.0
2026-06-14,OLFI,v8b,HOLD,medium,52.0,21,2026-06-14,22.37,2026-07-14,22.87,2.24,7.82,-5.58,graded,,50.0,75.0,37.0,55.0
2026-06-14,ASCM,v8b,HOLD,medium,62.7,5,2026-06-14,60.8,2026-06-21,59.11,-2.78,2.27,-5.05,graded,,50.0,75.0,70.0,50.0
2026-06-14,ASCM,v8b,HOLD,medium,62.7,21,2026-06-14,60.8,2026-07-14,62.0,1.97,7.82,-5.85,graded,,50.0,75.0,70.0,50.0
2026-06-14,ZMID,v8b,HOLD,medium,57.3,5,2026-06-14,6.17,2026-06-21,6.3,2.11,2.27,-0.17,graded,,50.0,75.0,52.0,55.0
2026-06-14,ZMID,v8b,HOLD,medium,57.3,21,2026-06-14,6.17,2026-07-14,7.28,17.99,7.82,10.17,graded,,50.0,75.0,52.0,55.0
2026-06-14,MICH,v8b,HOLD,medium,63.4,5,2026-06-14,37.0,2026-06-21,39.0,5.41,2.27,3.13,graded,,50.0,75.0,72.0,50.0
2026-06-14,MICH,v8b,HOLD,medium,63.4,21,2026-06-14,37.0,2026-07-14,38.27,3.43,7.82,-4.39,graded,,50.0,75.0,72.0,50.0
2026-06-14,GBCO,w1,WEEKLY_BUY,weekly,11.92,5,2026-06-14,28.5,2026-06-21,29.01,1.79,2.27,-0.48,graded,False,,,,
2026-06-14,GBCO,w1,WEEKLY_BUY,weekly,11.92,21,2026-06-14,28.5,2026-07-14,33.28,16.77,7.82,8.95,graded,True,,,,
2026-06-14,OLFI,w1,WEEKLY_BUY,weekly,6.21,5,2026-06-14,22.37,2026-06-21,22.5,0.58,2.27,-1.69,graded,False,,,,
2026-06-14,OLFI,w1,WEEKLY_BUY,weekly,6.21,21,2026-06-14,22.37,2026-07-14,22.87,2.24,7.82,-5.58,graded,False,,,,
2026-06-14,ASCM,w1,WEEKLY_BUY,weekly,5.32,5,2026-06-14,60.8,2026-06-21,59.11,-2.78,2.27,-5.05,graded,False,,,,
2026-06-14,ASCM,w1,WEEKLY_BUY,weekly,5.32,21,2026-06-14,60.8,2026-07-14,62.0,1.97,7.82,-5.85,graded,False,,,,
2026-06-14,ZMID,w1,WEEKLY_BUY,weekly,4.81,5,2026-06-14,6.17,2026-06-21,6.3,2.11,2.27,-0.17,graded,False,,,,
2026-06-14,ZMID,w1,WEEKLY_BUY,weekly,4.81,21,2026-06-14,6.17,2026-07-14,7.28,17.99,7.82,10.17,graded,True,,,,
2026-06-14,MICH,w1,WEEKLY_BUY,weekly,4.48,5,2026-06-14,37.0,2026-06-21,39.0,5.41,2.27,3.13,graded,True,,,,
2026-06-14,MICH,w1,WEEKLY_BUY,weekly,4.48,21,2026-06-14,37.0,2026-07-14,38.27,3.43,7.82,-4.39,graded,False,,,,
2026-06-15,GBCO,v8b,REDUCE,medium,49.1,5,2026-06-15,28.33,2026-06-22,31.25,10.31,0.45,9.86,graded,False,50.0,50.0,45.0,55.0
2026-06-15,GBCO,v8b,REDUCE,medium,49.1,21,2026-06-15,28.33,2026-07-15,32.85,15.95,8.1,7.86,graded,False,50.0,50.0,45.0,55.0
2026-06-15,ASCM,v8b,HOLD,medium,62.7,5,2026-06-15,58.73,2026-06-22,63.01,7.29,0.45,6.84,graded,,50.0,75.0,70.0,50.0
2026-06-15,ASCM,v8b,HOLD,medium,62.7,21,2026-06-15,58.73,2026-07-15,62.5,6.42,8.1,-1.68,graded,,50.0,75.0,70.0,50.0
2026-06-15,OLFI,v8b,HOLD,medium,52.0,5,2026-06-15,22.0,2026-06-22,22.02,0.09,0.45,-0.36,graded,,50.0,75.0,37.0,55.0
2026-06-15,OLFI,v8b,HOLD,medium,52.0,21,2026-06-15,22.0,2026-07-15,23.0,4.55,8.1,-3.55,graded,,50.0,75.0,37.0,55.0
2026-06-15,PHDC,v8b,ACCUMULATE,medium,69.6,5,2026-06-15,15.8,2026-06-22,15.5,-1.9,0.45,-2.34,graded,False,85.0,80.0,62.5,50.0
2026-06-15,PHDC,v8b,ACCUMULATE,medium,69.6,21,2026-06-15,15.8,2026-07-15,14.91,-5.63,8.1,-13.73,graded,False,85.0,80.0,62.5,50.0
2026-06-15,OBRI,v8b,HOLD,medium,52.8,5,2026-06-15,36.12,2026-06-22,34.17,-5.4,0.45,-5.84,graded,,50.0,75.0,60.0,15.0
2026-06-15,OBRI,v8b,HOLD,medium,52.8,21,2026-06-15,36.12,2026-07-15,36.0,-0.33,8.1,-8.43,graded,,50.0,75.0,60.0,15.0
2026-06-15,GBCO,w1,WEEKLY_BUY,weekly,20.87,5,2026-06-15,28.33,2026-06-22,31.25,10.31,0.45,9.86,graded,True,,,,
2026-06-15,GBCO,w1,WEEKLY_BUY,weekly,20.87,21,2026-06-15,28.33,2026-07-15,32.85,15.95,8.1,7.86,graded,True,,,,
2026-06-15,ASCM,w1,WEEKLY_BUY,weekly,14.31,5,2026-06-15,58.73,2026-06-22,63.01,7.29,0.45,6.84,graded,True,,,,
2026-06-15,ASCM,w1,WEEKLY_BUY,weekly,14.31,21,2026-06-15,58.73,2026-07-15,62.5,6.42,8.1,-1.68,graded,False,,,,
2026-06-15,OLFI,w1,WEEKLY_BUY,weekly,12.29,5,2026-06-15,22.0,2026-06-22,22.02,0.09,0.45,-0.36,graded,False,,,,
2026-06-15,OLFI,w1,WEEKLY_BUY,weekly,12.29,21,2026-06-15,22.0,2026-07-15,23.0,4.55,8.1,-3.55,graded,False,,,,
2026-06-15,PHDC,w1,WEEKLY_BUY,weekly,8.05,5,2026-06-15,15.8,2026-06-22,15.5,-1.9,0.45,-2.34,graded,False,,,,
2026-06-15,PHDC,w1,WEEKLY_BUY,weekly,8.05,21,2026-06-15,15.8,2026-07-15,14.91,-5.63,8.1,-13.73,graded,False,,,,
2026-06-15,OBRI,w1,WEEKLY_BUY,weekly,7.29,5,2026-06-15,36.12,2026-06-22,34.17,-5.4,0.45,-5.84,graded,False,,,,
2026-06-15,OBRI,w1,WEEKLY_BUY,weekly,7.29,21,2026-06-15,36.12,2026-07-15,36.0,-0.33,8.1,-8.43,graded,False,,,,
2026-06-16,ASCM,v8b,HOLD,medium,62.7,5,2026-06-16,58.73,2026-06-23,61.7,5.06,0.54,4.51,graded,,50.0,75.0,70.0,50.0
2026-06-16,ASCM,v8b,HOLD,medium,62.7,21,2026-06-16,58.73,2026-07-18,61.21,4.22,8.83,-4.61,graded,,50.0,75.0,70.0,50.0
2026-06-16,GBCO,v8b,HOLD,medium,52.7,5,2026-06-16,28.33,2026-06-23,31.47,11.08,0.54,10.54,graded,,50.0,50.0,55.0,55.0
2026-06-16,GBCO,v8b,HOLD,medium,52.7,21,2026-06-16,28.33,2026-07-18,32.44,14.51,8.83,5.68,graded,,50.0,50.0,55.0,55.0
2026-06-16,OBRI,v8b,HOLD,medium,51.8,5,2026-06-16,36.12,2026-06-23,34.39,-4.79,0.54,-5.33,graded,,50.0,75.0,52.0,25.0
2026-06-16,OBRI,v8b,HOLD,medium,51.8,21,2026-06-16,36.12,2026-07-18,36.19,0.19,8.83,-8.64,graded,,50.0,75.0,52.0,25.0
2026-06-16,PHDC,v8b,ACCUMULATE,medium,68.8,5,2026-06-16,15.8,2026-06-23,15.35,-2.85,0.54,-3.39,graded,False,85.0,80.0,60.1,50.0
2026-06-16,PHDC,v8b,ACCUMULATE,medium,68.8,21,2026-06-16,15.8,2026-07-18,14.7,-6.96,8.83,-15.79,graded,False,85.0,80.0,60.1,50.0
2026-06-16,JUFO,v8b,HOLD,medium,63.6,5,2026-06-16,30.8,2026-06-23,30.87,0.23,0.54,-0.32,graded,,50.0,75.0,70.0,55.0
2026-06-16,JUFO,v8b,HOLD,medium,63.6,21,2026-06-16,30.8,2026-07-18,29.32,-4.81,8.83,-13.63,graded,,50.0,75.0,70.0,55.0
2026-06-16,ASCM,w1,WEEKLY_BUY,weekly,21.21,5,2026-06-16,58.73,2026-06-23,61.7,5.06,0.54,4.51,graded,True,,,,
2026-06-16,ASCM,w1,WEEKLY_BUY,weekly,21.21,21,2026-06-16,58.73,2026-07-18,61.21,4.22,8.83,-4.61,graded,False,,,,
2026-06-16,GBCO,w1,WEEKLY_BUY,weekly,17.14,5,2026-06-16,28.33,2026-06-23,31.47,11.08,0.54,10.54,graded,True,,,,
2026-06-16,GBCO,w1,WEEKLY_BUY,weekly,17.14,21,2026-06-16,28.33,2026-07-18,32.44,14.51,8.83,5.68,graded,True,,,,
2026-06-16,OBRI,w1,WEEKLY_BUY,weekly,15.99,5,2026-06-16,36.12,2026-06-23,34.39,-4.79,0.54,-5.33,graded,False,,,,
2026-06-16,OBRI,w1,WEEKLY_BUY,weekly,15.99,21,2026-06-16,36.12,2026-07-18,36.19,0.19,8.83,-8.64,graded,False,,,,
2026-06-16,PHDC,w1,WEEKLY_BUY,weekly,15.15,5,2026-06-16,15.8,2026-06-23,15.35,-2.85,0.54,-3.39,graded,False,,,,
2026-06-16,PHDC,w1,WEEKLY_BUY,weekly,15.15,21,2026-06-16,15.8,2026-07-18,14.7,-6.96,8.83,-15.79,graded,False,,,,
2026-06-16,JUFO,w1,WEEKLY_BUY,weekly,9.43,5,2026-06-16,30.8,2026-06-23,30.87,0.23,0.54,-0.32,graded,False,,,,
2026-06-16,JUFO,w1,WEEKLY_BUY,weekly,9.43,21,2026-06-16,30.8,2026-07-18,29.32,-4.81,8.83,-13.63,graded,False,,,,
2026-06-17,HDBK,v8b,ACCUMULATE,medium,68.7,5,2026-06-17,148.11,2026-06-24,161.92,9.32,0.07,9.25,graded,True,60.0,80.0,76.9,50.0
2026-06-17,HDBK,v8b,ACCUMULATE,medium,68.7,21,2026-06-17,148.11,2026-07-18,77.8,-47.47,8.83,-56.3,graded,False,60.0,80.0,76.9,50.0
2026-06-17,MASR,v8b,HOLD,medium,59.8,5,2026-06-17,7.3,2026-06-24,7.01,-3.97,0.07,-4.04,graded,,50.0,62.0,67.6,55.0
2026-06-17,MASR,v8b,HOLD,medium,59.8,21,2026-06-17,7.3,2026-07-19,8.35,14.38,9.8,4.58,graded,,50.0,62.0,67.6,55.0
2026-06-17,ASCM,v8b,HOLD,medium,62.7,5,2026-06-17,58.73,2026-06-24,60.31,2.69,0.07,2.62,graded,,50.0,75.0,70.0,50.0
2026-06-17,ASCM,v8b,HOLD,medium,62.7,21,2026-06-17,58.73,2026-07-19,60.5,3.01,9.8,-6.79,graded,,50.0,75.0,70.0,50.0
2026-06-17,HRHO,v8b,ACCUMULATE,medium,67.1,5,2026-06-17,27.6145,2026-06-24,26.86,-2.73,0.07,-2.8,graded,False,85.0,50.0,72.0,55.0
2026-06-17,HRHO,v8b,ACCUMULATE,medium,67.1,21,2026-06-17,27.6145,2026-07-19,26.81,-2.91,9.8,-12.72,graded,False,85.0,50.0,72.0,55.0
2026-06-17,PHDC,v8b,ACCUMULATE,medium,68.8,5,2026-06-17,15.8,2026-06-24,15.13,-4.24,0.07,-4.31,graded,False,85.0,80.0,60.2,50.0
2026-06-17,PHDC,v8b,ACCUMULATE,medium,68.8,21,2026-06-17,15.8,2026-07-19,14.65,-7.28,9.8,-17.08,graded,False,85.0,80.0,60.2,50.0
2026-06-17,HDBK,w1,WEEKLY_BUY,weekly,12.4,5,2026-06-17,148.11,2026-06-24,161.92,9.32,0.07,9.25,graded,True,,,,
2026-06-17,HDBK,w1,WEEKLY_BUY,weekly,12.4,21,2026-06-17,148.11,2026-07-18,77.8,-47.47,8.83,-56.3,graded,False,,,,
2026-06-17,MASR,w1,WEEKLY_BUY,weekly,12.36,5,2026-06-17,7.3,2026-06-24,7.01,-3.97,0.07,-4.04,graded,False,,,,
2026-06-17,MASR,w1,WEEKLY_BUY,weekly,12.36,21,2026-06-17,7.3,2026-07-19,8.35,14.38,9.8,4.58,graded,True,,,,
2026-06-17,ASCM,w1,WEEKLY_BUY,weekly,11.73,5,2026-06-17,58.73,2026-06-24,60.31,2.69,0.07,2.62,graded,True,,,,
2026-06-17,ASCM,w1,WEEKLY_BUY,weekly,11.73,21,2026-06-17,58.73,2026-07-19,60.5,3.01,9.8,-6.79,graded,False,,,,
2026-06-17,HRHO,w1,WEEKLY_BUY,weekly,11.13,5,2026-06-17,27.6145,2026-06-24,26.86,-2.73,0.07,-2.8,graded,False,,,,
2026-06-17,HRHO,w1,WEEKLY_BUY,weekly,11.13,21,2026-06-17,27.6145,2026-07-19,26.81,-2.91,9.8,-12.72,graded,False,,,,
2026-06-17,PHDC,w1,WEEKLY_BUY,weekly,10.92,5,2026-06-17,15.8,2026-06-24,15.13,-4.24,0.07,-4.31,graded,False,,,,
2026-06-17,PHDC,w1,WEEKLY_BUY,weekly,10.92,21,2026-06-17,15.8,2026-07-19,14.65,-7.28,9.8,-17.08,graded,False,,,,
2026-06-22,HDBK,v8b,HOLD,medium,61.3,5,2026-06-22,163.0,2026-06-29,79.48,-51.24,-0.3,-50.94,graded,,60.0,80.0,56.0,50.0
2026-06-22,HDBK,v8b,HOLD,medium,61.3,21,2026-06-22,163.0,2026-07-21,83.0,-49.08,10.16,-59.24,graded,,60.0,80.0,56.0,50.0
2026-06-22,OCDI,v8b,HOLD,medium,57.7,5,2026-06-22,22.8,2026-06-29,24.78,8.68,-0.3,8.99,graded,,50.0,50.0,72.0,50.0
2026-06-22,OCDI,v8b,HOLD,medium,57.7,21,2026-06-22,22.8,2026-07-25,27.1,18.86,11.14,7.72,graded,,50.0,50.0,72.0,50.0
2026-06-22,MASR,v8b,HOLD,medium,62.5,5,2026-06-22,7.1,2026-06-29,7.3,2.82,-0.3,3.12,graded,,50.0,62.0,75.2,55.0
2026-06-22,MASR,v8b,HOLD,medium,62.5,21,2026-06-22,7.1,2026-07-25,8.26,16.34,11.14,5.2,graded,,50.0,62.0,75.2,55.0
2026-06-22,DOMT,v8b,HOLD,medium,62.8,5,2026-06-22,27.41,2026-06-29,26.95,-1.68,-0.3,-1.37,graded,,50.0,75.0,60.0,70.0
2026-06-22,DOMT,v8b,HOLD,medium,62.8,21,2026-06-22,27.41,2026-07-25,27.02,-1.42,11.14,-12.56,graded,,50.0,75.0,60.0,70.0
2026-06-22,MICH,v8b,HOLD,medium,62.7,5,2026-06-22,38.49,2026-06-29,38.0,-1.27,-0.3,-0.97,graded,,50.0,75.0,70.0,50.0
2026-06-22,MICH,v8b,HOLD,medium,62.7,21,2026-06-22,38.49,2026-07-25,41.71,8.37,11.14,-2.77,graded,,50.0,75.0,70.0,50.0
2026-06-22,HDBK,w1,WEEKLY_BUY,weekly,20.21,5,2026-06-22,163.0,2026-06-29,79.48,-51.24,-0.3,-50.94,graded,False,,,,
2026-06-22,HDBK,w1,WEEKLY_BUY,weekly,20.21,21,2026-06-22,163.0,2026-07-21,83.0,-49.08,10.16,-59.24,graded,False,,,,
2026-06-22,OCDI,w1,WEEKLY_BUY,weekly,15.33,5,2026-06-22,22.8,2026-06-29,24.78,8.68,-0.3,8.99,graded,True,,,,
2026-06-22,OCDI,w1,WEEKLY_BUY,weekly,15.33,21,2026-06-22,22.8,2026-07-25,27.1,18.86,11.14,7.72,graded,True,,,,
2026-06-22,MASR,w1,WEEKLY_BUY,weekly,14.8,5,2026-06-22,7.1,2026-06-29,7.3,2.82,-0.3,3.12,graded,True,,,,
2026-06-22,MASR,w1,WEEKLY_BUY,weekly,14.8,21,2026-06-22,7.1,2026-07-25,8.26,16.34,11.14,5.2,graded,True,,,,
2026-06-22,DOMT,w1,WEEKLY_BUY,weekly,13.95,5,2026-06-22,27.41,2026-06-29,26.95,-1.68,-0.3,-1.37,graded,False,,,,
2026-06-22,DOMT,w1,WEEKLY_BUY,weekly,13.95,21,2026-06-22,27.41,2026-07-25,27.02,-1.42,11.14,-12.56,graded,False,,,,
2026-06-22,MICH,w1,WEEKLY_BUY,weekly,12.76,5,2026-06-22,38.49,2026-06-29,38.0,-1.27,-0.3,-0.97,graded,False,,,,
2026-06-22,MICH,w1,WEEKLY_BUY,weekly,12.76,21,2026-06-22,38.49,2026-07-25,41.71,8.37,11.14,-2.77,graded,False,,,,
2026-06-23,EAST,v8b,HOLD,medium,58.8,5,2026-06-23,38.43,2026-06-30,37.4,-2.68,0.47,-3.15,graded,,40.0,80.0,60.0,55.0
2026-06-23,EAST,v8b,HOLD,medium,58.8,21,2026-06-23,38.43,2026-07-26,36.37,-5.36,11.9,-17.26,graded,,40.0,80.0,60.0,55.0
2026-06-23,ETEL,v8b,HOLD,medium,57.9,5,2026-06-23,94.66,2026-06-30,92.61,-2.17,0.47,-2.64,graded,,50.0,62.0,70.0,40.0
2026-06-23,ETEL,v8b,HOLD,medium,57.9,21,2026-06-23,94.66,2026-07-26,103.5,9.34,11.9,-2.56,graded,,50.0,62.0,70.0,40.0
2026-06-23,ALCN,v8b,HOLD,medium,58.1,5,2026-06-23,28.08,2026-06-30,28.34,0.93,0.47,0.45,graded,,50.0,75.0,57.0,50.0
2026-06-23,ALCN,v8b,HOLD,medium,58.1,21,2026-06-23,28.08,2026-07-26,29.5,5.06,11.9,-6.85,graded,,50.0,75.0,57.0,50.0
2026-06-23,EAST,w1,WEEKLY_BUY,weekly,5.7,5,2026-06-23,38.43,2026-06-30,37.4,-2.68,0.47,-3.15,graded,False,,,,
2026-06-23,EAST,w1,WEEKLY_BUY,weekly,5.7,21,2026-06-23,38.43,2026-07-26,36.37,-5.36,11.9,-17.26,graded,False,,,,
2026-06-23,ETEL,w1,WEEKLY_BUY,weekly,0.83,5,2026-06-23,94.66,2026-06-30,92.61,-2.17,0.47,-2.64,graded,False,,,,
2026-06-23,ETEL,w1,WEEKLY_BUY,weekly,0.83,21,2026-06-23,94.66,2026-07-26,103.5,9.34,11.9,-2.56,graded,False,,,,
2026-06-23,ALCN,w1,WEEKLY_BUY,weekly,-6.07,5,2026-06-23,28.08,2026-06-30,28.34,0.93,0.47,0.45,graded,True,,,,
2026-06-23,ALCN,w1,WEEKLY_BUY,weekly,-6.07,21,2026-06-23,28.08,2026-07-26,29.5,5.06,11.9,-6.85,graded,False,,,,
2026-06-24,DOMT,v8b,HOLD,medium,54.8,5,2026-06-24,26.91,2026-07-04,27.21,1.11,1.76,-0.65,graded,,50.0,75.0,45.0,55.0
2026-06-24,DOMT,v8b,HOLD,medium,54.8,21,2026-06-24,26.91,2026-07-27,26.8,-0.41,11.88,-12.29,graded,,50.0,75.0,45.0,55.0
2026-06-24,HDBK,v8b,HOLD,medium,61.4,5,2026-06-24,161.92,2026-07-01,83.3,-48.55,0.95,-49.5,graded,,60.0,80.0,56.2,50.0
2026-06-24,HDBK,v8b,HOLD,medium,61.4,21,2026-06-24,161.92,2026-07-26,82.7,-48.93,12.43,-61.36,graded,,60.0,80.0,56.2,50.0
2026-06-24,OCDI,v8b,HOLD,medium,57.7,5,2026-06-24,25.39,2026-07-04,25.51,0.47,1.76,-1.29,graded,,50.0,50.0,72.0,50.0
2026-06-24,OCDI,v8b,HOLD,medium,57.7,21,2026-06-24,25.39,2026-07-27,28.3,11.46,11.88,-0.42,graded,,50.0,50.0,72.0,50.0
2026-06-24,CIRA,v8b,HOLD,low,66.6,5,2026-06-24,28.03,2026-07-04,28.2,0.61,1.76,-1.15,graded,,50.0,75.0,78.5,55.0
2026-06-24,CIRA,v8b,HOLD,low,66.6,21,2026-06-24,28.03,2026-07-27,35.8,27.72,11.88,15.84,graded,,50.0,75.0,78.5,55.0
2026-06-24,GBCO,v8b,HOLD,medium,52.5,5,2026-06-24,31.5,2026-07-04,31.17,-1.05,1.76,-2.81,graded,,50.0,50.0,57.0,50.0
2026-06-24,GBCO,v8b,HOLD,medium,52.5,21,2026-06-24,31.5,2026-07-27,30.49,-3.21,11.88,-15.09,graded,,50.0,50.0,57.0,50.0
2026-06-24,DOMT,w1,WEEKLY_BUY,weekly,21.09,5,2026-06-24,26.91,2026-07-04,27.21,1.11,1.76,-0.65,graded,False,,,,
2026-06-24,DOMT,w1,WEEKLY_BUY,weekly,21.09,21,2026-06-24,26.91,2026-07-27,26.8,-0.41,11.88,-12.29,graded,False,,,,
2026-06-24,HDBK,w1,WEEKLY_BUY,weekly,20.13,5,2026-06-24,161.92,2026-07-01,83.3,-48.55,0.95,-49.5,graded,False,,,,
2026-06-24,HDBK,w1,WEEKLY_BUY,weekly,20.13,21,2026-06-24,161.92,2026-07-26,82.7,-48.93,12.43,-61.36,graded,False,,,,
2026-06-24,OCDI,w1,WEEKLY_BUY,weekly,19.99,5,2026-06-24,25.39,2026-07-04,25.51,0.47,1.76,-1.29,graded,False,,,,
2026-06-24,OCDI,w1,WEEKLY_BUY,weekly,19.99,21,2026-06-24,25.39,2026-07-27,28.3,11.46,11.88,-0.42,graded,False,,,,
2026-06-24,CIRA,w1,WEEKLY_BUY,weekly,19.72,5,2026-06-24,28.03,2026-07-04,28.2,0.61,1.76,-1.15,graded,False,,,,
2026-06-24,CIRA,w1,WEEKLY_BUY,weekly,19.72,21,2026-06-24,28.03,2026-07-27,35.8,27.72,11.88,15.84,graded,True,,,,
2026-06-24,GBCO,w1,WEEKLY_BUY,weekly,17.51,5,2026-06-24,31.5,2026-07-04,31.17,-1.05,1.76,-2.81,graded,False,,,,
2026-06-24,GBCO,w1,WEEKLY_BUY,weekly,17.51,21,2026-06-24,31.5,2026-07-27,30.49,-3.21,11.88,-15.09,graded,False,,,,
2026-06-25,OCDI,v8b,HOLD,medium,60.6,5,2026-06-27,24.39,2026-07-05,27.1,11.11,5.32,5.79,graded,,50.0,50.0,80.0,50.0
2026-06-25,OCDI,v8b,HOLD,medium,60.6,21,2026-06-27,24.39,2026-07-28,28.12,15.29,15.04,0.26,graded,,50.0,50.0,80.0,50.0
2026-06-25,GBCO,v8b,HOLD,medium,52.5,5,2026-06-27,31.0,2026-07-05,31.23,0.74,5.32,-4.58,graded,,50.0,50.0,57.0,50.0
2026-06-25,GBCO,v8b,HOLD,medium,52.5,21,2026-06-27,31.0,2026-07-28,30.29,-2.29,15.04,-17.33,graded,,50.0,50.0,57.0,50.0
2026-06-25,HDBK,v8b,HOLD,medium,61.1,5,2026-06-27,154.02,2026-07-04,84.5,-45.14,3.91,-49.05,graded,,60.0,80.0,55.5,50.0
2026-06-25,HDBK,v8b,HOLD,medium,61.1,21,2026-06-27,154.02,2026-07-27,82.0,-46.76,14.25,-61.01,graded,,60.0,80.0,55.5,50.0
2026-06-25,POUL,v8b,ACCUMULATE,medium,68.0,5,2026-06-27,38.0,2026-07-05,39.74,4.58,5.32,-0.74,graded,False,50.0,75.0,85.0,50.0
2026-06-25,POUL,v8b,ACCUMULATE,medium,68.0,21,2026-06-27,38.0,2026-07-28,37.8,-0.53,15.04,-15.56,graded,False,50.0,75.0,85.0,50.0
2026-06-25,DOMT,v8b,HOLD,medium,54.8,5,2026-06-27,26.59,2026-07-05,27.3,2.67,5.32,-2.65,graded,,50.0,75.0,45.0,55.0
2026-06-25,DOMT,v8b,HOLD,medium,54.8,21,2026-06-27,26.59,2026-07-28,26.52,-0.26,15.04,-15.3,graded,,50.0,75.0,45.0,55.0
2026-06-25,OCDI,w1,WEEKLY_BUY,weekly,26.26,5,2026-06-27,24.39,2026-07-05,27.1,11.11,5.32,5.79,graded,True,,,,
2026-06-25,OCDI,w1,WEEKLY_BUY,weekly,26.26,21,2026-06-27,24.39,2026-07-28,28.12,15.29,15.04,0.26,graded,True,,,,
2026-06-25,GBCO,w1,WEEKLY_BUY,weekly,21.95,5,2026-06-27,31.0,2026-07-05,31.23,0.74,5.32,-4.58,graded,False,,,,
2026-06-25,GBCO,w1,WEEKLY_BUY,weekly,21.95,21,2026-06-27,31.0,2026-07-28,30.29,-2.29,15.04,-17.33,graded,False,,,,
2026-06-25,HDBK,w1,WEEKLY_BUY,weekly,21.57,5,2026-06-27,154.02,2026-07-04,84.5,-45.14,3.91,-49.05,graded,False,,,,
2026-06-25,HDBK,w1,WEEKLY_BUY,weekly,21.57,21,2026-06-27,154.02,2026-07-27,82.0,-46.76,14.25,-61.01,graded,False,,,,
2026-06-25,POUL,w1,WEEKLY_BUY,weekly,21.0,5,2026-06-27,38.0,2026-07-05,39.74,4.58,5.32,-0.74,graded,False,,,,
2026-06-25,POUL,w1,WEEKLY_BUY,weekly,21.0,21,2026-06-27,38.0,2026-07-28,37.8,-0.53,15.04,-15.56,graded,False,,,,
2026-06-25,DOMT,w1,WEEKLY_BUY,weekly,20.26,5,2026-06-27,26.59,2026-07-05,27.3,2.67,5.32,-2.65,graded,False,,,,
2026-06-25,DOMT,w1,WEEKLY_BUY,weekly,20.26,21,2026-06-27,26.59,2026-07-28,26.52,-0.26,15.04,-15.3,graded,False,,,,
2026-06-28,OCDI,v8b,HOLD,medium,57.0,5,2026-06-28,24.31,2026-07-06,27.26,12.13,5.78,6.36,graded,,50.0,50.0,70.0,50.0
2026-06-28,OCDI,v8b,HOLD,medium,57.0,21,2026-06-28,24.31,2026-07-29,28.03,15.3,13.44,1.87,graded,,50.0,50.0,70.0,50.0
2026-06-28,GBCO,v8b,HOLD,medium,52.5,5,2026-06-28,31.45,2026-07-06,31.25,-0.64,5.78,-6.41,graded,,50.0,50.0,57.0,50.0
2026-06-28,GBCO,v8b,HOLD,medium,52.5,21,2026-06-28,31.45,2026-07-29,29.66,-5.69,13.44,-19.13,graded,,50.0,50.0,57.0,50.0
2026-06-28,DOMT,v8b,HOLD,medium,54.8,5,2026-06-28,26.86,2026-07-06,27.12,0.97,5.78,-4.81,graded,,50.0,75.0,45.0,55.0
2026-06-28,DOMT,v8b,HOLD,medium,54.8,21,2026-06-28,26.86,2026-07-29,26.55,-1.15,13.44,-14.59,graded,,50.0,75.0,45.0,55.0
2026-06-28,HDBK,v8b,HOLD,medium,61.2,5,2026-06-28,77.55,2026-07-05,82.5,6.38,5.17,1.22,graded,,60.0,80.0,55.8,50.0
2026-06-28,HDBK,v8b,HOLD,medium,61.2,21,2026-06-28,77.55,2026-07-28,82.41,6.27,14.87,-8.6,graded,,60.0,80.0,55.8,50.0
2026-06-28,CLHO,v8b,HOLD,low,66.5,5,2026-06-28,16.16,2026-07-06,16.46,1.86,5.78,-3.92,graded,,40.0,75.0,85.0,55.0
2026-06-28,CLHO,v8b,HOLD,low,66.5,21,2026-06-28,16.16,2026-07-29,16.6,2.72,13.44,-10.71,graded,,40.0,75.0,85.0,55.0
2026-06-28,OCDI,w1,WEEKLY_BUY,weekly,33.72,5,2026-06-28,24.31,2026-07-06,27.26,12.13,5.78,6.36,graded,True,,,,
2026-06-28,OCDI,w1,WEEKLY_BUY,weekly,33.72,21,2026-06-28,24.31,2026-07-29,28.03,15.3,13.44,1.87,graded,True,,,,
2026-06-28,GBCO,w1,WEEKLY_BUY,weekly,22.38,5,2026-06-28,31.45,2026-07-06,31.25,-0.64,5.78,-6.41,graded,False,,,,
2026-06-28,GBCO,w1,WEEKLY_BUY,weekly,22.38,21,2026-06-28,31.45,2026-07-29,29.66,-5.69,13.44,-19.13,graded,False,,,,
2026-06-28,DOMT,w1,WEEKLY_BUY,weekly,18.78,5,2026-06-28,26.86,2026-07-06,27.12,0.97,5.78,-4.81,graded,False,,,,
2026-06-28,DOMT,w1,WEEKLY_BUY,weekly,18.78,21,2026-06-28,26.86,2026-07-29,26.55,-1.15,13.44,-14.59,graded,False,,,,
2026-06-28,HDBK,w1,WEEKLY_BUY,weekly,17.33,5,2026-06-28,77.55,2026-07-05,82.5,6.38,5.17,1.22,graded,True,,,,
2026-06-28,HDBK,w1,WEEKLY_BUY,weekly,17.33,21,2026-06-28,77.55,2026-07-28,82.41,6.27,14.87,-8.6,graded,False,,,,
2026-06-28,CLHO,w1,WEEKLY_BUY,weekly,15.23,5,2026-06-28,16.16,2026-07-06,16.46,1.86,5.78,-3.92,graded,False,,,,
2026-06-28,CLHO,w1,WEEKLY_BUY,weekly,15.23,21,2026-06-28,16.16,2026-07-29,16.6,2.72,13.44,-10.71,graded,False,,,,
2026-06-29,OCDI,v8b,HOLD,medium,57.0,5,2026-06-29,24.78,2026-07-07,26.6,7.34,3.06,4.28,graded,,50.0,50.0,70.0,50.0
2026-06-29,OCDI,v8b,HOLD,medium,57.0,21,2026-06-29,24.78,2026-08-01,29.39,18.6,14.5,4.1,graded,,50.0,50.0,70.0,50.0
2026-06-29,POUL,v8b,ACCUMULATE,medium,68.0,5,2026-06-29,37.15,2026-07-07,39.5,6.33,3.06,3.26,graded,True,50.0,75.0,85.0,50.0
2026-06-29,POUL,v8b,ACCUMULATE,medium,68.0,21,2026-06-29,37.15,2026-08-01,37.92,2.07,14.5,-12.43,graded,False,50.0,75.0,85.0,50.0
2026-06-29,GBCO,v8b,HOLD,medium,52.5,5,2026-06-29,32.45,2026-07-07,30.37,-6.41,3.06,-9.47,graded,,50.0,50.0,57.0,50.0
2026-06-29,GBCO,v8b,HOLD,medium,52.5,21,2026-06-29,32.45,2026-08-01,30.12,-7.18,14.5,-21.68,graded,,50.0,50.0,57.0,50.0
2026-06-29,EGBE,v8b,ABSTAIN,none,68.9,5,2026-06-29,-0.334,2026-07-07,-0.3377,1.12,3.06,-1.94,graded,,50.0,75.0,85.0,55.0
2026-06-29,EGBE,v8b,ABSTAIN,none,68.9,21,2026-06-29,-0.334,2026-08-01,0.47,-240.74,14.5,-255.24,graded,,50.0,75.0,85.0,55.0
2026-06-29,DOMT,v8b,HOLD,medium,54.8,5,2026-06-29,26.95,2026-07-07,26.75,-0.74,3.06,-3.8,graded,,50.0,75.0,45.0,55.0
2026-06-29,DOMT,v8b,HOLD,medium,54.8,21,2026-06-29,26.95,2026-08-01,26.95,0.0,14.5,-14.5,graded,,50.0,75.0,45.0,55.0
2026-06-29,OCDI,w1,WEEKLY_BUY,weekly,19.03,5,2026-06-29,24.78,2026-07-07,26.6,7.34,3.06,4.28,graded,True,,,,
2026-06-29,OCDI,w1,WEEKLY_BUY,weekly,19.03,21,2026-06-29,24.78,2026-08-01,29.39,18.6,14.5,4.1,graded,True,,,,
2026-06-29,POUL,w1,WEEKLY_BUY,weekly,12.37,5,2026-06-29,37.15,2026-07-07,39.5,6.33,3.06,3.26,graded,True,,,,
2026-06-29,POUL,w1,WEEKLY_BUY,weekly,12.37,21,2026-06-29,37.15,2026-08-01,37.92,2.07,14.5,-12.43,graded,False,,,,
2026-06-29,GBCO,w1,WEEKLY_BUY,weekly,8.14,5,2026-06-29,32.45,2026-07-07,30.37,-6.41,3.06,-9.47,graded,False,,,,
2026-06-29,GBCO,w1,WEEKLY_BUY,weekly,8.14,21,2026-06-29,32.45,2026-08-01,30.12,-7.18,14.5,-21.68,graded,False,,,,
2026-06-29,EGBE,w1,WEEKLY_BUY,weekly,7.62,5,2026-06-29,-0.334,2026-07-07,-0.3377,1.12,3.06,-1.94,graded,False,,,,
2026-06-29,EGBE,w1,WEEKLY_BUY,weekly,7.62,21,2026-06-29,-0.334,2026-08-01,0.47,-240.74,14.5,-255.24,graded,False,,,,
2026-06-29,DOMT,w1,WEEKLY_BUY,weekly,5.89,5,2026-06-29,26.95,2026-07-07,26.75,-0.74,3.06,-3.8,graded,False,,,,
2026-06-29,DOMT,w1,WEEKLY_BUY,weekly,5.89,21,2026-06-29,26.95,2026-08-01,26.95,0.0,14.5,-14.5,graded,False,,,,
2026-06-30,OCDI,v8b,HOLD,medium,60.6,5,2026-06-30,25.32,2026-07-08,26.7,5.45,3.52,1.93,graded,,50.0,50.0,80.0,50.0
2026-06-30,OCDI,v8b,HOLD,medium,60.6,21,2026-06-30,25.32,2026-08-02,29.36,15.96,13.99,1.96,graded,,50.0,50.0,80.0,50.0
2026-06-30,GBCO,v8b,HOLD,medium,52.5,5,2026-06-30,31.91,2026-07-08,30.72,-3.73,3.52,-7.25,graded,,50.0,50.0,57.0,50.0
2026-06-30,GBCO,v8b,HOLD,medium,52.5,21,2026-06-30,31.91,2026-08-02,31.47,-1.38,13.99,-15.37,graded,,50.0,50.0,57.0,50.0
2026-06-30,POUL,v8b,ACCUMULATE,medium,68.0,5,2026-06-30,38.0,2026-07-08,39.49,3.92,3.52,0.4,graded,True,50.0,75.0,85.0,50.0
2026-06-30,POUL,v8b,ACCUMULATE,medium,68.0,21,2026-06-30,38.0,2026-08-02,37.0,-2.63,13.99,-16.62,graded,False,50.0,75.0,85.0,50.0
2026-06-30,CSAG,v8b,HOLD,medium,55.5,5,2026-06-30,32.58,2026-07-08,32.44,-0.43,3.52,-3.95,graded,,50.0,75.0,52.0,45.0
2026-06-30,CSAG,v8b,HOLD,medium,55.5,21,2026-06-30,32.58,2026-08-02,33.47,2.73,13.99,-11.26,graded,,50.0,75.0,52.0,45.0
2026-06-30,EGBE,v8b,ABSTAIN,none,65.4,5,2026-06-30,-0.3392,2026-07-08,-0.3444,1.55,3.52,-1.97,graded,,50.0,75.0,75.0,55.0
2026-06-30,EGBE,v8b,ABSTAIN,none,65.4,21,2026-06-30,-0.3392,2026-08-02,0.484,-242.69,13.99,-256.68,graded,,50.0,75.0,75.0,55.0
2026-06-30,OCDI,w1,WEEKLY_BUY,weekly,16.68,5,2026-06-30,25.32,2026-07-08,26.7,5.45,3.52,1.93,graded,True,,,,
2026-06-30,OCDI,w1,WEEKLY_BUY,weekly,16.68,21,2026-06-30,25.32,2026-08-02,29.36,15.96,13.99,1.96,graded,True,,,,
2026-06-30,GBCO,w1,WEEKLY_BUY,weekly,11.46,5,2026-06-30,31.91,2026-07-08,30.72,-3.73,3.52,-7.25,graded,False,,,,
2026-06-30,GBCO,w1,WEEKLY_BUY,weekly,11.46,21,2026-06-30,31.91,2026-08-02,31.47,-1.38,13.99,-15.37,graded,False,,,,
2026-06-30,POUL,w1,WEEKLY_BUY,weekly,11.45,5,2026-06-30,38.0,2026-07-08,39.49,3.92,3.52,0.4,graded,True,,,,
2026-06-30,POUL,w1,WEEKLY_BUY,weekly,11.45,21,2026-06-30,38.0,2026-08-02,37.0,-2.63,13.99,-16.62,graded,False,,,,
2026-06-30,CSAG,w1,WEEKLY_BUY,weekly,8.85,5,2026-06-30,32.58,2026-07-08,32.44,-0.43,3.52,-3.95,graded,False,,,,
2026-06-30,CSAG,w1,WEEKLY_BUY,weekly,8.85,21,2026-06-30,32.58,2026-08-02,33.47,2.73,13.99,-11.26,graded,False,,,,
2026-06-30,EGBE,w1,WEEKLY_BUY,weekly,6.42,5,2026-06-30,-0.3392,2026-07-08,-0.3444,1.55,3.52,-1.97,graded,False,,,,
2026-06-30,EGBE,w1,WEEKLY_BUY,weekly,6.42,21,2026-06-30,-0.3392,2026-08-02,0.484,-242.69,13.99,-256.68,graded,False,,,,
2026-07-01,RAYA,v8b,HOLD,medium,54.6,5,2026-07-04,7.91,2026-07-11,8.26,4.42,3.77,0.66,graded,,50.0,75.0,54.7,35.0
2026-07-01,RAYA,v8b,HOLD,medium,54.6,21,2026-07-04,7.91,2026-08-03,7.54,-4.68,13.8,-18.48,graded,,50.0,75.0,54.7,35.0
2026-07-01,CSAG,v8b,HOLD,medium,55.5,5,2026-07-04,32.52,2026-07-11,32.59,0.22,3.77,-3.55,graded,,50.0,75.0,47.0,55.0
2026-07-01,CSAG,v8b,HOLD,medium,55.5,21,2026-07-04,32.52,2026-08-03,34.43,5.87,13.8,-7.93,graded,,50.0,75.0,47.0,55.0
2026-07-01,ADIB,v8b,HOLD,medium,60.3,5,2026-07-04,46.7,2026-07-11,46.95,0.54,3.77,-3.23,graded,,50.0,75.0,63.2,50.0
2026-07-01,ADIB,v8b,HOLD,medium,60.3,21,2026-07-04,46.7,2026-08-03,51.82,10.96,13.8,-2.84,graded,,50.0,75.0,63.2,50.0
2026-07-01,GBCO,v8b,HOLD,medium,52.5,5,2026-07-04,31.17,2026-07-11,31.21,0.13,3.77,-3.64,graded,,50.0,50.0,57.0,50.0
2026-07-01,GBCO,v8b,HOLD,medium,52.5,21,2026-07-04,31.17,2026-08-03,32.01,2.69,13.8,-11.11,graded,,50.0,50.0,57.0,50.0
2026-07-01,MASR,v8b,HOLD,medium,58.1,5,2026-07-04,7.56,2026-07-11,7.95,5.16,3.77,1.39,graded,,50.0,62.0,65.3,50.0
2026-07-01,MASR,v8b,HOLD,medium,58.1,21,2026-07-04,7.56,2026-08-03,7.97,5.42,13.8,-8.38,graded,,50.0,62.0,65.3,50.0
2026-07-01,RAYA,w1,WEEKLY_BUY,weekly,12.65,5,2026-07-04,7.91,2026-07-11,8.26,4.42,3.77,0.66,graded,True,,,,
2026-07-01,RAYA,w1,WEEKLY_BUY,weekly,12.65,21,2026-07-04,7.91,2026-08-03,7.54,-4.68,13.8,-18.48,graded,False,,,,
2026-07-01,CSAG,w1,WEEKLY_BUY,weekly,12.06,5,2026-07-04,32.52,2026-07-11,32.59,0.22,3.77,-3.55,graded,False,,,,
2026-07-01,CSAG,w1,WEEKLY_BUY,weekly,12.06,21,2026-07-04,32.52,2026-08-03,34.43,5.87,13.8,-7.93,graded,False,,,,
2026-07-01,ADIB,w1,WEEKLY_BUY,weekly,11.7,5,2026-07-04,46.7,2026-07-11,46.95,0.54,3.77,-3.23,graded,False,,,,
2026-07-01,ADIB,w1,WEEKLY_BUY,weekly,11.7,21,2026-07-04,46.7,2026-08-03,51.82,10.96,13.8,-2.84,graded,False,,,,
2026-07-01,GBCO,w1,WEEKLY_BUY,weekly,10.17,5,2026-07-04,31.17,2026-07-11,31.21,0.13,3.77,-3.64,graded,False,,,,
2026-07-01,GBCO,w1,WEEKLY_BUY,weekly,10.17,21,2026-07-04,31.17,2026-08-03,32.01,2.69,13.8,-11.11,graded,False,,,,
2026-07-01,MASR,w1,WEEKLY_BUY,weekly,6.53,5,2026-07-04,7.56,2026-07-11,7.95,5.16,3.77,1.39,graded,True,,,,
2026-07-01,MASR,w1,WEEKLY_BUY,weekly,6.53,21,2026-07-04,7.56,2026-08-03,7.97,5.42,13.8,-8.38,graded,False,,,,
2026-07-02,CSAG,v8b,HOLD,medium,52.0,5,2026-07-04,32.52,2026-07-11,32.59,0.22,3.77,-3.55,graded,,50.0,75.0,37.0,55.0
2026-07-02,CSAG,v8b,HOLD,medium,52.0,21,2026-07-04,32.52,2026-08-03,34.43,5.87,13.8,-7.93,graded,,50.0,75.0,37.0,55.0
2026-07-02,MASR,v8b,HOLD,medium,55.9,5,2026-07-04,7.56,2026-07-11,7.95,5.16,3.77,1.39,graded,,50.0,62.0,59.2,50.0
2026-07-02,MASR,v8b,HOLD,medium,55.9,21,2026-07-04,7.56,2026-08-03,7.97,5.42,13.8,-8.38,graded,,50.0,62.0,59.2,50.0
2026-07-02,MTIE,v8b,HOLD,medium,60.1,5,2026-07-04,9.55,2026-07-11,9.4,-1.57,3.77,-5.34,graded,,50.0,75.0,60.0,55.0
2026-07-02,MTIE,v8b,HOLD,medium,60.1,21,2026-07-04,9.55,2026-08-02,9.65,1.05,13.08,-12.03,graded,,50.0,75.0,60.0,55.0
2026-07-02,RAYA,v8b,HOLD,medium,54.5,5,2026-07-04,7.91,2026-07-11,8.26,4.42,3.77,0.66,graded,,50.0,75.0,54.4,35.0
2026-07-02,RAYA,v8b,HOLD,medium,54.5,21,2026-07-04,7.91,2026-08-03,7.54,-4.68,13.8,-18.48,graded,,50.0,75.0,54.4,35.0
2026-07-02,ADIB,v8b,HOLD,medium,62.9,5,2026-07-04,46.7,2026-07-11,46.95,0.54,3.77,-3.23,graded,,50.0,75.0,70.7,50.0
2026-07-02,ADIB,v8b,HOLD,medium,62.9,21,2026-07-04,46.7,2026-08-03,51.82,10.96,13.8,-2.84,graded,,50.0,75.0,70.7,50.0
2026-07-02,CSAG,w1,WEEKLY_BUY,weekly,12.22,5,2026-07-04,32.52,2026-07-11,32.59,0.22,3.77,-3.55,graded,False,,,,
2026-07-02,CSAG,w1,WEEKLY_BUY,weekly,12.22,21,2026-07-04,32.52,2026-08-03,34.43,5.87,13.8,-7.93,graded,False,,,,
2026-07-02,MASR,w1,WEEKLY_BUY,weekly,11.94,5,2026-07-04,7.56,2026-07-11,7.95,5.16,3.77,1.39,graded,True,,,,
2026-07-02,MASR,w1,WEEKLY_BUY,weekly,11.94,21,2026-07-04,7.56,2026-08-03,7.97,5.42,13.8,-8.38,graded,False,,,,
2026-07-02,MTIE,w1,WEEKLY_BUY,weekly,9.83,5,2026-07-04,9.55,2026-07-11,9.4,-1.57,3.77,-5.34,graded,False,,,,
2026-07-02,MTIE,w1,WEEKLY_BUY,weekly,9.83,21,2026-07-04,9.55,2026-08-02,9.65,1.05,13.08,-12.03,graded,False,,,,
2026-07-02,RAYA,w1,WEEKLY_BUY,weekly,8.95,5,2026-07-04,7.91,2026-07-11,8.26,4.42,3.77,0.66,graded,True,,,,
2026-07-02,RAYA,w1,WEEKLY_BUY,weekly,8.95,21,2026-07-04,7.91,2026-08-03,7.54,-4.68,13.8,-18.48,graded,False,,,,
2026-07-02,ADIB,w1,WEEKLY_BUY,weekly,8.67,5,2026-07-04,46.7,2026-07-11,46.95,0.54,3.77,-3.23,graded,False,,,,
2026-07-02,ADIB,w1,WEEKLY_BUY,weekly,8.67,21,2026-07-04,46.7,2026-08-03,51.82,10.96,13.8,-2.84,graded,False,,,,
2026-07-05,CSAG,v8b,HOLD,medium,54.8,5,2026-07-05,32.92,2026-07-12,32.35,-1.73,1.92,-3.65,graded,,50.0,75.0,45.0,55.0
2026-07-05,CSAG,v8b,HOLD,medium,54.8,21,2026-07-05,32.92,2026-08-04,36.3,10.27,13.35,-3.08,graded,,50.0,75.0,45.0,55.0
2026-07-05,MASR,v8b,HOLD,medium,55.7,5,2026-07-05,7.73,2026-07-12,8.2,6.08,1.92,4.16,graded,,50.0,62.0,58.5,50.0
2026-07-05,MASR,v8b,HOLD,medium,55.7,21,2026-07-05,7.73,2026-08-04,7.98,3.23,13.35,-10.12,graded,,50.0,62.0,58.5,50.0
2026-07-05,MTIE,v8b,HOLD,medium,60.1,5,2026-07-05,9.55,2026-07-12,9.73,1.88,1.92,-0.03,graded,,50.0,75.0,60.0,55.0
2026-07-05,MTIE,v8b,HOLD,medium,60.1,21,2026-07-05,9.55,2026-08-03,10.3,7.85,12.28,-4.43,graded,,50.0,75.0,60.0,55.0
2026-07-05,RAYA,v8b,HOLD,medium,54.5,5,2026-07-05,8.28,2026-07-12,8.29,0.12,1.92,-1.8,graded,,50.0,75.0,54.4,35.0
2026-07-05,RAYA,v8b,HOLD,medium,54.5,21,2026-07-05,8.28,2026-08-04,7.5,-9.42,13.35,-22.77,graded,,50.0,75.0,54.4,35.0
2026-07-05,ADIB,v8b,HOLD,medium,62.3,5,2026-07-05,47.0,2026-07-12,46.5,-1.06,1.92,-2.98,graded,,50.0,75.0,68.8,50.0
2026-07-05,ADIB,v8b,HOLD,medium,62.3,21,2026-07-05,47.0,2026-08-04,52.08,10.81,13.35,-2.54,graded,,50.0,75.0,68.8,50.0
2026-07-05,CSAG,w1,WEEKLY_BUY,weekly,12.22,5,2026-07-05,32.92,2026-07-12,32.35,-1.73,1.92,-3.65,graded,False,,,,
2026-07-05,CSAG,w1,WEEKLY_BUY,weekly,12.22,21,2026-07-05,32.92,2026-08-04,36.3,10.27,13.35,-3.08,graded,False,,,,
2026-07-05,MASR,w1,WEEKLY_BUY,weekly,11.94,5,2026-07-05,7.73,2026-07-12,8.2,6.08,1.92,4.16,graded,True,,,,
2026-07-05,MASR,w1,WEEKLY_BUY,weekly,11.94,21,2026-07-05,7.73,2026-08-04,7.98,3.23,13.35,-10.12,graded,False,,,,
2026-07-05,MTIE,w1,WEEKLY_BUY,weekly,9.83,5,2026-07-05,9.55,2026-07-12,9.73,1.88,1.92,-0.03,graded,False,,,,
2026-07-05,MTIE,w1,WEEKLY_BUY,weekly,9.83,21,2026-07-05,9.55,2026-08-03,10.3,7.85,12.28,-4.43,graded,False,,,,
2026-07-05,RAYA,w1,WEEKLY_BUY,weekly,8.95,5,2026-07-05,8.28,2026-07-12,8.29,0.12,1.92,-1.8,graded,False,,,,
2026-07-05,RAYA,w1,WEEKLY_BUY,weekly,8.95,21,2026-07-05,8.28,2026-08-04,7.5,-9.42,13.35,-22.77,graded,False,,,,
2026-07-05,ADIB,w1,WEEKLY_BUY,weekly,8.67,5,2026-07-05,47.0,2026-07-12,46.5,-1.06,1.92,-2.98,graded,False,,,,
2026-07-05,ADIB,w1,WEEKLY_BUY,weekly,8.67,21,2026-07-05,47.0,2026-08-04,52.08,10.81,13.35,-2.54,graded,False,,,,
2026-07-06,OBRI,v8b,HOLD,medium,51.8,5,2026-07-06,35.98,2026-07-13,35.7,-0.78,1.75,-2.53,graded,,50.0,75.0,52.0,25.0
2026-07-06,OBRI,v8b,HOLD,medium,51.8,21,2026-07-06,35.98,2026-08-05,31.64,-12.06,13.17,-25.23,graded,,50.0,75.0,52.0,25.0
2026-07-06,EGTS,v8b,REDUCE,medium,45.9,5,2026-07-06,19.19,2026-07-13,18.52,-3.49,1.75,-5.24,graded,True,50.0,75.0,40.4,15.0
2026-07-06,EGTS,v8b,REDUCE,medium,45.9,21,2026-07-06,19.19,2026-08-05,18.15,-5.42,13.17,-18.58,graded,True,50.0,75.0,40.4,15.0
2026-07-06,MASR,v8b,HOLD,medium,58.8,5,2026-07-06,7.79,2026-07-13,8.13,4.36,1.75,2.62,graded,,50.0,62.0,67.3,50.0
2026-07-06,MASR,v8b,HOLD,medium,58.8,21,2026-07-06,7.79,2026-08-05,8.04,3.21,13.17,-9.96,graded,,50.0,62.0,67.3,50.0
2026-07-06,RAYA,v8b,HOLD,medium,55.2,5,2026-07-06,8.05,2026-07-13,8.13,0.99,1.75,-0.75,graded,,50.0,75.0,56.5,35.0
2026-07-06,RAYA,v8b,HOLD,medium,55.2,21,2026-07-06,8.05,2026-08-05,7.42,-7.83,13.17,-20.99,graded,,50.0,75.0,56.5,35.0
2026-07-06,MTIE,v8b,HOLD,low,67.1,5,2026-07-06,9.35,2026-07-13,9.57,2.35,1.75,0.61,graded,,50.0,75.0,80.0,55.0
2026-07-06,MTIE,v8b,HOLD,low,67.1,21,2026-07-06,9.35,2026-08-04,8.95,-4.28,12.7,-16.97,graded,,50.0,75.0,80.0,55.0
2026-07-06,OBRI,w1,WEEKLY_BUY,weekly,20.65,5,2026-07-06,35.98,2026-07-13,35.7,-0.78,1.75,-2.53,graded,False,,,,
2026-07-06,OBRI,w1,WEEKLY_BUY,weekly,20.65,21,2026-07-06,35.98,2026-08-05,31.64,-12.06,13.17,-25.23,graded,False,,,,
2026-07-06,EGTS,w1,WEEKLY_BUY,weekly,16.86,5,2026-07-06,19.19,2026-07-13,18.52,-3.49,1.75,-5.24,graded,False,,,,
2026-07-06,EGTS,w1,WEEKLY_BUY,weekly,16.86,21,2026-07-06,19.19,2026-08-05,18.15,-5.42,13.17,-18.58,graded,False,,,,
2026-07-06,MASR,w1,WEEKLY_BUY,weekly,16.83,5,2026-07-06,7.79,2026-07-13,8.13,4.36,1.75,2.62,graded,True,,,,
2026-07-06,MASR,w1,WEEKLY_BUY,weekly,16.83,21,2026-07-06,7.79,2026-08-05,8.04,3.21,13.17,-9.96,graded,False,,,,
2026-07-06,RAYA,w1,WEEKLY_BUY,weekly,14.97,5,2026-07-06,8.05,2026-07-13,8.13,0.99,1.75,-0.75,graded,False,,,,
2026-07-06,RAYA,w1,WEEKLY_BUY,weekly,14.97,21,2026-07-06,8.05,2026-08-05,7.42,-7.83,13.17,-20.99,graded,False,,,,
2026-07-06,MTIE,w1,WEEKLY_BUY,weekly,13.39,5,2026-07-06,9.35,2026-07-13,9.57,2.35,1.75,0.61,graded,True,,,,
2026-07-06,MTIE,w1,WEEKLY_BUY,weekly,13.39,21,2026-07-06,9.35,2026-08-04,8.95,-4.28,12.7,-16.97,graded,False,,,,
2026-07-07,OBRI,v8b,HOLD,medium,51.8,5,2026-07-07,35.2,2026-07-14,36.0,2.27,3.82,-1.54,graded,,50.0,75.0,52.0,25.0
2026-07-07,OBRI,v8b,HOLD,medium,51.8,21,2026-07-07,35.2,2026-08-08,31.64,-10.11,14.09,-24.2,graded,,50.0,75.0,52.0,25.0
2026-07-07,RAYA,v8b,REDUCE,medium,49.6,5,2026-07-07,7.8,2026-07-14,7.97,2.18,3.82,-1.64,graded,True,50.0,75.0,40.5,35.0
2026-07-07,RAYA,v8b,REDUCE,medium,49.6,21,2026-07-07,7.8,2026-08-08,7.42,-4.87,14.09,-18.96,graded,True,50.0,75.0,40.5,35.0
2026-07-07,EGTS,v8b,REDUCE,medium,46.6,5,2026-07-07,18.44,2026-07-14,19.0,3.04,3.82,-0.78,graded,True,50.0,75.0,42.2,15.0
2026-07-07,EGTS,v8b,REDUCE,medium,46.6,21,2026-07-07,18.44,2026-08-08,18.15,-1.57,14.09,-15.66,graded,True,50.0,75.0,42.2,15.0
2026-07-07,MASR,v8b,HOLD,medium,58.2,5,2026-07-07,7.64,2026-07-14,8.34,9.16,3.82,5.35,graded,,50.0,62.0,65.7,50.0
2026-07-07,MASR,v8b,HOLD,medium,58.2,21,2026-07-07,7.64,2026-08-08,8.04,5.24,14.09,-8.85,graded,,50.0,62.0,65.7,50.0
2026-07-07,EFIH,v8b,HOLD,medium,56.4,5,2026-07-07,22.3,2026-07-14,22.0,-1.35,3.82,-5.16,graded,,20.0,80.0,67.0,55.0
2026-07-07,EFIH,v8b,HOLD,medium,56.4,21,2026-07-07,22.3,2026-08-08,23.5,5.38,14.09,-8.7,graded,,20.0,80.0,67.0,55.0
2026-07-07,OBRI,w1,WEEKLY_BUY,weekly,28.46,5,2026-07-07,35.2,2026-07-14,36.0,2.27,3.82,-1.54,graded,False,,,,
2026-07-07,OBRI,w1,WEEKLY_BUY,weekly,28.46,21,2026-07-07,35.2,2026-08-08,31.64,-10.11,14.09,-24.2,graded,False,,,,
2026-07-07,RAYA,w1,WEEKLY_BUY,weekly,26.21,5,2026-07-07,7.8,2026-07-14,7.97,2.18,3.82,-1.64,graded,False,,,,
2026-07-07,RAYA,w1,WEEKLY_BUY,weekly,26.21,21,2026-07-07,7.8,2026-08-08,7.42,-4.87,14.09,-18.96,graded,False,,,,
2026-07-07,EGTS,w1,WEEKLY_BUY,weekly,25.63,5,2026-07-07,18.44,2026-07-14,19.0,3.04,3.82,-0.78,graded,False,,,,
2026-07-07,EGTS,w1,WEEKLY_BUY,weekly,25.63,21,2026-07-07,18.44,2026-08-08,18.15,-1.57,14.09,-15.66,graded,False,,,,
2026-07-07,MASR,w1,WEEKLY_BUY,weekly,25.5,5,2026-07-07,7.64,2026-07-14,8.34,9.16,3.82,5.35,graded,True,,,,
2026-07-07,MASR,w1,WEEKLY_BUY,weekly,25.5,21,2026-07-07,7.64,2026-08-08,8.04,5.24,14.09,-8.85,graded,False,,,,
2026-07-07,EFIH,w1,WEEKLY_BUY,weekly,22.74,5,2026-07-07,22.3,2026-07-14,22.0,-1.35,3.82,-5.16,graded,False,,,,
2026-07-07,EFIH,w1,WEEKLY_BUY,weekly,22.74,21,2026-07-07,22.3,2026-08-08,23.5,5.38,14.09,-8.7,graded,False,,,,
2026-07-08,AMER,v8b,HOLD,medium,55.2,5,2026-07-08,3.03,2026-07-15,3.88,28.05,3.22,24.83,graded,,50.0,62.0,57.0,50.0
2026-07-08,AMER,v8b,HOLD,medium,55.2,21,2026-07-08,3.03,2026-08-09,5.9,94.72,12.95,81.77,graded,,50.0,62.0,57.0,50.0
2026-07-08,EFIH,v8b,HOLD,medium,52.9,5,2026-07-08,22.2,2026-07-15,22.23,0.14,3.22,-3.08,graded,,20.0,80.0,57.0,55.0
2026-07-08,EFIH,v8b,HOLD,medium,52.9,21,2026-07-08,22.2,2026-08-09,23.5,5.86,12.95,-7.09,graded,,20.0,80.0,57.0,55.0
2026-07-08,OCDI,v8b,HOLD,medium,57.0,5,2026-07-08,26.7,2026-07-15,28.5,6.74,3.22,3.52,graded,,50.0,50.0,70.0,50.0
2026-07-08,OCDI,v8b,HOLD,medium,57.0,21,2026-07-08,26.7,2026-08-09,30.6,14.61,12.95,1.66,graded,,50.0,50.0,70.0,50.0
2026-07-08,MOIL,v8b,HOLD,medium,59.0,5,2026-07-08,0.52,2026-07-15,0.55,5.77,3.22,2.55,graded,,50.0,75.0,57.0,55.0
2026-07-08,MOIL,v8b,HOLD,medium,59.0,21,2026-07-08,0.52,2026-08-09,0.676,30.0,12.95,17.05,graded,,50.0,75.0,57.0,55.0
2026-07-08,OBRI,v8b,HOLD,medium,50.1,5,2026-07-08,35.97,2026-07-15,36.0,0.08,3.22,-3.14,graded,,50.0,75.0,47.0,25.0
2026-07-08,OBRI,v8b,HOLD,medium,50.1,21,2026-07-08,35.97,2026-08-09,31.64,-12.04,12.95,-24.98,graded,,50.0,75.0,47.0,25.0
2026-07-08,AMER,w1,WEEKLY_BUY,weekly,29.0,5,2026-07-08,3.03,2026-07-15,3.88,28.05,3.22,24.83,graded,True,,,,
2026-07-08,AMER,w1,WEEKLY_BUY,weekly,29.0,21,2026-07-08,3.03,2026-08-09,5.9,94.72,12.95,81.77,graded,True,,,,
2026-07-08,EFIH,w1,WEEKLY_BUY,weekly,24.5,5,2026-07-08,22.2,2026-07-15,22.23,0.14,3.22,-3.08,graded,False,,,,
2026-07-08,EFIH,w1,WEEKLY_BUY,weekly,24.5,21,2026-07-08,22.2,2026-08-09,23.5,5.86,12.95,-7.09,graded,False,,,,
2026-07-08,OCDI,w1,WEEKLY_BUY,weekly,23.27,5,2026-07-08,26.7,2026-07-15,28.5,6.74,3.22,3.52,graded,True,,,,
2026-07-08,OCDI,w1,WEEKLY_BUY,weekly,23.27,21,2026-07-08,26.7,2026-08-09,30.6,14.61,12.95,1.66,graded,True,,,,
2026-07-08,MOIL,w1,WEEKLY_BUY,weekly,22.2,5,2026-07-08,0.52,2026-07-15,0.55,5.77,3.22,2.55,graded,True,,,,
2026-07-08,MOIL,w1,WEEKLY_BUY,weekly,22.2,21,2026-07-08,0.52,2026-08-09,0.676,30.0,12.95,17.05,graded,True,,,,
2026-07-08,OBRI,w1,WEEKLY_BUY,weekly,22.0,5,2026-07-08,35.97,2026-07-15,36.0,0.08,3.22,-3.14,graded,False,,,,
2026-07-08,OBRI,w1,WEEKLY_BUY,weekly,22.0,21,2026-07-08,35.97,2026-08-09,31.64,-12.04,12.95,-24.98,graded,False,,,,
2026-07-09,AMER,v8b,HOLD,medium,56.7,5,2026-07-11,3.16,2026-07-18,4.2,32.91,2.99,29.92,graded,,50.0,62.0,67.0,50.0
2026-07-09,AMER,v8b,HOLD,medium,56.7,21,2026-07-11,3.16,2026-08-10,7.15,126.27,16.56,109.7,graded,,50.0,62.0,67.0,50.0
2026-07-09,EFIH,v8b,HOLD,medium,53.2,5,2026-07-11,22.3,2026-07-18,22.03,-1.21,2.99,-4.2,graded,,20.0,80.0,72.0,55.0
2026-07-09,EFIH,v8b,HOLD,medium,53.2,21,2026-07-11,22.3,2026-08-10,23.7,6.28,16.56,-10.29,graded,,20.0,80.0,72.0,55.0
2026-07-09,MOIL,v8b,HOLD,medium,58.9,5,2026-07-11,0.517,2026-07-18,0.551,6.58,2.99,3.58,graded,,50.0,75.0,57.0,55.0
2026-07-09,MOIL,v8b,HOLD,medium,58.9,21,2026-07-11,0.517,2026-08-10,0.679,31.33,16.56,14.77,graded,,50.0,75.0,57.0,55.0
2026-07-09,CCAP,v8b,HOLD,medium,60.5,5,2026-07-11,5.25,2026-07-18,5.52,5.14,2.99,2.15,graded,,50.0,62.0,85.0,50.0
2026-07-09,CCAP,v8b,HOLD,medium,60.5,21,2026-07-11,5.25,2026-08-10,5.2,-0.95,16.56,-17.52,graded,,50.0,62.0,85.0,50.0
2026-07-09,OBRI,v8b,HOLD,medium,51.1,5,2026-07-11,36.9,2026-07-18,36.19,-1.92,2.99,-4.92,graded,,50.0,75.0,47.0,25.0
2026-07-09,OBRI,v8b,HOLD,medium,51.1,21,2026-07-11,36.9,2026-08-10,32.9,-10.84,16.56,-27.4,graded,,50.0,75.0,47.0,25.0
2026-07-09,AMER,w1,WEEKLY_BUY,weekly,25.63,5,2026-07-11,3.16,2026-07-18,4.2,32.91,2.99,29.92,graded,True,,,,
2026-07-09,AMER,w1,WEEKLY_BUY,weekly,25.63,21,2026-07-11,3.16,2026-08-10,7.15,126.27,16.56,109.7,graded,True,,,,
2026-07-09,EFIH,w1,WEEKLY_BUY,weekly,19.86,5,2026-07-11,22.3,2026-07-18,22.03,-1.21,2.99,-4.2,graded,False,,,,
2026-07-09,EFIH,w1,WEEKLY_BUY,weekly,19.86,21,2026-07-11,22.3,2026-08-10,23.7,6.28,16.56,-10.29,graded,False,,,,
2026-07-09,MOIL,w1,WEEKLY_BUY,weekly,17.84,5,2026-07-11,0.517,2026-07-18,0.551,6.58,2.99,3.58,graded,True,,,,
2026-07-09,MOIL,w1,WEEKLY_BUY,weekly,17.84,21,2026-07-11,0.517,2026-08-10,0.679,31.33,16.56,14.77,graded,True,,,,
2026-07-09,CCAP,w1,WEEKLY_BUY,weekly,16.57,5,2026-07-11,5.25,2026-07-18,5.52,5.14,2.99,2.15,graded,True,,,,
2026-07-09,CCAP,w1,WEEKLY_BUY,weekly,16.57,21,2026-07-11,5.25,2026-08-10,5.2,-0.95,16.56,-17.52,graded,False,,,,
2026-07-09,OBRI,w1,WEEKLY_BUY,weekly,14.86,5,2026-07-11,36.9,2026-07-18,36.19,-1.92,2.99,-4.92,graded,False,,,,
2026-07-09,OBRI,w1,WEEKLY_BUY,weekly,14.86,21,2026-07-11,36.9,2026-08-10,32.9,-10.84,16.56,-27.4,graded,False,,,,
2026-07-12,AMER,v8b,HOLD,medium,54.5,5,2026-07-12,3.16,2026-07-19,4.01,26.9,4.39,22.51,graded,,50.0,62.0,70.0,35.0
2026-07-12,AMER,v8b,HOLD,medium,54.5,21,2026-07-12,3.16,2026-08-11,6.91,118.67,17.05,101.62,graded,,50.0,62.0,70.0,35.0
2026-07-12,OFH,v8b,HOLD,medium,62.1,5,2026-07-12,0.63,2026-07-19,0.719,14.13,4.39,9.74,graded,,50.0,75.0,72.0,55.0
2026-07-12,OFH,v8b,HOLD,medium,62.1,21,2026-07-12,0.63,2026-08-11,0.907,43.97,17.05,26.92,graded,,50.0,75.0,72.0,55.0
2026-07-12,EFIH,v8b,HOLD,medium,53.2,5,2026-07-12,22.45,2026-07-19,22.15,-1.34,4.39,-5.73,graded,,20.0,80.0,72.0,55.0
2026-07-12,EFIH,v8b,HOLD,medium,53.2,21,2026-07-12,22.45,2026-08-11,23.57,4.99,17.05,-12.06,graded,,20.0,80.0,72.0,55.0
2026-07-12,ZMID,v8b,HOLD,medium,61.0,5,2026-07-12,7.26,2026-07-19,7.62,4.96,4.39,0.57,graded,,50.0,75.0,67.0,55.0
2026-07-12,ZMID,v8b,HOLD,medium,61.0,21,2026-07-12,7.26,2026-08-11,7.68,5.79,17.05,-11.27,graded,,50.0,75.0,67.0,55.0
2026-07-12,COMI,v8b,HOLD,medium,62.1,5,2026-07-12,136.9,2026-07-19,136.6,-0.22,4.39,-4.61,graded,,50.0,75.0,72.0,55.0
2026-07-12,COMI,v8b,HOLD,medium,62.1,21,2026-07-12,136.9,2026-08-11,139.99,2.26,17.05,-14.8,graded,,50.0,75.0,72.0,55.0
2026-07-12,AMER,w1,WEEKLY_BUY,weekly,33.72,5,2026-07-12,3.16,2026-07-19,4.01,26.9,4.39,22.51,graded,True,,,,
2026-07-12,AMER,w1,WEEKLY_BUY,weekly,33.72,21,2026-07-12,3.16,2026-08-11,6.91,118.67,17.05,101.62,graded,True,,,,
2026-07-12,OFH,w1,WEEKLY_BUY,weekly,15.29,5,2026-07-12,0.63,2026-07-19,0.719,14.13,4.39,9.74,graded,True,,,,
2026-07-12,OFH,w1,WEEKLY_BUY,weekly,15.29,21,2026-07-12,0.63,2026-08-11,0.907,43.97,17.05,26.92,graded,True,,,,
2026-07-12,EFIH,w1,WEEKLY_BUY,weekly,13.78,5,2026-07-12,22.45,2026-07-19,22.15,-1.34,4.39,-5.73,graded,False,,,,
2026-07-12,EFIH,w1,WEEKLY_BUY,weekly,13.78,21,2026-07-12,22.45,2026-08-11,23.57,4.99,17.05,-12.06,graded,False,,,,
2026-07-12,ZMID,w1,WEEKLY_BUY,weekly,12.57,5,2026-07-12,7.26,2026-07-19,7.62,4.96,4.39,0.57,graded,True,,,,
2026-07-12,ZMID,w1,WEEKLY_BUY,weekly,12.57,21,2026-07-12,7.26,2026-08-11,7.68,5.79,17.05,-11.27,graded,False,,,,
2026-07-12,COMI,w1,WEEKLY_BUY,weekly,10.92,5,2026-07-12,136.9,2026-07-19,136.6,-0.22,4.39,-4.61,graded,False,,,,
2026-07-12,COMI,w1,WEEKLY_BUY,weekly,10.92,21,2026-07-12,136.9,2026-08-11,139.99,2.26,17.05,-14.8,graded,False,,,,
2026-07-13,AMER,v8b,HOLD,medium,54.5,5,2026-07-13,3.19,2026-07-20,4.24,32.92,4.11,28.81,graded,,50.0,62.0,70.0,35.0
2026-07-13,AMER,v8b,HOLD,medium,54.5,21,2026-07-13,3.19,2026-08-12,6.5,103.76,16.58,87.18,graded,,50.0,62.0,70.0,35.0
2026-07-13,CIRA,v8b,HOLD,medium,58.0,5,2026-07-13,32.02,2026-07-20,31.6,-1.31,4.11,-5.42,graded,,50.0,75.0,56.9,50.0
2026-07-13,CIRA,v8b,HOLD,medium,58.0,21,2026-07-13,32.02,2026-08-12,38.23,19.39,16.58,2.82,graded,,50.0,75.0,56.9,50.0
2026-07-13,ETEL,v8b,HOLD,medium,58.7,5,2026-07-13,97.25,2026-07-20,103.61,6.54,4.11,2.43,graded,,50.0,62.0,85.0,40.0
2026-07-13,ETEL,v8b,HOLD,medium,58.7,21,2026-07-13,97.25,2026-08-12,114.0,17.22,16.58,0.65,graded,,50.0,62.0,85.0,40.0
2026-07-13,ALCN,v8b,HOLD,medium,62.9,5,2026-07-13,29.5,2026-07-20,29.75,0.85,4.11,-3.26,graded,,50.0,75.0,80.0,50.0
2026-07-13,ALCN,v8b,HOLD,medium,62.9,21,2026-07-13,29.5,2026-08-12,31.9,8.14,16.58,-8.44,graded,,50.0,75.0,80.0,50.0
2026-07-13,BIOC,v8b,HOLD,medium,58.7,5,2026-07-13,73.41,2026-07-20,110.7,50.8,4.11,46.69,graded,,50.0,62.0,72.0,55.0
2026-07-13,BIOC,v8b,HOLD,medium,58.7,21,2026-07-13,73.41,2026-08-12,521.01,609.73,16.58,593.15,graded,,50.0,62.0,72.0,55.0
2026-07-13,AMER,w1,WEEKLY_BUY,weekly,39.76,5,2026-07-13,3.19,2026-07-20,4.24,32.92,4.11,28.81,graded,True,,,,
2026-07-13,AMER,w1,WEEKLY_BUY,weekly,39.76,21,2026-07-13,3.19,2026-08-12,6.5,103.76,16.58,87.18,graded,True,,,,
2026-07-13,CIRA,w1,WEEKLY_BUY,weekly,18.73,5,2026-07-13,32.02,2026-07-20,31.6,-1.31,4.11,-5.42,graded,False,,,,
2026-07-13,CIRA,w1,WEEKLY_BUY,weekly,18.73,21,2026-07-13,32.02,2026-08-12,38.23,19.39,16.58,2.82,graded,True,,,,
2026-07-13,ETEL,w1,WEEKLY_BUY,weekly,15.13,5,2026-07-13,97.25,2026-07-20,103.61,6.54,4.11,2.43,graded,True,,,,
2026-07-13,ETEL,w1,WEEKLY_BUY,weekly,15.13,21,2026-07-13,97.25,2026-08-12,114.0,17.22,16.58,0.65,graded,True,,,,
2026-07-13,ALCN,w1,WEEKLY_BUY,weekly,12.92,5,2026-07-13,29.5,2026-07-20,29.75,0.85,4.11,-3.26,graded,False,,,,
2026-07-13,ALCN,w1,WEEKLY_BUY,weekly,12.92,21,2026-07-13,29.5,2026-08-12,31.9,8.14,16.58,-8.44,graded,False,,,,
2026-07-13,BIOC,w1,WEEKLY_BUY,weekly,12.44,5,2026-07-13,73.41,2026-07-20,110.7,50.8,4.11,46.69,graded,True,,,,
2026-07-13,BIOC,w1,WEEKLY_BUY,weekly,12.44,21,2026-07-13,73.41,2026-08-12,521.01,609.73,16.58,593.15,graded,True,,,,
2026-07-14,AMER,v8b,HOLD,medium,54.3,5,2026-07-14,3.54,2026-07-21,4.25,20.06,3.27,16.79,graded,,50.0,62.0,68.9,35.0
2026-07-14,AMER,v8b,HOLD,medium,54.3,21,2026-07-14,3.54,2026-08-15,6.5,83.62,15.38,68.24,graded,,50.0,62.0,68.9,35.0
2026-07-14,CIRA,v8b,HOLD,medium,60.3,5,2026-07-14,32.77,2026-07-21,31.69,-3.3,3.27,-6.57,graded,,50.0,75.0,63.7,55.0
2026-07-14,CIRA,v8b,HOLD,medium,60.3,21,2026-07-14,32.77,2026-08-15,38.23,16.66,15.38,1.29,graded,,50.0,75.0,63.7,55.0
2026-07-14,ZMID,v8b,HOLD,medium,61.7,5,2026-07-14,7.28,2026-07-21,7.41,1.79,3.27,-1.48,graded,,50.0,75.0,70.0,55.0
2026-07-14,ZMID,v8b,HOLD,medium,61.7,21,2026-07-14,7.28,2026-08-15,7.68,5.49,15.38,-9.88,graded,,50.0,75.0,70.0,55.0
2026-07-14,MOIL,v8b,HOLD,medium,58.9,5,2026-07-14,0.533,2026-07-21,0.59,10.69,3.27,7.42,graded,,50.0,75.0,57.0,55.0
2026-07-14,MOIL,v8b,HOLD,medium,58.9,21,2026-07-14,0.533,2026-08-15,0.674,26.45,15.38,11.08,graded,,50.0,75.0,57.0,55.0
2026-07-14,CCAP,v8b,HOLD,medium,59.7,5,2026-07-14,5.42,2026-07-21,5.51,1.66,3.27,-1.61,graded,,50.0,62.0,81.0,50.0
2026-07-14,CCAP,v8b,HOLD,medium,59.7,21,2026-07-14,5.42,2026-08-15,5.29,-2.4,15.38,-17.77,graded,,50.0,62.0,81.0,50.0
2026-07-14,AMER,w1,WEEKLY_BUY,weekly,40.08,5,2026-07-14,3.54,2026-07-21,4.25,20.06,3.27,16.79,graded,True,,,,
2026-07-14,AMER,w1,WEEKLY_BUY,weekly,40.08,21,2026-07-14,3.54,2026-08-15,6.5,83.62,15.38,68.24,graded,True,,,,
2026-07-14,CIRA,w1,WEEKLY_BUY,weekly,16.7,5,2026-07-14,32.77,2026-07-21,31.69,-3.3,3.27,-6.57,graded,False,,,,
2026-07-14,CIRA,w1,WEEKLY_BUY,weekly,16.7,21,2026-07-14,32.77,2026-08-15,38.23,16.66,15.38,1.29,graded,True,,,,
2026-07-14,ZMID,w1,WEEKLY_BUY,weekly,15.13,5,2026-07-14,7.28,2026-07-21,7.41,1.79,3.27,-1.48,graded,False,,,,
2026-07-14,ZMID,w1,WEEKLY_BUY,weekly,15.13,21,2026-07-14,7.28,2026-08-15,7.68,5.49,15.38,-9.88,graded,False,,,,
2026-07-14,MOIL,w1,WEEKLY_BUY,weekly,14.53,5,2026-07-14,0.533,2026-07-21,0.59,10.69,3.27,7.42,graded,True,,,,
2026-07-14,MOIL,w1,WEEKLY_BUY,weekly,14.53,21,2026-07-14,0.533,2026-08-15,0.674,26.45,15.38,11.08,graded,True,,,,
2026-07-14,CCAP,w1,WEEKLY_BUY,weekly,13.85,5,2026-07-14,5.42,2026-07-21,5.51,1.66,3.27,-1.61,graded,False,,,,
2026-07-14,CCAP,w1,WEEKLY_BUY,weekly,13.85,21,2026-07-14,5.42,2026-08-15,5.29,-2.4,15.38,-17.77,graded,False,,,,
2026-07-15,AMER,v8b,HOLD,medium,53.9,5,2026-07-15,3.88,2026-07-25,4.26,9.79,3.27,6.52,graded,,50.0,62.0,67.1,35.0
2026-07-15,AMER,v8b,HOLD,medium,53.9,21,2026-07-15,3.88,2026-08-16,6.75,73.97,16.26,57.71,graded,,50.0,62.0,67.1,35.0
2026-07-15,CIRA,v8b,HOLD,medium,57.7,5,2026-07-15,32.0,2026-07-25,31.86,-0.44,3.27,-3.71,graded,,50.0,75.0,51.1,55.0
2026-07-15,CIRA,v8b,HOLD,medium,57.7,21,2026-07-15,32.0,2026-08-16,37.3,16.56,16.26,0.3,graded,,50.0,75.0,51.1,55.0
2026-07-15,AMOC,v8b,HOLD,medium,55.5,5,2026-07-15,8.21,2026-07-25,8.36,1.83,3.27,-1.44,graded,,50.0,62.0,57.0,55.0
2026-07-15,AMOC,v8b,HOLD,medium,55.5,21,2026-07-15,8.21,2026-08-16,11.59,41.17,16.26,24.91,graded,,50.0,62.0,57.0,55.0
2026-07-15,CCAP,v8b,HOLD,medium,58.3,5,2026-07-15,5.43,2026-07-25,5.53,1.84,3.27,-1.43,graded,,50.0,62.0,74.4,50.0
2026-07-15,CCAP,v8b,HOLD,medium,58.3,21,2026-07-15,5.43,2026-08-16,5.36,-1.29,16.26,-17.55,graded,,50.0,62.0,74.4,50.0
2026-07-15,EGCH,v8b,HOLD,medium,61.2,5,2026-07-15,13.3,2026-07-25,12.9,-3.01,3.27,-6.28,graded,,50.0,75.0,72.0,50.0
2026-07-15,EGCH,v8b,HOLD,medium,61.2,21,2026-07-15,13.3,2026-08-16,14.22,6.92,16.26,-9.35,graded,,50.0,75.0,72.0,50.0
2026-07-15,AMER,w1,WEEKLY_BUY,weekly,23.79,5,2026-07-15,3.88,2026-07-25,4.26,9.79,3.27,6.52,graded,True,,,,
2026-07-15,AMER,w1,WEEKLY_BUY,weekly,23.79,21,2026-07-15,3.88,2026-08-16,6.75,73.97,16.26,57.71,graded,True,,,,
2026-07-15,CIRA,w1,WEEKLY_BUY,weekly,20.46,5,2026-07-15,32.0,2026-07-25,31.86,-0.44,3.27,-3.71,graded,False,,,,
2026-07-15,CIRA,w1,WEEKLY_BUY,weekly,20.46,21,2026-07-15,32.0,2026-08-16,37.3,16.56,16.26,0.3,graded,True,,,,
2026-07-15,AMOC,w1,WEEKLY_BUY,weekly,15.75,5,2026-07-15,8.21,2026-07-25,8.36,1.83,3.27,-1.44,graded,False,,,,
2026-07-15,AMOC,w1,WEEKLY_BUY,weekly,15.75,21,2026-07-15,8.21,2026-08-16,11.59,41.17,16.26,24.91,graded,True,,,,
2026-07-15,CCAP,w1,WEEKLY_BUY,weekly,14.18,5,2026-07-15,5.43,2026-07-25,5.53,1.84,3.27,-1.43,graded,False,,,,
2026-07-15,CCAP,w1,WEEKLY_BUY,weekly,14.18,21,2026-07-15,5.43,2026-08-16,5.36,-1.29,16.26,-17.55,graded,False,,,,
2026-07-15,EGCH,w1,WEEKLY_BUY,weekly,12.19,5,2026-07-15,13.3,2026-07-25,12.9,-3.01,3.27,-6.28,graded,False,,,,
2026-07-15,EGCH,w1,WEEKLY_BUY,weekly,12.19,21,2026-07-15,13.3,2026-08-16,14.22,6.92,16.26,-9.35,graded,False,,,,
2026-07-16,AMER,v8b,HOLD,medium,53.1,5,2026-07-18,4.2,2026-07-26,4.57,8.81,3.38,5.43,graded,,50.0,62.0,63.5,35.0
2026-07-16,AMER,v8b,HOLD,medium,53.1,21,2026-07-18,4.2,2026-08-17,6.41,52.62,15.53,37.09,graded,,50.0,62.0,63.5,35.0
2026-07-16,CIRA,v8b,HOLD,medium,57.6,5,2026-07-18,31.2,2026-07-26,34.0,8.97,3.38,5.59,graded,,50.0,75.0,50.9,55.0
2026-07-16,CIRA,v8b,HOLD,medium,57.6,21,2026-07-18,31.2,2026-08-17,37.45,20.03,15.53,4.5,graded,,50.0,75.0,50.9,55.0
2026-07-16,BIOC,v8b,HOLD,medium,57.3,5,2026-07-18,126.84,2026-07-26,142.8,12.58,3.38,9.2,graded,,50.0,62.0,69.7,50.0
2026-07-16,BIOC,v8b,HOLD,medium,57.3,21,2026-07-18,126.84,2026-08-17,495.0,290.26,15.53,274.73,graded,,50.0,62.0,69.7,50.0
2026-07-16,ZMID,v8b,HOLD,medium,63.8,5,2026-07-18,7.5,2026-07-26,7.69,2.53,3.38,-0.85,graded,,50.0,75.0,80.0,55.0
2026-07-16,ZMID,v8b,HOLD,medium,63.8,21,2026-07-18,7.5,2026-08-17,7.43,-0.93,15.53,-16.46,graded,,50.0,75.0,80.0,55.0
2026-07-16,MASR,v8b,HOLD,medium,53.7,5,2026-07-18,8.39,2026-07-26,7.99,-4.77,3.38,-8.15,graded,,50.0,62.0,52.8,50.0
2026-07-16,MASR,v8b,HOLD,medium,53.7,21,2026-07-18,8.39,2026-08-17,7.6,-9.42,15.53,-24.94,graded,,50.0,62.0,52.8,50.0
2026-07-16,AMER,w1,WEEKLY_BUY,weekly,35.77,5,2026-07-18,4.2,2026-07-26,4.57,8.81,3.38,5.43,graded,True,,,,
2026-07-16,AMER,w1,WEEKLY_BUY,weekly,35.77,21,2026-07-18,4.2,2026-08-17,6.41,52.62,15.53,37.09,graded,True,,,,
2026-07-16,CIRA,w1,WEEKLY_BUY,weekly,24.85,5,2026-07-18,31.2,2026-07-26,34.0,8.97,3.38,5.59,graded,True,,,,
2026-07-16,CIRA,w1,WEEKLY_BUY,weekly,24.85,21,2026-07-18,31.2,2026-08-17,37.45,20.03,15.53,4.5,graded,True,,,,
2026-07-16,BIOC,w1,WEEKLY_BUY,weekly,23.33,5,2026-07-18,126.84,2026-07-26,142.8,12.58,3.38,9.2,graded,True,,,,
2026-07-16,BIOC,w1,WEEKLY_BUY,weekly,23.33,21,2026-07-18,126.84,2026-08-17,495.0,290.26,15.53,274.73,graded,True,,,,
2026-07-16,ZMID,w1,WEEKLY_BUY,weekly,19.23,5,2026-07-18,7.5,2026-07-26,7.69,2.53,3.38,-0.85,graded,False,,,,
2026-07-16,ZMID,w1,WEEKLY_BUY,weekly,19.23,21,2026-07-18,7.5,2026-08-17,7.43,-0.93,15.53,-16.46,graded,False,,,,
2026-07-16,MASR,w1,WEEKLY_BUY,weekly,18.45,5,2026-07-18,8.39,2026-07-26,7.99,-4.77,3.38,-8.15,graded,False,,,,
2026-07-16,MASR,w1,WEEKLY_BUY,weekly,18.45,21,2026-07-18,8.39,2026-08-17,7.6,-9.42,15.53,-24.94,graded,False,,,,
2026-07-19,BIOC,v8b,HOLD,medium,52.3,5,2026-07-19,118.0,2026-07-27,166.5,41.1,1.97,39.13,graded,,50.0,62.0,59.5,35.0
2026-07-19,BIOC,v8b,HOLD,medium,52.3,21,2026-07-19,118.0,2026-08-18,473.0,300.85,12.9,287.95,graded,,50.0,62.0,59.5,35.0
2026-07-19,AMER,v8b,HOLD,medium,52.3,5,2026-07-19,4.01,2026-07-27,4.62,15.21,1.97,13.24,graded,,50.0,62.0,59.5,35.0
2026-07-19,AMER,v8b,HOLD,medium,52.3,21,2026-07-19,4.01,2026-08-18,6.05,50.87,12.9,37.97,graded,,50.0,62.0,59.5,35.0
2026-07-19,CIRA,v8b,HOLD,medium,58.3,5,2026-07-19,31.51,2026-07-27,35.8,13.61,1.97,11.65,graded,,50.0,75.0,54.1,55.0
2026-07-19,CIRA,v8b,HOLD,medium,58.3,21,2026-07-19,31.51,2026-08-18,37.64,19.45,12.9,6.56,graded,,50.0,75.0,54.1,55.0
2026-07-19,ZMID,v8b,HOLD,medium,61.7,5,2026-07-19,7.62,2026-07-27,7.65,0.39,1.97,-1.57,graded,,50.0,75.0,70.0,55.0
2026-07-19,ZMID,v8b,HOLD,medium,61.7,21,2026-07-19,7.62,2026-08-18,7.91,3.81,12.9,-9.09,graded,,50.0,75.0,70.0,55.0
2026-07-19,MASR,v8b,HOLD,medium,54.4,5,2026-07-19,8.35,2026-07-27,8.05,-3.59,1.97,-5.56,graded,,50.0,62.0,56.2,50.0
2026-07-19,MASR,v8b,HOLD,medium,54.4,21,2026-07-19,8.35,2026-08-18,7.67,-8.14,12.9,-21.04,graded,,50.0,62.0,56.2,50.0
2026-07-19,BIOC,w1,WEEKLY_BUY,weekly,51.34,5,2026-07-19,118.0,2026-07-27,166.5,41.1,1.97,39.13,graded,True,,,,
2026-07-19,BIOC,w1,WEEKLY_BUY,weekly,51.34,21,2026-07-19,118.0,2026-08-18,473.0,300.85,12.9,287.95,graded,True,,,,
2026-07-19,AMER,w1,WEEKLY_BUY,weekly,37.86,5,2026-07-19,4.01,2026-07-27,4.62,15.21,1.97,13.24,graded,True,,,,
2026-07-19,AMER,w1,WEEKLY_BUY,weekly,37.86,21,2026-07-19,4.01,2026-08-18,6.05,50.87,12.9,37.97,graded,True,,,,
2026-07-19,CIRA,w1,WEEKLY_BUY,weekly,19.77,5,2026-07-19,31.51,2026-07-27,35.8,13.61,1.97,11.65,graded,True,,,,
2026-07-19,CIRA,w1,WEEKLY_BUY,weekly,19.77,21,2026-07-19,31.51,2026-08-18,37.64,19.45,12.9,6.56,graded,True,,,,
2026-07-19,ZMID,w1,WEEKLY_BUY,weekly,18.72,5,2026-07-19,7.62,2026-07-27,7.65,0.39,1.97,-1.57,graded,False,,,,
2026-07-19,ZMID,w1,WEEKLY_BUY,weekly,18.72,21,2026-07-19,7.62,2026-08-18,7.91,3.81,12.9,-9.09,graded,False,,,,
2026-07-19,MASR,w1,WEEKLY_BUY,weekly,18.11,5,2026-07-19,8.35,2026-07-27,8.05,-3.59,1.97,-5.56,graded,False,,,,
2026-07-19,MASR,w1,WEEKLY_BUY,weekly,18.11,21,2026-07-19,8.35,2026-08-18,7.67,-8.14,12.9,-21.04,graded,False,,,,
2026-07-20,BIOC,v8b,REDUCE,medium,49.2,5,2026-07-20,110.7,2026-07-28,199.8,80.49,2.52,77.97,graded,False,50.0,62.0,44.9,35.0
2026-07-20,BIOC,v8b,REDUCE,medium,49.2,21,2026-07-20,110.7,2026-08-19,425.03,283.95,12.74,271.21,graded,False,50.0,62.0,44.9,35.0
2026-07-20,AMER,v8b,HOLD,medium,50.7,5,2026-07-20,4.24,2026-07-28,4.71,11.08,2.52,8.57,graded,,50.0,62.0,51.9,35.0
2026-07-20,AMER,v8b,HOLD,medium,50.7,21,2026-07-20,4.24,2026-08-19,5.74,35.38,12.74,22.64,graded,,50.0,62.0,51.9,35.0
2026-07-20,SCEM,v8b,HOLD,medium,58.9,5,2026-07-20,77.4,2026-07-28,84.1,8.66,2.52,6.14,graded,,50.0,75.0,57.0,55.0
2026-07-20,SCEM,v8b,HOLD,medium,58.9,21,2026-07-20,77.4,2026-08-19,100.0,29.2,12.74,16.46,graded,,50.0,75.0,57.0,55.0
2026-07-20,DSCW,v8b,HOLD,medium,58.9,5,2026-07-20,1.99,2026-07-28,1.95,-2.01,2.52,-4.53,graded,,50.0,75.0,57.0,55.0
2026-07-20,DSCW,v8b,HOLD,medium,58.9,21,2026-07-20,1.99,2026-08-19,1.92,-3.52,12.74,-16.26,graded,,50.0,75.0,57.0,55.0
2026-07-20,OFH,v8b,HOLD,medium,61.7,5,2026-07-20,0.707,2026-07-28,0.716,1.27,2.52,-1.24,graded,,50.0,75.0,70.0,55.0
2026-07-20,OFH,v8b,HOLD,medium,61.7,21,2026-07-20,0.707,2026-08-19,0.914,29.28,12.74,16.54,graded,,50.0,75.0,70.0,55.0
2026-07-20,BIOC,w1,WEEKLY_BUY,weekly,85.8,5,2026-07-20,110.7,2026-07-28,199.8,80.49,2.52,77.97,graded,True,,,,
2026-07-20,BIOC,w1,WEEKLY_BUY,weekly,85.8,21,2026-07-20,110.7,2026-08-19,425.03,283.95,12.74,271.21,graded,True,,,,
2026-07-20,AMER,w1,WEEKLY_BUY,weekly,44.37,5,2026-07-20,4.24,2026-07-28,4.71,11.08,2.52,8.57,graded,True,,,,
2026-07-20,AMER,w1,WEEKLY_BUY,weekly,44.37,21,2026-07-20,4.24,2026-08-19,5.74,35.38,12.74,22.64,graded,True,,,,
2026-07-20,SCEM,w1,WEEKLY_BUY,weekly,22.32,5,2026-07-20,77.4,2026-07-28,84.1,8.66,2.52,6.14,graded,True,,,,
2026-07-20,SCEM,w1,WEEKLY_BUY,weekly,22.32,21,2026-07-20,77.4,2026-08-19,100.0,29.2,12.74,16.46,graded,True,,,,
2026-07-20,DSCW,w1,WEEKLY_BUY,weekly,18.89,5,2026-07-20,1.99,2026-07-28,1.95,-2.01,2.52,-4.53,graded,False,,,,
2026-07-20,DSCW,w1,WEEKLY_BUY,weekly,18.89,21,2026-07-20,1.99,2026-08-19,1.92,-3.52,12.74,-16.26,graded,False,,,,
2026-07-20,OFH,w1,WEEKLY_BUY,weekly,18.4,5,2026-07-20,0.707,2026-07-28,0.716,1.27,2.52,-1.24,graded,False,,,,
2026-07-20,OFH,w1,WEEKLY_BUY,weekly,18.4,21,2026-07-20,0.707,2026-08-19,0.914,29.28,12.74,16.54,graded,True,,,,
2026-07-21,BIOC,v8b,HOLD,medium,50.5,5,2026-07-21,121.7,2026-07-29,239.76,97.01,0.76,96.25,graded,,50.0,62.0,51.1,35.0
2026-07-21,BIOC,v8b,HOLD,medium,50.5,21,2026-07-21,121.7,2026-08-22,487.35,300.45,13.65,286.8,graded,,50.0,62.0,51.1,35.0
2026-07-21,SCEM,v8b,HOLD,medium,58.9,5,2026-07-21,81.4,2026-07-29,80.1,-1.6,0.76,-2.36,graded,,50.0,75.0,57.0,55.0
2026-07-21,SCEM,v8b,HOLD,medium,58.9,21,2026-07-21,81.4,2026-08-22,96.13,18.1,13.65,4.45,graded,,50.0,75.0,57.0,55.0
2026-07-21,AMER,v8b,HOLD,medium,51.2,5,2026-07-21,4.25,2026-07-29,4.5,5.88,0.76,5.12,graded,,50.0,62.0,54.3,35.0
2026-07-21,AMER,v8b,HOLD,medium,51.2,21,2026-07-21,4.25,2026-08-22,5.95,40.0,13.65,26.35,graded,,50.0,62.0,54.3,35.0
2026-07-21,OFH,v8b,HOLD,medium,61.7,5,2026-07-21,0.719,2026-07-29,0.701,-2.5,0.76,-3.27,graded,,50.0,75.0,70.0,55.0
2026-07-21,OFH,v8b,HOLD,medium,61.7,21,2026-07-21,0.719,2026-08-22,0.935,30.04,13.65,16.39,graded,,50.0,75.0,70.0,55.0
2026-07-21,DSCW,v8b,HOLD,medium,58.9,5,2026-07-21,1.96,2026-07-29,1.95,-0.51,0.76,-1.27,graded,,50.0,75.0,57.0,55.0
2026-07-21,DSCW,v8b,HOLD,medium,58.9,21,2026-07-21,1.96,2026-08-22,1.96,0.0,13.65,-13.65,graded,,50.0,75.0,57.0,55.0
2026-07-21,BIOC,w1,WEEKLY_BUY,weekly,78.81,5,2026-07-21,121.7,2026-07-29,239.76,97.01,0.76,96.25,graded,True,,,,
2026-07-21,BIOC,w1,WEEKLY_BUY,weekly,78.81,21,2026-07-21,121.7,2026-08-22,487.35,300.45,13.65,286.8,graded,True,,,,
2026-07-21,SCEM,w1,WEEKLY_BUY,weekly,34.49,5,2026-07-21,81.4,2026-07-29,80.1,-1.6,0.76,-2.36,graded,False,,,,
2026-07-21,SCEM,w1,WEEKLY_BUY,weekly,34.49,21,2026-07-21,81.4,2026-08-22,96.13,18.1,13.65,4.45,graded,True,,,,
2026-07-21,AMER,w1,WEEKLY_BUY,weekly,31.24,5,2026-07-21,4.25,2026-07-29,4.5,5.88,0.76,5.12,graded,True,,,,
2026-07-21,AMER,w1,WEEKLY_BUY,weekly,31.24,21,2026-07-21,4.25,2026-08-22,5.95,40.0,13.65,26.35,graded,True,,,,
2026-07-21,OFH,w1,WEEKLY_BUY,weekly,24.45,5,2026-07-21,0.719,2026-07-29,0.701,-2.5,0.76,-3.27,graded,False,,,,
2026-07-21,OFH,w1,WEEKLY_BUY,weekly,24.45,21,2026-07-21,0.719,2026-08-22,0.935,30.04,13.65,16.39,graded,True,,,,
2026-07-21,DSCW,w1,WEEKLY_BUY,weekly,15.22,5,2026-07-21,1.96,2026-07-29,1.95,-0.51,0.76,-1.27,graded,False,,,,
2026-07-21,DSCW,w1,WEEKLY_BUY,weekly,15.22,21,2026-07-21,1.96,2026-08-22,1.96,0.0,13.65,-13.65,graded,False,,,,
2026-07-22,BIOC,v8b,HOLD,medium,51.5,5,2026-07-25,119.0,2026-08-01,287.71,141.77,2.71,139.06,graded,,50.0,62.0,55.9,35.0
2026-07-22,BIOC,v8b,HOLD,medium,51.5,21,2026-07-25,119.0,2026-08-23,462.0,288.24,12.54,275.7,graded,,50.0,62.0,55.9,35.0
2026-07-22,AMER,v8b,HOLD,medium,50.5,5,2026-07-25,4.26,2026-08-01,4.86,14.08,2.71,11.37,graded,,50.0,62.0,51.1,35.0
2026-07-22,AMER,v8b,HOLD,medium,50.5,21,2026-07-25,4.26,2026-08-23,5.82,36.62,12.54,24.08,graded,,50.0,62.0,51.1,35.0
2026-07-22,SCEM,v8b,HOLD,medium,58.9,5,2026-07-25,81.19,2026-08-01,77.6,-4.42,2.71,-7.14,graded,,50.0,75.0,57.0,55.0
2026-07-22,SCEM,v8b,HOLD,medium,58.9,21,2026-07-25,81.19,2026-08-23,96.5,18.86,12.54,6.32,graded,,50.0,75.0,57.0,55.0
2026-07-22,DSCW,v8b,HOLD,medium,58.9,5,2026-07-25,1.97,2026-08-01,1.98,0.51,2.71,-2.21,graded,,50.0,75.0,57.0,55.0
2026-07-22,DSCW,v8b,HOLD,medium,58.9,21,2026-07-25,1.97,2026-08-23,1.91,-3.05,12.54,-15.58,graded,,50.0,75.0,57.0,55.0
2026-07-22,MOIL,v8b,HOLD,medium,58.9,5,2026-07-25,0.618,2026-08-01,0.679,9.87,2.71,7.16,graded,,50.0,75.0,57.0,55.0
2026-07-22,MOIL,v8b,HOLD,medium,58.9,21,2026-07-25,0.618,2026-08-23,0.677,9.55,12.54,-2.99,graded,,50.0,75.0,57.0,55.0
2026-07-22,BIOC,w1,WEEKLY_BUY,weekly,70.05,5,2026-07-25,119.0,2026-08-01,287.71,141.77,2.71,139.06,graded,True,,,,
2026-07-22,BIOC,w1,WEEKLY_BUY,weekly,70.05,21,2026-07-25,119.0,2026-08-23,462.0,288.24,12.54,275.7,graded,True,,,,
2026-07-22,AMER,w1,WEEKLY_BUY,weekly,45.63,5,2026-07-25,4.26,2026-08-01,4.86,14.08,2.71,11.37,graded,True,,,,
2026-07-22,AMER,w1,WEEKLY_BUY,weekly,45.63,21,2026-07-25,4.26,2026-08-23,5.82,36.62,12.54,24.08,graded,True,,,,
2026-07-22,SCEM,w1,WEEKLY_BUY,weekly,36.24,5,2026-07-25,81.19,2026-08-01,77.6,-4.42,2.71,-7.14,graded,False,,,,
2026-07-22,SCEM,w1,WEEKLY_BUY,weekly,36.24,21,2026-07-25,81.19,2026-08-23,96.5,18.86,12.54,6.32,graded,True,,,,
2026-07-22,DSCW,w1,WEEKLY_BUY,weekly,16.84,5,2026-07-25,1.97,2026-08-01,1.98,0.51,2.71,-2.21,graded,False,,,,
2026-07-22,DSCW,w1,WEEKLY_BUY,weekly,16.84,21,2026-07-25,1.97,2026-08-23,1.91,-3.05,12.54,-15.58,graded,False,,,,
2026-07-22,MOIL,w1,WEEKLY_BUY,weekly,16.06,5,2026-07-25,0.618,2026-08-01,0.679,9.87,2.71,7.16,graded,True,,,,
2026-07-22,MOIL,w1,WEEKLY_BUY,weekly,16.06,21,2026-07-25,0.618,2026-08-23,0.677,9.55,12.54,-2.99,graded,False,,,,
2026-07-23,BIOC,v8b,REDUCE,medium,48.0,5,2026-07-25,119.0,2026-08-01,287.71,141.77,2.71,139.06,graded,False,50.0,62.0,47.9,25.0
2026-07-23,BIOC,v8b,REDUCE,medium,48.0,21,2026-07-25,119.0,2026-08-23,462.0,288.24,12.54,275.7,graded,False,50.0,62.0,47.9,25.0
2026-07-23,SCEM,v8b,HOLD,medium,58.9,5,2026-07-25,81.19,2026-08-01,77.6,-4.42,2.71,-7.14,graded,,50.0,75.0,57.0,55.0
2026-07-23,SCEM,v8b,HOLD,medium,58.9,21,2026-07-25,81.19,2026-08-23,96.5,18.86,12.54,6.32,graded,,50.0,75.0,57.0,55.0
2026-07-23,SKPC,v8b,HOLD,medium,59.6,5,2026-07-25,16.0,2026-08-01,15.89,-0.69,2.71,-3.4,graded,,50.0,75.0,60.0,55.0
2026-07-23,SKPC,v8b,HOLD,medium,59.6,21,2026-07-25,16.0,2026-08-23,17.4,8.75,12.54,-3.79,graded,,50.0,75.0,60.0,55.0
2026-07-23,OFH,v8b,HOLD,medium,61.7,5,2026-07-25,0.715,2026-08-01,0.725,1.4,2.71,-1.32,graded,,50.0,75.0,70.0,55.0
2026-07-23,OFH,v8b,HOLD,medium,61.7,21,2026-07-25,0.715,2026-08-23,0.948,32.59,12.54,20.05,graded,,50.0,75.0,70.0,55.0
2026-07-23,MICH,v8b,HOLD,medium,60.7,5,2026-07-25,41.71,2026-08-01,42.16,1.08,2.71,-1.63,graded,,50.0,75.0,70.0,50.0
2026-07-23,MICH,v8b,HOLD,medium,60.7,21,2026-07-25,41.71,2026-08-23,50.0,19.88,12.54,7.34,graded,,50.0,75.0,70.0,50.0
2026-07-23,BIOC,w1,WEEKLY_BUY,weekly,46.82,5,2026-07-25,119.0,2026-08-01,287.71,141.77,2.71,139.06,graded,True,,,,
2026-07-23,BIOC,w1,WEEKLY_BUY,weekly,46.82,21,2026-07-25,119.0,2026-08-23,462.0,288.24,12.54,275.7,graded,True,,,,
2026-07-23,SCEM,w1,WEEKLY_BUY,weekly,42.95,5,2026-07-25,81.19,2026-08-01,77.6,-4.42,2.71,-7.14,graded,False,,,,
2026-07-23,SCEM,w1,WEEKLY_BUY,weekly,42.95,21,2026-07-25,81.19,2026-08-23,96.5,18.86,12.54,6.32,graded,True,,,,
2026-07-23,SKPC,w1,WEEKLY_BUY,weekly,14.72,5,2026-07-25,16.0,2026-08-01,15.89,-0.69,2.71,-3.4,graded,False,,,,
2026-07-23,SKPC,w1,WEEKLY_BUY,weekly,14.72,21,2026-07-25,16.0,2026-08-23,17.4,8.75,12.54,-3.79,graded,False,,,,
2026-07-23,OFH,w1,WEEKLY_BUY,weekly,12.94,5,2026-07-25,0.715,2026-08-01,0.725,1.4,2.71,-1.32,graded,False,,,,
2026-07-23,OFH,w1,WEEKLY_BUY,weekly,12.94,21,2026-07-25,0.715,2026-08-23,0.948,32.59,12.54,20.05,graded,True,,,,
2026-07-23,MICH,w1,WEEKLY_BUY,weekly,12.89,5,2026-07-25,41.71,2026-08-01,42.16,1.08,2.71,-1.63,graded,False,,,,
2026-07-23,MICH,w1,WEEKLY_BUY,weekly,12.89,21,2026-07-25,41.71,2026-08-23,50.0,19.88,12.54,7.34,graded,True,,,,
2026-07-26,BIOC,v8b,REDUCE,medium,47.6,5,2026-07-26,142.8,2026-08-02,345.25,141.77,2.35,139.42,graded,False,50.0,62.0,46.4,25.0
2026-07-26,BIOC,v8b,REDUCE,medium,47.6,21,2026-07-26,142.8,2026-08-24,453.0,217.23,11.25,205.98,graded,False,50.0,62.0,46.4,25.0
2026-07-26,SCEM,v8b,HOLD,medium,58.9,5,2026-07-26,81.02,2026-08-02,79.0,-2.49,2.35,-4.84,graded,,50.0,75.0,57.0,55.0
2026-07-26,SCEM,v8b,HOLD,medium,58.9,21,2026-07-26,81.02,2026-08-24,95.0,17.26,11.25,6.01,graded,,50.0,75.0,57.0,55.0
2026-07-26,SKPC,v8b,HOLD,medium,59.6,5,2026-07-26,15.98,2026-08-02,15.81,-1.06,2.35,-3.41,graded,,50.0,75.0,60.0,55.0
2026-07-26,SKPC,v8b,HOLD,medium,59.6,21,2026-07-26,15.98,2026-08-24,17.46,9.26,11.25,-1.98,graded,,50.0,75.0,60.0,55.0
2026-07-26,OFH,v8b,HOLD,medium,61.7,5,2026-07-26,0.715,2026-08-02,0.713,-0.28,2.35,-2.63,graded,,50.0,75.0,70.0,55.0
2026-07-26,OFH,v8b,HOLD,medium,61.7,21,2026-07-26,0.715,2026-08-24,1.004,40.42,11.25,29.17,graded,,50.0,75.0,70.0,55.0
2026-07-26,MICH,v8b,HOLD,medium,60.7,5,2026-07-26,41.0,2026-08-02,45.18,10.2,2.35,7.85,graded,,50.0,75.0,70.0,50.0
2026-07-26,MICH,v8b,HOLD,medium,60.7,21,2026-07-26,41.0,2026-08-24,49.4,20.49,11.25,9.24,graded,,50.0,75.0,70.0,50.0
2026-07-26,BIOC,w1,WEEKLY_BUY,weekly,46.82,5,2026-07-26,142.8,2026-08-02,345.25,141.77,2.35,139.42,graded,True,,,,
2026-07-26,BIOC,w1,WEEKLY_BUY,weekly,46.82,21,2026-07-26,142.8,2026-08-24,453.0,217.23,11.25,205.98,graded,True,,,,
2026-07-26,SCEM,w1,WEEKLY_BUY,weekly,42.95,5,2026-07-26,81.02,2026-08-02,79.0,-2.49,2.35,-4.84,graded,False,,,,
2026-07-26,SCEM,w1,WEEKLY_BUY,weekly,42.95,21,2026-07-26,81.02,2026-08-24,95.0,17.26,11.25,6.01,graded,True,,,,
2026-07-26,SKPC,w1,WEEKLY_BUY,weekly,14.72,5,2026-07-26,15.98,2026-08-02,15.81,-1.06,2.35,-3.41,graded,False,,,,
2026-07-26,SKPC,w1,WEEKLY_BUY,weekly,14.72,21,2026-07-26,15.98,2026-08-24,17.46,9.26,11.25,-1.98,graded,False,,,,
2026-07-26,OFH,w1,WEEKLY_BUY,weekly,12.94,5,2026-07-26,0.715,2026-08-02,0.713,-0.28,2.35,-2.63,graded,False,,,,
2026-07-26,OFH,w1,WEEKLY_BUY,weekly,12.94,21,2026-07-26,0.715,2026-08-24,1.004,40.42,11.25,29.17,graded,True,,,,
2026-07-26,MICH,w1,WEEKLY_BUY,weekly,12.89,5,2026-07-26,41.0,2026-08-02,45.18,10.2,2.35,7.85,graded,True,,,,
2026-07-26,MICH,w1,WEEKLY_BUY,weekly,12.89,21,2026-07-26,41.0,2026-08-24,49.4,20.49,11.25,9.24,graded,True,,,,
2026-07-27,SCEM,v8b,HOLD,medium,58.9,5,2026-07-27,86.61,2026-08-03,78.4,-9.48,3.5,-12.98,graded,,50.0,75.0,57.0,55.0
2026-07-27,SCEM,v8b,HOLD,medium,58.9,21,2026-07-27,86.61,2026-08-25,98.0,13.15,12.34,0.81,graded,,50.0,75.0,57.0,55.0
2026-07-27,BIOC,v8b,REDUCE,medium,49.1,5,2026-07-27,166.5,2026-08-03,414.3,148.83,3.5,145.32,graded,False,50.0,62.0,53.5,25.0
2026-07-27,BIOC,v8b,REDUCE,medium,49.1,21,2026-07-27,166.5,2026-08-25,445.0,167.27,12.34,154.93,graded,False,50.0,62.0,53.5,25.0
2026-07-27,MOIL,v8b,HOLD,medium,61.7,5,2026-07-27,0.65,2026-08-03,0.676,4.0,3.5,0.5,graded,,50.0,75.0,70.0,55.0
2026-07-27,MOIL,v8b,HOLD,medium,61.7,21,2026-07-27,0.65,2026-08-25,0.663,2.0,12.34,-10.34,graded,,50.0,75.0,70.0,55.0
2026-07-27,MICH,v8b,HOLD,medium,60.7,5,2026-07-27,40.5,2026-08-03,49.5,22.22,3.5,18.72,graded,,50.0,75.0,70.0,50.0
2026-07-27,MICH,v8b,HOLD,medium,60.7,21,2026-07-27,40.5,2026-08-25,49.01,21.01,12.34,8.67,graded,,50.0,75.0,70.0,50.0
2026-07-27,SWDY,v8b,HOLD,medium,64.6,5,2026-07-27,95.42,2026-08-03,109.02,14.25,3.5,10.75,graded,,50.0,75.0,57.0,85.0
2026-07-27,SWDY,v8b,HOLD,medium,64.6,21,2026-07-27,95.42,2026-08-25,127.99,34.13,12.34,21.79,graded,,50.0,75.0,57.0,85.0
2026-07-27,SCEM,w1,WEEKLY_BUY,weekly,30.83,5,2026-07-27,86.61,2026-08-03,78.4,-9.48,3.5,-12.98,graded,False,,,,
2026-07-27,SCEM,w1,WEEKLY_BUY,weekly,30.83,21,2026-07-27,86.61,2026-08-25,98.0,13.15,12.34,0.81,graded,True,,,,
2026-07-27,BIOC,w1,WEEKLY_BUY,weekly,22.21,5,2026-07-27,166.5,2026-08-03,414.3,148.83,3.5,145.32,graded,True,,,,
2026-07-27,BIOC,w1,WEEKLY_BUY,weekly,22.21,21,2026-07-27,166.5,2026-08-25,445.0,167.27,12.34,154.93,graded,True,,,,
2026-07-27,MOIL,w1,WEEKLY_BUY,weekly,21.46,5,2026-07-27,0.65,2026-08-03,0.676,4.0,3.5,0.5,graded,True,,,,
2026-07-27,MOIL,w1,WEEKLY_BUY,weekly,21.46,21,2026-07-27,0.65,2026-08-25,0.663,2.0,12.34,-10.34,graded,False,,,,
2026-07-27,MICH,w1,WEEKLY_BUY,weekly,18.8,5,2026-07-27,40.5,2026-08-03,49.5,22.22,3.5,18.72,graded,True,,,,
2026-07-27,MICH,w1,WEEKLY_BUY,weekly,18.8,21,2026-07-27,40.5,2026-08-25,49.01,21.01,12.34,8.67,graded,True,,,,
2026-07-27,SWDY,w1,WEEKLY_BUY,weekly,12.64,5,2026-07-27,95.42,2026-08-03,109.02,14.25,3.5,10.75,graded,True,,,,
2026-07-27,SWDY,w1,WEEKLY_BUY,weekly,12.64,21,2026-07-27,95.42,2026-08-25,127.99,34.13,12.34,21.79,graded,True,,,,
2026-07-28,MOIL,v8b,HOLD,medium,61.7,5,2026-07-28,0.68,2026-08-04,0.674,-0.88,3.78,-4.66,graded,,50.0,75.0,70.0,55.0
2026-07-28,MOIL,v8b,HOLD,medium,61.7,21,2026-07-28,0.68,2026-08-29,0.69,1.47,14.79,-13.32,graded,,50.0,75.0,70.0,55.0
2026-07-28,ADIB,v8b,HOLD,medium,62.9,5,2026-07-28,52.11,2026-08-04,52.08,-0.06,3.78,-3.83,graded,,50.0,75.0,80.0,50.0
2026-07-28,ADIB,v8b,HOLD,medium,62.9,21,2026-07-28,52.11,2026-08-29,53.7,3.05,14.79,-11.74,graded,,50.0,75.0,80.0,50.0
2026-07-28,SCEM,v8b,HOLD,medium,61.7,5,2026-07-28,84.1,2026-08-04,81.1,-3.57,3.78,-7.34,graded,,50.0,75.0,70.0,55.0
2026-07-28,SCEM,v8b,HOLD,medium,61.7,21,2026-07-28,84.1,2026-08-29,99.95,18.85,14.79,4.06,graded,,50.0,75.0,70.0,55.0
2026-07-28,CIRA,v8b,HOLD,medium,56.5,5,2026-07-28,36.25,2026-08-04,35.62,-1.74,3.78,-5.51,graded,,50.0,75.0,50.0,50.0
2026-07-28,CIRA,v8b,HOLD,medium,56.5,21,2026-07-28,36.25,2026-08-29,33.74,-6.92,14.79,-21.71,graded,,50.0,75.0,50.0,50.0
2026-07-28,AMER,v8b,REDUCE,medium,48.2,5,2026-07-28,4.71,2026-08-04,6.09,29.3,3.78,25.52,graded,False,50.0,62.0,40.4,35.0
2026-07-28,AMER,v8b,REDUCE,medium,48.2,21,2026-07-28,4.71,2026-08-29,6.52,38.43,14.79,23.64,graded,False,50.0,62.0,40.4,35.0
2026-07-28,MOIL,w1,WEEKLY_BUY,weekly,27.29,5,2026-07-28,0.68,2026-08-04,0.674,-0.88,3.78,-4.66,graded,False,,,,
2026-07-28,MOIL,w1,WEEKLY_BUY,weekly,27.29,21,2026-07-28,0.68,2026-08-29,0.69,1.47,14.79,-13.32,graded,False,,,,
2026-07-28,ADIB,w1,WEEKLY_BUY,weekly,20.76,5,2026-07-28,52.11,2026-08-04,52.08,-0.06,3.78,-3.83,graded,False,,,,
2026-07-28,ADIB,w1,WEEKLY_BUY,weekly,20.76,21,2026-07-28,52.11,2026-08-29,53.7,3.05,14.79,-11.74,graded,False,,,,
2026-07-28,SCEM,w1,WEEKLY_BUY,weekly,18.48,5,2026-07-28,84.1,2026-08-04,81.1,-3.57,3.78,-7.34,graded,False,,,,
2026-07-28,SCEM,w1,WEEKLY_BUY,weekly,18.48,21,2026-07-28,84.1,2026-08-29,99.95,18.85,14.79,4.06,graded,True,,,,
2026-07-28,CIRA,w1,WEEKLY_BUY,weekly,16.1,5,2026-07-28,36.25,2026-08-04,35.62,-1.74,3.78,-5.51,graded,False,,,,
2026-07-28,CIRA,w1,WEEKLY_BUY,weekly,16.1,21,2026-07-28,36.25,2026-08-29,33.74,-6.92,14.79,-21.71,graded,False,,,,
2026-07-28,AMER,w1,WEEKLY_BUY,weekly,15.58,5,2026-07-28,4.71,2026-08-04,6.09,29.3,3.78,25.52,graded,True,,,,
2026-07-28,AMER,w1,WEEKLY_BUY,weekly,15.58,21,2026-07-28,4.71,2026-08-29,6.52,38.43,14.79,23.64,graded,True,,,,
2026-07-29,BIOC,v8b,REDUCE,medium,43.6,5,2026-07-29,239.76,2026-08-05,397.72,65.88,5.52,60.36,graded,False,50.0,62.0,27.6,25.0
2026-07-29,BIOC,v8b,REDUCE,medium,43.6,21,2026-07-29,239.76,2026-08-30,340.72,42.11,15.36,26.75,graded,False,50.0,62.0,27.6,25.0
2026-07-29,MOIL,v8b,HOLD,medium,61.3,5,2026-07-29,0.681,2026-08-05,0.676,-0.73,5.52,-6.26,graded,,50.0,75.0,68.1,55.0
2026-07-29,MOIL,v8b,HOLD,medium,61.3,21,2026-07-29,0.681,2026-08-30,0.688,1.03,15.36,-14.33,graded,,50.0,75.0,68.1,55.0
2026-07-29,CIRA,v8b,HOLD,medium,56.4,5,2026-07-29,34.95,2026-08-05,36.3,3.86,5.52,-1.66,graded,,50.0,75.0,49.5,50.0
2026-07-29,CIRA,v8b,HOLD,medium,56.4,21,2026-07-29,34.95,2026-08-30,32.57,-6.81,15.36,-22.17,graded,,50.0,75.0,49.5,50.0
2026-07-29,ADIB,v8b,HOLD,medium,62.9,5,2026-07-29,52.85,2026-08-05,53.0,0.28,5.52,-5.24,graded,,50.0,75.0,80.0,50.0
2026-07-29,ADIB,v8b,HOLD,medium,62.9,21,2026-07-29,52.85,2026-08-30,54.69,3.48,15.36,-11.88,graded,,50.0,75.0,80.0,50.0
2026-07-29,SCEM,v8b,HOLD,medium,61.7,5,2026-07-29,80.1,2026-08-05,79.0,-1.37,5.52,-6.9,graded,,50.0,75.0,70.0,55.0
2026-07-29,SCEM,v8b,HOLD,medium,61.7,21,2026-07-29,80.1,2026-08-30,97.01,21.11,15.36,5.75,graded,,50.0,75.0,70.0,55.0
2026-07-29,BIOC,w1,WEEKLY_BUY,weekly,50.02,5,2026-07-29,239.76,2026-08-05,397.72,65.88,5.52,60.36,graded,True,,,,
2026-07-29,BIOC,w1,WEEKLY_BUY,weekly,50.02,21,2026-07-29,239.76,2026-08-30,340.72,42.11,15.36,26.75,graded,True,,,,
2026-07-29,MOIL,w1,WEEKLY_BUY,weekly,26.42,5,2026-07-29,0.681,2026-08-05,0.676,-0.73,5.52,-6.26,graded,False,,,,
2026-07-29,MOIL,w1,WEEKLY_BUY,weekly,26.42,21,2026-07-29,0.681,2026-08-30,0.688,1.03,15.36,-14.33,graded,False,,,,
2026-07-29,CIRA,w1,WEEKLY_BUY,weekly,22.69,5,2026-07-29,34.95,2026-08-05,36.3,3.86,5.52,-1.66,graded,False,,,,
2026-07-29,CIRA,w1,WEEKLY_BUY,weekly,22.69,21,2026-07-29,34.95,2026-08-30,32.57,-6.81,15.36,-22.17,graded,False,,,,
2026-07-29,ADIB,w1,WEEKLY_BUY,weekly,21.54,5,2026-07-29,52.85,2026-08-05,53.0,0.28,5.52,-5.24,graded,False,,,,
2026-07-29,ADIB,w1,WEEKLY_BUY,weekly,21.54,21,2026-07-29,52.85,2026-08-30,54.69,3.48,15.36,-11.88,graded,False,,,,
2026-07-29,SCEM,w1,WEEKLY_BUY,weekly,18.29,5,2026-07-29,80.1,2026-08-05,79.0,-1.37,5.52,-6.9,graded,False,,,,
2026-07-29,SCEM,w1,WEEKLY_BUY,weekly,18.29,21,2026-07-29,80.1,2026-08-30,97.01,21.11,15.36,5.75,graded,True,,,,
2026-07-30,BIOC,v8b,REDUCE,medium,39.3,5,2026-08-01,287.71,2026-08-08,397.72,38.24,2.69,35.55,graded,False,50.0,62.0,7.1,25.0
2026-07-30,BIOC,v8b,REDUCE,medium,39.3,21,2026-08-01,287.71,2026-08-31,320.04,11.24,13.21,-1.97,graded,True,50.0,62.0,7.1,25.0
2026-07-30,MOIL,v8b,HOLD,medium,60.7,5,2026-08-01,0.679,2026-08-08,0.676,-0.44,2.69,-3.13,graded,,50.0,75.0,65.2,55.0
2026-07-30,MOIL,v8b,HOLD,medium,60.7,21,2026-08-01,0.679,2026-08-31,0.688,1.33,13.21,-11.88,graded,,50.0,75.0,65.2,55.0
2026-07-30,CIRA,v8b,HOLD,medium,56.1,5,2026-08-01,36.86,2026-08-08,36.3,-1.52,2.69,-4.21,graded,,50.0,75.0,48.4,50.0
2026-07-30,CIRA,v8b,HOLD,medium,56.1,21,2026-08-01,36.86,2026-08-31,33.99,-7.79,13.21,-21.0,graded,,50.0,75.0,48.4,50.0
2026-07-30,EFIC,v8b,HOLD,medium,54.7,5,2026-08-01,196.83,2026-08-08,207.0,5.17,2.69,2.48,graded,,50.0,75.0,37.0,55.0
2026-07-30,EFIC,v8b,HOLD,medium,54.7,21,2026-08-01,196.83,2026-08-31,196.59,-0.12,13.21,-13.33,graded,,50.0,75.0,37.0,55.0
2026-07-30,ADIB,v8b,HOLD,medium,60.7,5,2026-08-01,53.2,2026-08-08,53.0,-0.38,2.69,-3.06,graded,,50.0,75.0,70.0,50.0
2026-07-30,ADIB,v8b,HOLD,medium,60.7,21,2026-08-01,53.2,2026-08-31,53.3,0.19,13.21,-13.02,graded,,50.0,75.0,70.0,50.0
2026-07-30,BIOC,w1,WEEKLY_BUY,weekly,95.59,5,2026-08-01,287.71,2026-08-08,397.72,38.24,2.69,35.55,graded,True,,,,
2026-07-30,BIOC,w1,WEEKLY_BUY,weekly,95.59,21,2026-08-01,287.71,2026-08-31,320.04,11.24,13.21,-1.97,graded,False,,,,
2026-07-30,MOIL,w1,WEEKLY_BUY,weekly,27.14,5,2026-08-01,0.679,2026-08-08,0.676,-0.44,2.69,-3.13,graded,False,,,,
2026-07-30,MOIL,w1,WEEKLY_BUY,weekly,27.14,21,2026-08-01,0.679,2026-08-31,0.688,1.33,13.21,-11.88,graded,False,,,,
2026-07-30,CIRA,w1,WEEKLY_BUY,weekly,26.03,5,2026-08-01,36.86,2026-08-08,36.3,-1.52,2.69,-4.21,graded,False,,,,
2026-07-30,CIRA,w1,WEEKLY_BUY,weekly,26.03,21,2026-08-01,36.86,2026-08-31,33.99,-7.79,13.21,-21.0,graded,False,,,,
2026-07-30,EFIC,w1,WEEKLY_BUY,weekly,14.71,5,2026-08-01,196.83,2026-08-08,207.0,5.17,2.69,2.48,graded,True,,,,
2026-07-30,EFIC,w1,WEEKLY_BUY,weekly,14.71,21,2026-08-01,196.83,2026-08-31,196.59,-0.12,13.21,-13.33,graded,False,,,,
2026-07-30,ADIB,w1,WEEKLY_BUY,weekly,14.27,5,2026-08-01,53.2,2026-08-08,53.0,-0.38,2.69,-3.06,graded,False,,,,
2026-07-30,ADIB,w1,WEEKLY_BUY,weekly,14.27,21,2026-08-01,53.2,2026-08-31,53.3,0.19,13.21,-13.02,graded,False,,,,
2026-08-02,BIOC,v8b,REDUCE,medium,37.8,5,2026-08-02,345.25,2026-08-09,520.0,50.62,2.57,48.05,graded,False,50.0,62.0,0,25.0
2026-08-02,BIOC,v8b,REDUCE,medium,37.8,21,2026-08-02,345.25,,,,,,pending,,50.0,62.0,0,25.0
2026-08-02,MOIL,v8b,HOLD,medium,60.6,5,2026-08-02,0.672,2026-08-09,0.676,0.6,2.57,-1.97,graded,,50.0,75.0,65.0,55.0
2026-08-02,MOIL,v8b,HOLD,medium,60.6,21,2026-08-02,0.672,,,,,,pending,,50.0,75.0,65.0,55.0
2026-08-02,CIRA,v8b,HOLD,medium,56.6,5,2026-08-02,36.5,2026-08-09,36.3,-0.55,2.57,-3.11,graded,,50.0,75.0,50.6,50.0
2026-08-02,CIRA,v8b,HOLD,medium,56.6,21,2026-08-02,36.5,,,,,,pending,,50.0,75.0,50.6,50.0
2026-08-02,ADIB,v8b,HOLD,medium,60.7,5,2026-08-02,52.35,2026-08-09,53.0,1.24,2.57,-1.32,graded,,50.0,75.0,70.0,50.0
2026-08-02,ADIB,v8b,HOLD,medium,60.7,21,2026-08-02,52.35,,,,,,pending,,50.0,75.0,70.0,50.0
2026-08-02,EFIC,v8b,HOLD,medium,56.8,5,2026-08-02,191.29,2026-08-09,207.0,8.21,2.57,5.65,graded,,50.0,75.0,47.0,55.0
2026-08-02,EFIC,v8b,HOLD,medium,56.8,21,2026-08-02,191.29,,,,,,pending,,50.0,75.0,47.0,55.0
2026-08-02,BIOC,w1,WEEKLY_BUY,weekly,115.41,5,2026-08-02,345.25,2026-08-09,520.0,50.62,2.57,48.05,graded,True,,,,
2026-08-02,BIOC,w1,WEEKLY_BUY,weekly,115.41,21,2026-08-02,345.25,,,,,,pending,,,,,
2026-08-02,MOIL,w1,WEEKLY_BUY,weekly,27.43,5,2026-08-02,0.672,2026-08-09,0.676,0.6,2.57,-1.97,graded,False,,,,
2026-08-02,MOIL,w1,WEEKLY_BUY,weekly,27.43,21,2026-08-02,0.672,,,,,,pending,,,,,
2026-08-02,CIRA,w1,WEEKLY_BUY,weekly,20.14,5,2026-08-02,36.5,2026-08-09,36.3,-0.55,2.57,-3.11,graded,False,,,,
2026-08-02,CIRA,w1,WEEKLY_BUY,weekly,20.14,21,2026-08-02,36.5,,,,,,pending,,,,,
2026-08-02,ADIB,w1,WEEKLY_BUY,weekly,16.09,5,2026-08-02,52.35,2026-08-09,53.0,1.24,2.57,-1.32,graded,False,,,,
2026-08-02,ADIB,w1,WEEKLY_BUY,weekly,16.09,21,2026-08-02,52.35,,,,,,pending,,,,,
2026-08-02,EFIC,w1,WEEKLY_BUY,weekly,13.84,5,2026-08-02,191.29,2026-08-09,207.0,8.21,2.57,5.65,graded,True,,,,
2026-08-02,EFIC,w1,WEEKLY_BUY,weekly,13.84,21,2026-08-02,191.29,,,,,,pending,,,,,
2026-08-03,BIOC,v8b,REDUCE,medium,37.8,5,2026-08-03,414.3,2026-08-10,520.0,25.51,6.28,19.23,graded,False,50.0,62.0,0,25.0
2026-08-03,BIOC,v8b,REDUCE,medium,37.8,21,2026-08-03,414.3,,,,,,pending,,50.0,62.0,0,25.0
2026-08-03,CIRA,v8b,HOLD,medium,56.4,5,2026-08-03,35.45,2026-08-10,38.98,9.96,6.28,3.67,graded,,50.0,75.0,49.6,50.0
2026-08-03,CIRA,v8b,HOLD,medium,56.4,21,2026-08-03,35.45,,,,,,pending,,50.0,75.0,49.6,50.0
2026-08-03,AMOC,v8b,HOLD,medium,57.4,5,2026-08-03,9.1,2026-08-10,9.4,3.3,6.28,-2.99,graded,,50.0,62.0,70.0,50.0
2026-08-03,AMOC,v8b,HOLD,medium,57.4,21,2026-08-03,9.1,,,,,,pending,,50.0,62.0,70.0,50.0
2026-08-03,OCDI,v8b,HOLD,medium,52.3,5,2026-08-03,29.0,2026-08-10,34.4,18.62,6.28,12.34,graded,,50.0,50.0,60.8,50.0
2026-08-03,OCDI,v8b,HOLD,medium,52.3,21,2026-08-03,29.0,,,,,,pending,,50.0,50.0,60.8,50.0
2026-08-03,ETEL,v8b,HOLD,medium,55.5,5,2026-08-03,108.12,2026-08-10,110.99,2.65,6.28,-3.63,graded,,50.0,62.0,70.0,40.0
2026-08-03,ETEL,v8b,HOLD,medium,55.5,21,2026-08-03,108.12,,,,,,pending,,50.0,62.0,70.0,40.0
2026-08-03,BIOC,w1,WEEKLY_BUY,weekly,169.13,5,2026-08-03,414.3,2026-08-10,520.0,25.51,6.28,19.23,graded,True,,,,
2026-08-03,BIOC,w1,WEEKLY_BUY,weekly,169.13,21,2026-08-03,414.3,,,,,,pending,,,,,
2026-08-03,CIRA,w1,WEEKLY_BUY,weekly,25.1,5,2026-08-03,35.45,2026-08-10,38.98,9.96,6.28,3.67,graded,True,,,,
2026-08-03,CIRA,w1,WEEKLY_BUY,weekly,25.1,21,2026-08-03,35.45,,,,,,pending,,,,,
2026-08-03,AMOC,w1,WEEKLY_BUY,weekly,22.75,5,2026-08-03,9.1,2026-08-10,9.4,3.3,6.28,-2.99,graded,False,,,,
2026-08-03,AMOC,w1,WEEKLY_BUY,weekly,22.75,21,2026-08-03,9.1,,,,,,pending,,,,,
2026-08-03,OCDI,w1,WEEKLY_BUY,weekly,16.25,5,2026-08-03,29.0,2026-08-10,34.4,18.62,6.28,12.34,graded,True,,,,
2026-08-03,OCDI,w1,WEEKLY_BUY,weekly,16.25,21,2026-08-03,29.0,,,,,,pending,,,,,
2026-08-03,ETEL,w1,WEEKLY_BUY,weekly,16.12,5,2026-08-03,108.12,2026-08-10,110.99,2.65,6.28,-3.63,graded,False,,,,
2026-08-03,ETEL,w1,WEEKLY_BUY,weekly,16.12,21,2026-08-03,108.12,,,,,,pending,,,,,
2026-08-04,BIOC,v8b,REDUCE,medium,37.8,5,2026-08-04,331.44,2026-08-11,514.0,55.08,5.24,49.84,graded,False,50.0,62.0,0,25.0
2026-08-04,BIOC,v8b,REDUCE,medium,37.8,21,2026-08-04,331.44,,,,,,pending,,50.0,62.0,0,25.0
2026-08-04,CIRA,v8b,HOLD,medium,56.1,5,2026-08-04,35.62,2026-08-11,38.5,8.09,5.24,2.84,graded,,50.0,75.0,48.4,50.0
2026-08-04,CIRA,v8b,HOLD,medium,56.1,21,2026-08-04,35.62,,,,,,pending,,50.0,75.0,48.4,50.0
2026-08-04,AMOC,v8b,HOLD,medium,57.4,5,2026-08-04,9.2,2026-08-11,9.55,3.8,5.24,-1.44,graded,,50.0,62.0,70.0,50.0
2026-08-04,AMOC,v8b,HOLD,medium,57.4,21,2026-08-04,9.2,,,,,,pending,,50.0,62.0,70.0,50.0
2026-08-04,OCDI,v8b,HOLD,medium,52.1,5,2026-08-04,30.5,2026-08-11,34.99,14.72,5.24,9.48,graded,,50.0,50.0,59.9,50.0
2026-08-04,OCDI,v8b,HOLD,medium,52.1,21,2026-08-04,30.5,,,,,,pending,,50.0,50.0,59.9,50.0
2026-08-04,ETEL,v8b,HOLD,medium,55.5,5,2026-08-04,111.0,2026-08-11,108.49,-2.26,5.24,-7.51,graded,,50.0,62.0,70.0,40.0
2026-08-04,ETEL,v8b,HOLD,medium,55.5,21,2026-08-04,111.0,,,,,,pending,,50.0,62.0,70.0,40.0
2026-08-04,BIOC,w1,WEEKLY_BUY,weekly,169.13,5,2026-08-04,331.44,2026-08-11,514.0,55.08,5.24,49.84,graded,True,,,,
2026-08-04,BIOC,w1,WEEKLY_BUY,weekly,169.13,21,2026-08-04,331.44,,,,,,pending,,,,,
2026-08-04,CIRA,w1,WEEKLY_BUY,weekly,25.1,5,2026-08-04,35.62,2026-08-11,38.5,8.09,5.24,2.84,graded,True,,,,
2026-08-04,CIRA,w1,WEEKLY_BUY,weekly,25.1,21,2026-08-04,35.62,,,,,,pending,,,,,
2026-08-04,AMOC,w1,WEEKLY_BUY,weekly,22.75,5,2026-08-04,9.2,2026-08-11,9.55,3.8,5.24,-1.44,graded,False,,,,
2026-08-04,AMOC,w1,WEEKLY_BUY,weekly,22.75,21,2026-08-04,9.2,,,,,,pending,,,,,
2026-08-04,OCDI,w1,WEEKLY_BUY,weekly,16.25,5,2026-08-04,30.5,2026-08-11,34.99,14.72,5.24,9.48,graded,True,,,,
2026-08-04,OCDI,w1,WEEKLY_BUY,weekly,16.25,21,2026-08-04,30.5,,,,,,pending,,,,,
2026-08-04,ETEL,w1,WEEKLY_BUY,weekly,16.12,5,2026-08-04,111.0,2026-08-11,108.49,-2.26,5.24,-7.51,graded,False,,,,
2026-08-04,ETEL,w1,WEEKLY_BUY,weekly,16.12,21,2026-08-04,111.0,,,,,,pending,,,,,
2026-08-05,BIOC,v8b,REDUCE,medium,37.8,5,2026-08-05,397.72,2026-08-12,521.01,31.0,4.82,26.18,graded,False,50.0,62.0,0,25.0
2026-08-05,BIOC,v8b,REDUCE,medium,37.8,21,2026-08-05,397.72,,,,,,pending,,50.0,62.0,0,25.0
2026-08-05,AMOC,v8b,HOLD,medium,56.7,5,2026-08-05,9.1,2026-08-12,10.3,13.19,4.82,8.37,graded,,50.0,62.0,67.0,50.0
2026-08-05,AMOC,v8b,HOLD,medium,56.7,21,2026-08-05,9.1,,,,,,pending,,50.0,62.0,67.0,50.0
2026-08-05,CLHO,v8b,HOLD,medium,58.0,5,2026-08-05,17.63,2026-08-12,17.14,-2.78,4.82,-7.6,graded,,40.0,75.0,68.9,55.0
2026-08-05,CLHO,v8b,HOLD,medium,58.0,21,2026-08-05,17.63,,,,,,pending,,40.0,75.0,68.9,55.0
2026-08-05,MICH,v8b,HOLD,medium,60.1,5,2026-08-05,49.03,2026-08-12,47.6,-2.92,4.82,-7.73,graded,,50.0,75.0,66.8,50.0
2026-08-05,MICH,v8b,HOLD,medium,60.1,21,2026-08-05,49.03,,,,,,pending,,50.0,75.0,66.8,50.0
2026-08-05,EGCH,v8b,HOLD,medium,60.1,5,2026-08-05,13.98,2026-08-12,14.42,3.15,4.82,-1.67,graded,,50.0,75.0,67.0,50.0
2026-08-05,EGCH,v8b,HOLD,medium,60.1,21,2026-08-05,13.98,,,,,,pending,,50.0,75.0,67.0,50.0
2026-08-05,BIOC,w1,WEEKLY_BUY,weekly,169.13,5,2026-08-05,397.72,2026-08-12,521.01,31.0,4.82,26.18,graded,True,,,,
2026-08-05,BIOC,w1,WEEKLY_BUY,weekly,169.13,21,2026-08-05,397.72,,,,,,pending,,,,,
2026-08-05,AMOC,w1,WEEKLY_BUY,weekly,19.96,5,2026-08-05,9.1,2026-08-12,10.3,13.19,4.82,8.37,graded,True,,,,
2026-08-05,AMOC,w1,WEEKLY_BUY,weekly,19.96,21,2026-08-05,9.1,,,,,,pending,,,,,
2026-08-05,CLHO,w1,WEEKLY_BUY,weekly,18.96,5,2026-08-05,17.63,2026-08-12,17.14,-2.78,4.82,-7.6,graded,False,,,,
2026-08-05,CLHO,w1,WEEKLY_BUY,weekly,18.96,21,2026-08-05,17.63,,,,,,pending,,,,,
2026-08-05,MICH,w1,WEEKLY_BUY,weekly,17.65,5,2026-08-05,49.03,2026-08-12,47.6,-2.92,4.82,-7.73,graded,False,,,,
2026-08-05,MICH,w1,WEEKLY_BUY,weekly,17.65,21,2026-08-05,49.03,,,,,,pending,,,,,
2026-08-05,EGCH,w1,WEEKLY_BUY,weekly,17.25,5,2026-08-05,13.98,2026-08-12,14.42,3.15,4.82,-1.67,graded,False,,,,
2026-08-05,EGCH,w1,WEEKLY_BUY,weekly,17.25,21,2026-08-05,13.98,,,,,,pending,,,,,
2026-08-06,BIOC,v8b,REDUCE,medium,37.8,5,2026-08-08,397.72,2026-08-15,521.01,31.0,4.99,26.01,graded,False,50.0,62.0,0,25.0
2026-08-06,BIOC,v8b,REDUCE,medium,37.8,21,2026-08-08,397.72,,,,,,pending,,50.0,62.0,0,25.0
2026-08-06,AMER,v8b,REDUCE,medium,41.2,5,2026-08-08,5.9,2026-08-15,6.5,10.17,4.99,5.18,graded,False,50.0,62.0,16.2,25.0
2026-08-06,AMER,v8b,REDUCE,medium,41.2,21,2026-08-08,5.9,,,,,,pending,,50.0,62.0,16.2,25.0
2026-08-06,MICH,v8b,HOLD,medium,59.2,5,2026-08-08,49.03,2026-08-15,47.6,-2.92,4.99,-7.91,graded,,50.0,75.0,62.7,50.0
2026-08-06,MICH,v8b,HOLD,medium,59.2,21,2026-08-08,49.03,,,,,,pending,,50.0,75.0,62.7,50.0
2026-08-06,EFID,v8b,REDUCE,medium,45.8,5,2026-08-08,31.89,2026-08-15,32.7,2.54,4.99,-2.45,graded,True,20.0,80.0,37.0,55.0
2026-08-06,EFID,v8b,REDUCE,medium,45.8,21,2026-08-08,31.89,,,,,,pending,,20.0,80.0,37.0,55.0
2026-08-06,ORWE,v8b,HOLD,medium,60.9,5,2026-08-08,26.0,2026-08-15,26.11,0.42,4.99,-4.57,graded,,75.0,50.0,57.0,55.0
2026-08-06,ORWE,v8b,HOLD,medium,60.9,21,2026-08-08,26.0,,,,,,pending,,75.0,50.0,57.0,55.0
2026-08-06,BIOC,w1,WEEKLY_BUY,weekly,95.06,5,2026-08-08,397.72,2026-08-15,521.01,31.0,4.99,26.01,graded,True,,,,
2026-08-06,BIOC,w1,WEEKLY_BUY,weekly,95.06,21,2026-08-08,397.72,,,,,,pending,,,,,
2026-08-06,AMER,w1,WEEKLY_BUY,weekly,39.49,5,2026-08-08,5.9,2026-08-15,6.5,10.17,4.99,5.18,graded,True,,,,
2026-08-06,AMER,w1,WEEKLY_BUY,weekly,39.49,21,2026-08-08,5.9,,,,,,pending,,,,,
2026-08-06,MICH,w1,WEEKLY_BUY,weekly,34.17,5,2026-08-08,49.03,2026-08-15,47.6,-2.92,4.99,-7.91,graded,False,,,,
2026-08-06,MICH,w1,WEEKLY_BUY,weekly,34.17,21,2026-08-08,49.03,,,,,,pending,,,,,
2026-08-06,EFID,w1,WEEKLY_BUY,weekly,23.64,5,2026-08-08,31.89,2026-08-15,32.7,2.54,4.99,-2.45,graded,False,,,,
2026-08-06,EFID,w1,WEEKLY_BUY,weekly,23.64,21,2026-08-08,31.89,,,,,,pending,,,,,
2026-08-06,ORWE,w1,WEEKLY_BUY,weekly,22.52,5,2026-08-08,26.0,2026-08-15,26.11,0.42,4.99,-4.57,graded,False,,,,
2026-08-06,ORWE,w1,WEEKLY_BUY,weekly,22.52,21,2026-08-08,26.0,,,,,,pending,,,,,
2026-08-09,BIOC,v8b,AVOID,medium,30.6,5,2026-08-09,520.0,2026-08-16,507.0,-2.5,6.25,-8.75,graded,True,50.0,62.0,0,25.0
2026-08-09,BIOC,v8b,AVOID,medium,30.6,21,2026-08-09,520.0,,,,,,pending,,50.0,62.0,0,25.0
2026-08-09,MICH,v8b,HOLD,medium,60.1,5,2026-08-09,49.03,2026-08-16,47.78,-2.55,6.25,-8.8,graded,,50.0,75.0,62.5,50.0
2026-08-09,MICH,v8b,HOLD,medium,60.1,21,2026-08-09,49.03,,,,,,pending,,50.0,75.0,62.5,50.0
2026-08-09,OFH,v8b,HOLD,medium,63.6,5,2026-08-09,0.835,2026-08-16,0.885,5.99,6.25,-0.26,graded,,50.0,75.0,70.0,55.0
2026-08-09,OFH,v8b,HOLD,medium,63.6,21,2026-08-09,0.835,,,,,,pending,,50.0,75.0,70.0,55.0
2026-08-09,MTIE,v8b,HOLD,medium,62.7,5,2026-08-09,9.1667,2026-08-16,9.4,2.55,6.25,-3.7,graded,,50.0,75.0,70.0,50.0
2026-08-09,MTIE,v8b,HOLD,medium,62.7,21,2026-08-09,9.1667,,,,,,pending,,50.0,75.0,70.0,50.0
2026-08-09,CSAG,v8b,HOLD,medium,62.5,5,2026-08-09,36.8,2026-08-16,41.62,13.1,6.25,6.85,graded,,50.0,75.0,67.0,55.0
2026-08-09,CSAG,v8b,HOLD,medium,62.5,21,2026-08-09,36.8,,,,,,pending,,50.0,75.0,67.0,55.0
2026-08-09,BIOC,w1,WEEKLY_BUY,weekly,75.06,5,2026-08-09,520.0,2026-08-16,507.0,-2.5,6.25,-8.75,graded,False,,,,
2026-08-09,BIOC,w1,WEEKLY_BUY,weekly,75.06,21,2026-08-09,520.0,,,,,,pending,,,,,
2026-08-09,MICH,w1,WEEKLY_BUY,weekly,33.17,5,2026-08-09,49.03,2026-08-16,47.78,-2.55,6.25,-8.8,graded,False,,,,
2026-08-09,MICH,w1,WEEKLY_BUY,weekly,33.17,21,2026-08-09,49.03,,,,,,pending,,,,,
2026-08-09,OFH,w1,WEEKLY_BUY,weekly,29.29,5,2026-08-09,0.835,2026-08-16,0.885,5.99,6.25,-0.26,graded,False,,,,
2026-08-09,OFH,w1,WEEKLY_BUY,weekly,29.29,21,2026-08-09,0.835,,,,,,pending,,,,,
2026-08-09,MTIE,w1,WEEKLY_BUY,weekly,28.22,5,2026-08-09,9.1667,2026-08-16,9.4,2.55,6.25,-3.7,graded,False,,,,
2026-08-09,MTIE,w1,WEEKLY_BUY,weekly,28.22,21,2026-08-09,9.1667,,,,,,pending,,,,,
2026-08-09,CSAG,w1,WEEKLY_BUY,weekly,27.93,5,2026-08-09,36.8,2026-08-16,41.62,13.1,6.25,6.85,graded,True,,,,
2026-08-09,CSAG,w1,WEEKLY_BUY,weekly,27.93,21,2026-08-09,36.8,,,,,,pending,,,,,
2026-08-10,BIOC,v8b,AVOID,medium,30.6,5,2026-08-10,520.0,2026-08-17,495.0,-4.81,2.08,-6.89,graded,True,50.0,62.0,0,25.0
2026-08-10,BIOC,v8b,AVOID,medium,30.6,21,2026-08-10,520.0,,,,,,pending,,50.0,62.0,0,25.0
2026-08-10,MICH,v8b,HOLD,medium,60.0,5,2026-08-10,46.49,2026-08-17,50.47,8.56,2.08,6.48,graded,,50.0,75.0,62.4,50.0
2026-08-10,MICH,v8b,HOLD,medium,60.0,21,2026-08-10,46.49,,,,,,pending,,50.0,75.0,62.4,50.0
2026-08-10,OFH,v8b,HOLD,medium,63.6,5,2026-08-10,0.901,2026-08-17,0.905,0.44,2.08,-1.63,graded,,50.0,75.0,70.0,55.0
2026-08-10,OFH,v8b,HOLD,medium,63.6,21,2026-08-10,0.901,,,,,,pending,,50.0,75.0,70.0,55.0
2026-08-10,MTIE,v8b,HOLD,medium,62.7,5,2026-08-10,9.3667,2026-08-17,8.95,-4.45,2.08,-6.53,graded,,50.0,75.0,70.0,50.0
2026-08-10,MTIE,v8b,HOLD,medium,62.7,21,2026-08-10,9.3667,,,,,,pending,,50.0,75.0,70.0,50.0
2026-08-10,CSAG,v8b,HOLD,medium,62.5,5,2026-08-10,40.15,2026-08-17,39.74,-1.02,2.08,-3.1,graded,,50.0,75.0,67.0,55.0
2026-08-10,CSAG,v8b,HOLD,medium,62.5,21,2026-08-10,40.15,,,,,,pending,,50.0,75.0,67.0,55.0
2026-08-10,BIOC,w1,WEEKLY_BUY,weekly,75.06,5,2026-08-10,520.0,2026-08-17,495.0,-4.81,2.08,-6.89,graded,False,,,,
2026-08-10,BIOC,w1,WEEKLY_BUY,weekly,75.06,21,2026-08-10,520.0,,,,,,pending,,,,,
2026-08-10,MICH,w1,WEEKLY_BUY,weekly,33.17,5,2026-08-10,46.49,2026-08-17,50.47,8.56,2.08,6.48,graded,True,,,,
2026-08-10,MICH,w1,WEEKLY_BUY,weekly,33.17,21,2026-08-10,46.49,,,,,,pending,,,,,
2026-08-10,OFH,w1,WEEKLY_BUY,weekly,29.29,5,2026-08-10,0.901,2026-08-17,0.905,0.44,2.08,-1.63,graded,False,,,,
2026-08-10,OFH,w1,WEEKLY_BUY,weekly,29.29,21,2026-08-10,0.901,,,,,,pending,,,,,
2026-08-10,MTIE,w1,WEEKLY_BUY,weekly,28.22,5,2026-08-10,9.3667,2026-08-17,8.95,-4.45,2.08,-6.53,graded,False,,,,
2026-08-10,MTIE,w1,WEEKLY_BUY,weekly,28.22,21,2026-08-10,9.3667,,,,,,pending,,,,,
2026-08-10,CSAG,w1,WEEKLY_BUY,weekly,27.93,5,2026-08-10,40.15,2026-08-17,39.74,-1.02,2.08,-3.1,graded,False,,,,
2026-08-10,CSAG,w1,WEEKLY_BUY,weekly,27.93,21,2026-08-10,40.15,,,,,,pending,,,,,
2026-08-13,ARCC,v8b,HOLD,medium,59.2,5,2026-08-15,74.2,2026-08-22,72.05,-2.9,1.72,-4.62,graded,,50.0,75.0,67.8,35.0
2026-08-13,ARCC,v8b,HOLD,medium,59.2,21,2026-08-15,74.2,,,,,,pending,,50.0,75.0,67.8,35.0
2026-08-13,AMER,v8b,AVOID,medium,30.6,5,2026-08-15,6.5,2026-08-22,5.95,-8.46,1.72,-10.18,graded,True,50.0,62.0,0,25.0
2026-08-13,AMER,v8b,AVOID,medium,30.6,21,2026-08-15,6.5,,,,,,pending,,50.0,62.0,0,25.0
2026-08-13,SCEM,v8b,HOLD,medium,59.1,5,2026-08-15,94.4,2026-08-22,96.13,1.83,1.72,0.11,graded,,50.0,75.0,67.4,35.0
2026-08-13,SCEM,v8b,HOLD,medium,59.1,21,2026-08-15,94.4,,,,,,pending,,50.0,75.0,67.4,35.0
2026-08-13,OFH,v8b,HOLD,medium,62.6,5,2026-08-15,0.892,2026-08-22,0.935,4.82,1.72,3.1,graded,,50.0,75.0,67.2,55.0
2026-08-13,OFH,v8b,HOLD,medium,62.6,21,2026-08-15,0.892,,,,,,pending,,50.0,75.0,67.2,55.0
2026-08-13,EGBE,v8b,ABSTAIN,none,63.6,5,2026-08-15,0.548,2026-08-22,0.545,-0.55,1.72,-2.27,graded,,50.0,75.0,70.0,55.0
2026-08-13,EGBE,v8b,ABSTAIN,none,63.6,21,2026-08-15,0.548,,,,,,pending,,50.0,75.0,70.0,55.0
2026-08-13,ARCC,w1,WEEKLY_BUY,weekly,38.02,5,2026-08-15,74.2,2026-08-22,72.05,-2.9,1.72,-4.62,graded,False,,,,
2026-08-13,ARCC,w1,WEEKLY_BUY,weekly,38.02,21,2026-08-15,74.2,,,,,,pending,,,,,
2026-08-13,AMER,w1,WEEKLY_BUY,weekly,32.45,5,2026-08-15,6.5,2026-08-22,5.95,-8.46,1.72,-10.18,graded,False,,,,
2026-08-13,AMER,w1,WEEKLY_BUY,weekly,32.45,21,2026-08-15,6.5,,,,,,pending,,,,,
2026-08-13,SCEM,w1,WEEKLY_BUY,weekly,27.32,5,2026-08-15,94.4,2026-08-22,96.13,1.83,1.72,0.11,graded,True,,,,
2026-08-13,SCEM,w1,WEEKLY_BUY,weekly,27.32,21,2026-08-15,94.4,,,,,,pending,,,,,
2026-08-13,OFH,w1,WEEKLY_BUY,weekly,27.31,5,2026-08-15,0.892,2026-08-22,0.935,4.82,1.72,3.1,graded,True,,,,
2026-08-13,OFH,w1,WEEKLY_BUY,weekly,27.31,21,2026-08-15,0.892,,,,,,pending,,,,,
2026-08-13,EGBE,w1,WEEKLY_BUY,weekly,25.36,5,2026-08-15,0.548,2026-08-22,0.545,-0.55,1.72,-2.27,graded,False,,,,
2026-08-13,EGBE,w1,WEEKLY_BUY,weekly,25.36,21,2026-08-15,0.548,,,,,,pending,,,,,
2026-08-16,ARCC,v8b,HOLD,medium,60.0,5,2026-08-16,74.63,2026-08-23,75.59,1.29,-0.04,1.32,graded,,50.0,75.0,70.0,35.0
2026-08-16,ARCC,v8b,HOLD,medium,60.0,21,2026-08-16,74.63,,,,,,pending,,50.0,75.0,70.0,35.0
2026-08-16,SCEM,v8b,ACCUMULATE,medium,65.2,5,2026-08-16,107.89,2026-08-23,96.5,-10.56,-0.04,-10.52,graded,False,50.0,75.0,84.9,35.0
2026-08-16,SCEM,v8b,ACCUMULATE,medium,65.2,21,2026-08-16,107.89,,,,,,pending,,50.0,75.0,84.9,35.0
2026-08-16,OCDI,v8b,HOLD,medium,52.5,5,2026-08-16,33.48,2026-08-23,32.98,-1.49,-0.04,-1.46,graded,,50.0,50.0,57.0,50.0
2026-08-16,OCDI,v8b,HOLD,medium,52.5,21,2026-08-16,33.48,,,,,,pending,,50.0,50.0,57.0,50.0
2026-08-16,CSAG,v8b,HOLD,medium,63.6,5,2026-08-16,41.62,2026-08-23,41.53,-0.22,-0.04,-0.18,graded,,50.0,75.0,70.0,55.0
2026-08-16,CSAG,v8b,HOLD,medium,63.6,21,2026-08-16,41.62,,,,,,pending,,50.0,75.0,70.0,55.0
2026-08-16,AMER,v8b,AVOID,medium,32.2,5,2026-08-16,6.75,2026-08-23,5.82,-13.78,-0.04,-13.74,graded,True,50.0,62.0,4.4,25.0
2026-08-16,AMER,v8b,AVOID,medium,32.2,21,2026-08-16,6.75,,,,,,pending,,50.0,62.0,4.4,25.0
2026-08-16,ARCC,w1,WEEKLY_BUY,weekly,37.45,5,2026-08-16,74.63,2026-08-23,75.59,1.29,-0.04,1.32,graded,True,,,,
2026-08-16,ARCC,w1,WEEKLY_BUY,weekly,37.45,21,2026-08-16,74.63,,,,,,pending,,,,,
2026-08-16,SCEM,w1,WEEKLY_BUY,weekly,28.65,5,2026-08-16,107.89,2026-08-23,96.5,-10.56,-0.04,-10.52,graded,False,,,,
2026-08-16,SCEM,w1,WEEKLY_BUY,weekly,28.65,21,2026-08-16,107.89,,,,,,pending,,,,,
2026-08-16,OCDI,w1,WEEKLY_BUY,weekly,28.61,5,2026-08-16,33.48,2026-08-23,32.98,-1.49,-0.04,-1.46,graded,False,,,,
2026-08-16,OCDI,w1,WEEKLY_BUY,weekly,28.61,21,2026-08-16,33.48,,,,,,pending,,,,,
2026-08-16,CSAG,w1,WEEKLY_BUY,weekly,23.42,5,2026-08-16,41.62,2026-08-23,41.53,-0.22,-0.04,-0.18,graded,False,,,,
2026-08-16,CSAG,w1,WEEKLY_BUY,weekly,23.42,21,2026-08-16,41.62,,,,,,pending,,,,,
2026-08-16,AMER,w1,WEEKLY_BUY,weekly,21.17,5,2026-08-16,6.75,2026-08-23,5.82,-13.78,-0.04,-13.74,graded,False,,,,
2026-08-16,AMER,w1,WEEKLY_BUY,weekly,21.17,21,2026-08-16,6.75,,,,,,pending,,,,,
2026-08-17,ARCC,v8b,HOLD,medium,60.0,5,2026-08-17,73.52,2026-08-24,77.0,4.73,-0.45,5.18,graded,,50.0,75.0,70.0,35.0
2026-08-17,ARCC,v8b,HOLD,medium,60.0,21,2026-08-17,73.52,,,,,,pending,,50.0,75.0,70.0,35.0
2026-08-17,SCEM,v8b,ACCUMULATE,medium,65.1,5,2026-08-17,100.0,2026-08-24,95.0,-5.0,-0.45,-4.55,graded,False,50.0,75.0,84.6,35.0
2026-08-17,SCEM,v8b,ACCUMULATE,medium,65.1,21,2026-08-17,100.0,,,,,,pending,,50.0,75.0,84.6,35.0
2026-08-17,OCDI,v8b,HOLD,medium,54.2,5,2026-08-17,33.48,2026-08-24,32.35,-3.38,-0.45,-2.93,graded,,50.0,50.0,61.8,50.0
2026-08-17,OCDI,v8b,HOLD,medium,54.2,21,2026-08-17,33.48,,,,,,pending,,50.0,50.0,61.8,50.0
2026-08-17,CSAG,v8b,HOLD,medium,63.6,5,2026-08-17,39.74,2026-08-24,40.23,1.23,-0.45,1.68,graded,,50.0,75.0,70.0,55.0
2026-08-17,CSAG,v8b,HOLD,medium,63.6,21,2026-08-17,39.74,,,,,,pending,,50.0,75.0,70.0,55.0
2026-08-17,AMER,v8b,AVOID,medium,31.9,5,2026-08-17,6.41,2026-08-24,5.75,-10.3,-0.45,-9.85,graded,True,50.0,62.0,3.8,25.0
2026-08-17,AMER,v8b,AVOID,medium,31.9,21,2026-08-17,6.41,,,,,,pending,,50.0,62.0,3.8,25.0
2026-08-17,ARCC,w1,WEEKLY_BUY,weekly,37.45,5,2026-08-17,73.52,2026-08-24,77.0,4.73,-0.45,5.18,graded,True,,,,
2026-08-17,ARCC,w1,WEEKLY_BUY,weekly,37.45,21,2026-08-17,73.52,,,,,,pending,,,,,
2026-08-17,SCEM,w1,WEEKLY_BUY,weekly,28.65,5,2026-08-17,100.0,2026-08-24,95.0,-5.0,-0.45,-4.55,graded,False,,,,
2026-08-17,SCEM,w1,WEEKLY_BUY,weekly,28.65,21,2026-08-17,100.0,,,,,,pending,,,,,
2026-08-17,OCDI,w1,WEEKLY_BUY,weekly,28.61,5,2026-08-17,33.48,2026-08-24,32.35,-3.38,-0.45,-2.93,graded,False,,,,
2026-08-17,OCDI,w1,WEEKLY_BUY,weekly,28.61,21,2026-08-17,33.48,,,,,,pending,,,,,
2026-08-17,CSAG,w1,WEEKLY_BUY,weekly,23.42,5,2026-08-17,39.74,2026-08-24,40.23,1.23,-0.45,1.68,graded,True,,,,
2026-08-17,CSAG,w1,WEEKLY_BUY,weekly,23.42,21,2026-08-17,39.74,,,,,,pending,,,,,
2026-08-17,AMER,w1,WEEKLY_BUY,weekly,21.17,5,2026-08-17,6.41,2026-08-24,5.75,-10.3,-0.45,-9.85,graded,False,,,,
2026-08-17,AMER,w1,WEEKLY_BUY,weekly,21.17,21,2026-08-17,6.41,,,,,,pending,,,,,
2026-08-19,SCEM,v8b,HOLD,medium,60.1,5,2026-08-19,100.0,2026-08-29,99.95,-0.05,4.38,-4.43,graded,,50.0,75.0,70.3,35.0
2026-08-19,SCEM,v8b,HOLD,medium,60.1,21,2026-08-19,100.0,,,,,,pending,,50.0,75.0,70.3,35.0
2026-08-19,AMOC,v8b,HOLD,medium,58.3,5,2026-08-19,11.35,2026-08-29,11.44,0.79,4.38,-3.59,graded,,50.0,62.0,65.8,50.0
2026-08-19,AMOC,v8b,HOLD,medium,58.3,21,2026-08-19,11.35,,,,,,pending,,50.0,62.0,65.8,50.0
2026-08-19,ARCC,v8b,HOLD,medium,60.0,5,2026-08-19,72.11,2026-08-29,76.37,5.91,4.38,1.53,graded,,50.0,75.0,70.0,35.0
2026-08-19,ARCC,v8b,HOLD,medium,60.0,21,2026-08-19,72.11,,,,,,pending,,50.0,75.0,70.0,35.0
2026-08-19,EFIC,v8b,HOLD,medium,59.0,5,2026-08-19,214.99,2026-08-29,200.21,-6.87,4.38,-11.25,graded,,50.0,75.0,57.0,55.0
2026-08-19,EFIC,v8b,HOLD,medium,59.0,21,2026-08-19,214.99,,,,,,pending,,50.0,75.0,57.0,55.0
2026-08-19,AMER,v8b,AVOID,medium,30.6,5,2026-08-19,5.74,2026-08-29,6.52,13.59,4.38,9.21,graded,False,50.0,62.0,0,25.0
2026-08-19,AMER,v8b,AVOID,medium,30.6,21,2026-08-19,5.74,,,,,,pending,,50.0,62.0,0,25.0
2026-08-19,SCEM,w1,WEEKLY_BUY,weekly,45.74,5,2026-08-19,100.0,2026-08-29,99.95,-0.05,4.38,-4.43,graded,False,,,,
2026-08-19,SCEM,w1,WEEKLY_BUY,weekly,45.74,21,2026-08-19,100.0,,,,,,pending,,,,,
2026-08-19,AMOC,w1,WEEKLY_BUY,weekly,35.57,5,2026-08-19,11.35,2026-08-29,11.44,0.79,4.38,-3.59,graded,False,,,,
2026-08-19,AMOC,w1,WEEKLY_BUY,weekly,35.57,21,2026-08-19,11.35,,,,,,pending,,,,,
2026-08-19,ARCC,w1,WEEKLY_BUY,weekly,34.07,5,2026-08-19,72.11,2026-08-29,76.37,5.91,4.38,1.53,graded,True,,,,
2026-08-19,ARCC,w1,WEEKLY_BUY,weekly,34.07,21,2026-08-19,72.11,,,,,,pending,,,,,
2026-08-19,EFIC,w1,WEEKLY_BUY,weekly,23.04,5,2026-08-19,214.99,2026-08-29,200.21,-6.87,4.38,-11.25,graded,False,,,,
2026-08-19,EFIC,w1,WEEKLY_BUY,weekly,23.04,21,2026-08-19,214.99,,,,,,pending,,,,,
2026-08-19,AMER,w1,WEEKLY_BUY,weekly,21.37,5,2026-08-19,5.74,2026-08-29,6.52,13.59,4.38,9.21,graded,True,,,,
2026-08-19,AMER,w1,WEEKLY_BUY,weekly,21.37,21,2026-08-19,5.74,,,,,,pending,,,,,
2026-08-20,AMOC,v8b,HOLD,medium,57.5,5,2026-08-22,11.13,2026-08-30,12.25,10.06,2.28,7.78,graded,,50.0,62.0,63.7,50.0
2026-08-20,AMOC,v8b,HOLD,medium,57.5,21,2026-08-22,11.13,,,,,,pending,,50.0,62.0,63.7,50.0
2026-08-20,SWDY,v8b,HOLD,medium,63.8,5,2026-08-22,120.89,2026-08-30,125.95,4.19,2.28,1.9,graded,,50.0,75.0,65.7,70.0
2026-08-20,SWDY,v8b,HOLD,medium,63.8,21,2026-08-22,120.89,,,,,,pending,,50.0,75.0,65.7,70.0
2026-08-20,HDBK,v8b,REDUCE,medium,46.5,5,2026-08-22,92.5,2026-08-30,105.18,13.71,2.28,11.43,graded,False,60.0,80.0,37.0,5.0
2026-08-20,HDBK,v8b,REDUCE,medium,46.5,21,2026-08-22,92.5,,,,,,pending,,60.0,80.0,37.0,5.0
2026-08-20,FAIT,v8b,HOLD,medium,64.5,5,2026-08-22,43.0,2026-08-30,43.0,0.0,2.28,-2.28,graded,,85.0,50.0,57.0,70.0
2026-08-20,FAIT,v8b,HOLD,medium,64.5,21,2026-08-22,43.0,,,,,,pending,,85.0,50.0,57.0,70.0
2026-08-20,SUGR,v8b,HOLD,medium,61.7,5,2026-08-22,52.23,2026-08-30,57.0,9.13,2.28,6.85,graded,,50.0,75.0,57.0,70.0
2026-08-20,SUGR,v8b,HOLD,medium,61.7,21,2026-08-22,52.23,,,,,,pending,,50.0,75.0,57.0,70.0
2026-08-20,AMOC,w1,WEEKLY_BUY,weekly,39.15,5,2026-08-22,11.13,2026-08-30,12.25,10.06,2.28,7.78,graded,True,,,,
2026-08-20,AMOC,w1,WEEKLY_BUY,weekly,39.15,21,2026-08-22,11.13,,,,,,pending,,,,,
2026-08-20,SWDY,w1,WEEKLY_BUY,weekly,26.61,5,2026-08-22,120.89,2026-08-30,125.95,4.19,2.28,1.9,graded,True,,,,
2026-08-20,SWDY,w1,WEEKLY_BUY,weekly,26.61,21,2026-08-22,120.89,,,,,,pending,,,,,
2026-08-20,HDBK,w1,WEEKLY_BUY,weekly,19.12,5,2026-08-22,92.5,2026-08-30,105.18,13.71,2.28,11.43,graded,True,,,,
2026-08-20,HDBK,w1,WEEKLY_BUY,weekly,19.12,21,2026-08-22,92.5,,,,,,pending,,,,,
2026-08-20,FAIT,w1,WEEKLY_BUY,weekly,18.41,5,2026-08-22,43.0,2026-08-30,43.0,0.0,2.28,-2.28,graded,False,,,,
2026-08-20,FAIT,w1,WEEKLY_BUY,weekly,18.41,21,2026-08-22,43.0,,,,,,pending,,,,,
2026-08-20,SUGR,w1,WEEKLY_BUY,weekly,16.28,5,2026-08-22,52.23,2026-08-30,57.0,9.13,2.28,6.85,graded,True,,,,
2026-08-20,SUGR,w1,WEEKLY_BUY,weekly,16.28,21,2026-08-22,52.23,,,,,,pending,,,,,
2026-08-23,LUTS,v8b,REDUCE,medium,37.3,5,2026-08-23,0.8422,2026-08-30,1.13,34.17,2.38,31.79,graded,False,50.0,75.0,15.7,15.0
2026-08-23,LUTS,v8b,REDUCE,medium,37.3,21,2026-08-23,0.8422,,,,,,pending,,50.0,75.0,15.7,15.0
2026-08-23,GTWL,v8b,AVOID,medium,30.6,5,2026-08-23,214.57,2026-08-31,224.76,4.75,3.33,1.42,graded,False,50.0,62.0,0,25.0
2026-08-23,GTWL,v8b,AVOID,medium,30.6,21,2026-08-23,214.57,,,,,,pending,,50.0,62.0,0,25.0
2026-08-23,CAED,v8b,REDUCE,medium,47.5,5,2026-08-23,153.08,2026-08-31,142.38,-6.99,3.33,-10.32,graded,True,50.0,80.0,36.4,25.0
2026-08-23,CAED,v8b,REDUCE,medium,47.5,21,2026-08-23,153.08,,,,,,pending,,50.0,80.0,36.4,25.0
2026-08-23,NAHO,v8b,HOLD,medium,55.5,5,2026-08-23,0.142,2026-08-31,0.141,-0.7,3.33,-4.03,graded,,50.0,75.0,47.0,55.0
2026-08-23,NAHO,v8b,HOLD,medium,55.5,21,2026-08-23,0.142,,,,,,pending,,50.0,75.0,47.0,55.0
2026-08-23,AMES,v8b,REDUCE,medium,37.7,5,2026-08-23,147.4,2026-08-30,130.73,-11.31,2.38,-13.69,graded,True,50.0,62.0,30.4,5.0
2026-08-23,AMES,v8b,REDUCE,medium,37.7,21,2026-08-23,147.4,,,,,,pending,,50.0,62.0,30.4,5.0
2026-08-23,AALR,v8b,HOLD,medium,54.6,5,2026-08-23,326.97,2026-08-31,303.6,-7.15,3.33,-10.47,graded,,50.0,50.0,75.8,25.0
2026-08-23,AALR,v8b,HOLD,medium,54.6,21,2026-08-23,326.97,,,,,,pending,,50.0,50.0,75.8,25.0
2026-08-23,ABUK,v8b,HOLD,medium,62.1,5,2026-08-23,76.7,2026-08-31,88.0,14.73,3.33,11.41,graded,,44.0,87.0,70.0,40.0
2026-08-23,ABUK,v8b,HOLD,medium,62.1,21,2026-08-23,76.7,,,,,,pending,,44.0,87.0,70.0,40.0
2026-08-23,ACAMD,v8b,ABSTAIN,none,65.7,5,2026-08-23,2.0,2026-08-31,2.04,2.0,3.33,-1.33,graded,,50.0,92.0,65.0,55.0
2026-08-23,ACAMD,v8b,ABSTAIN,none,65.7,21,2026-08-23,2.0,,,,,,pending,,50.0,92.0,65.0,55.0
2026-08-23,ACGC,v8b,HOLD,medium,57.7,5,2026-08-23,14.08,2026-08-31,14.13,0.36,3.33,-2.97,graded,,50.0,50.0,71.9,50.0
2026-08-23,ACGC,v8b,HOLD,medium,57.7,21,2026-08-23,14.08,,,,,,pending,,50.0,50.0,71.9,50.0
2026-08-23,ADCI,v8b,ABSTAIN,none,65.4,5,2026-08-23,295.13,2026-08-31,305.01,3.35,3.33,0.02,graded,,50.0,81.0,73.9,50.0
2026-08-23,ADCI,v8b,ABSTAIN,none,65.4,21,2026-08-23,295.13,,,,,,pending,,50.0,81.0,73.9,50.0
2026-08-23,ADIB,v8b,ABSTAIN,none,67.0,5,2026-08-23,54.06,2026-08-31,53.3,-1.41,3.33,-4.73,graded,,50.0,87.0,72.0,55.0
2026-08-23,ADIB,v8b,ABSTAIN,none,67.0,21,2026-08-23,54.06,,,,,,pending,,50.0,87.0,72.0,55.0
2026-08-23,ADPC,v8b,HOLD,medium,55.4,5,2026-08-23,3.96,2026-08-31,3.92,-1.01,3.33,-4.34,graded,,50.0,62.0,55.0,55.0
2026-08-23,ADPC,v8b,HOLD,medium,55.4,21,2026-08-23,3.96,,,,,,pending,,50.0,62.0,55.0,55.0
2026-08-23,AFDI,v8b,HOLD,medium,54.7,5,2026-08-23,63.05,2026-08-31,56.39,-10.56,3.33,-13.89,graded,,50.0,35.0,73.1,50.0
2026-08-23,AFDI,v8b,HOLD,medium,54.7,21,2026-08-23,63.05,,,,,,pending,,50.0,35.0,73.1,50.0
2026-08-23,AFMC,v8b,REDUCE,medium,36.0,5,2026-08-23,232.16,2026-08-31,185.0,-20.31,3.33,-23.64,graded,True,50.0,86.0,0,25.0
2026-08-23,AFMC,v8b,REDUCE,medium,36.0,21,2026-08-23,232.16,,,,,,pending,,50.0,86.0,0,25.0
2026-08-23,AIFI,v8b,ABSTAIN,none,66.1,5,2026-08-23,2.25,2026-08-31,2.48,10.22,3.33,6.89,graded,,50.0,75.0,77.0,55.0
2026-08-23,AIFI,v8b,ABSTAIN,none,66.1,21,2026-08-23,2.25,,,,,,pending,,50.0,75.0,77.0,55.0
2026-08-23,AJWA,v8b,HOLD,medium,59.2,5,2026-08-23,181.94,2026-08-31,180.08,-1.02,3.33,-4.35,graded,,50.0,50.0,76.1,50.0
2026-08-23,AJWA,v8b,HOLD,medium,59.2,21,2026-08-23,181.94,,,,,,pending,,50.0,50.0,76.1,50.0
2026-08-23,ALCN,v8b,ABSTAIN,none,74.5,5,2026-08-23,31.0,2026-08-31,30.89,-0.35,3.33,-3.68,graded,,50.0,92.0,90.0,55.0
2026-08-23,ALCN,v8b,ABSTAIN,none,74.5,21,2026-08-23,31.0,,,,,,pending,,50.0,92.0,90.0,55.0
2026-08-23,ALUM,v8b,HOLD,medium,62.4,5,2026-08-23,28.93,2026-08-31,28.65,-0.97,3.33,-4.3,graded,,50.0,35.0,95.0,50.0
2026-08-23,ALUM,v8b,HOLD,medium,62.4,21,2026-08-23,28.93,,,,,,pending,,50.0,35.0,95.0,50.0
2026-08-23,AMER,v8b,REDUCE,medium,40.8,5,2026-08-23,5.82,2026-08-31,5.58,-4.12,3.33,-7.45,graded,True,50.0,62.0,29.0,25.0
2026-08-23,AMER,v8b,REDUCE,medium,40.8,21,2026-08-23,5.82,,,,,,pending,,50.0,62.0,29.0,25.0
2026-08-23,AMIA,v8b,AVOID,medium,34.0,5,2026-08-23,20.34,2026-08-31,20.15,-0.93,3.33,-4.26,graded,True,50.0,69.0,0,35.0
2026-08-23,AMIA,v8b,AVOID,medium,34.0,21,2026-08-23,20.34,,,,,,pending,,50.0,69.0,0,35.0
2026-08-23,AMOC,v8b,HOLD,medium,64.4,5,2026-08-23,11.1,2026-08-31,13.25,19.37,3.33,16.04,graded,,54.0,67.0,77.4,50.0
2026-08-23,AMOC,v8b,HOLD,medium,64.4,21,2026-08-23,11.1,,,,,,pending,,54.0,67.0,77.4,50.0
2026-08-23,AMPI,v8b,HOLD,medium,62.5,5,2026-08-23,2.96,2026-08-31,2.89,-2.36,3.33,-5.69,graded,,50.0,75.0,67.0,55.0
2026-08-23,AMPI,v8b,HOLD,medium,62.5,21,2026-08-23,2.96,,,,,,pending,,50.0,75.0,67.0,55.0
2026-08-23,APSW,v8b,REDUCE,medium,46.8,5,2026-08-23,8.69,2026-08-31,8.7,0.12,3.33,-3.21,graded,True,50.0,55.0,35.0,55.0
2026-08-23,APSW,v8b,REDUCE,medium,46.8,21,2026-08-23,8.69,,,,,,pending,,50.0,55.0,35.0,55.0
2026-08-23,ARAB,v8b,HOLD,medium,56.9,5,2026-08-23,0.25,2026-08-31,0.261,4.4,3.33,1.07,graded,,50.0,62.0,67.0,40.0
2026-08-23,ARAB,v8b,HOLD,medium,56.9,21,2026-08-23,0.25,,,,,,pending,,50.0,62.0,67.0,40.0
2026-08-23,ARCC,v8b,ABSTAIN,none,69.3,5,2026-08-23,75.59,2026-08-31,80.85,6.96,3.33,3.63,graded,,58.0,92.0,80.0,35.0
2026-08-23,ARCC,v8b,ABSTAIN,none,69.3,21,2026-08-23,75.59,,,,,,pending,,58.0,92.0,80.0,35.0
2026-08-23,AREH,v8b,HOLD,medium,55.5,5,2026-08-23,1.48,2026-08-31,1.45,-2.03,3.33,-5.35,graded,,50.0,40.0,72.0,50.0
2026-08-23,AREH,v8b,HOLD,medium,55.5,21,2026-08-23,1.48,,,,,,pending,,50.0,40.0,72.0,50.0
2026-08-23,ARVA,v8b,HOLD,medium,54.4,5,2026-08-23,12.35,2026-08-30,12.35,0.0,2.38,-2.38,graded,,50.0,35.0,62.0,70.0
2026-08-23,ARVA,v8b,HOLD,medium,54.4,21,2026-08-23,12.35,,,,,,pending,,50.0,35.0,62.0,70.0
2026-08-23,ASCM,v8b,ABSTAIN,none,67.8,5,2026-08-23,63.11,2026-08-31,63.0,-0.17,3.33,-3.5,graded,,50.0,75.0,84.5,50.0
2026-08-23,ASCM,v8b,ABSTAIN,none,67.8,21,2026-08-23,63.11,,,,,,pending,,50.0,75.0,84.5,50.0
2026-08-23,ASPI,v8b,HOLD,medium,57.6,5,2026-08-23,0.508,2026-08-31,0.432,-14.96,3.33,-18.29,graded,,50.0,50.0,84.6,25.0
2026-08-23,ASPI,v8b,HOLD,medium,57.6,21,2026-08-23,0.508,,,,,,pending,,50.0,50.0,84.6,25.0
2026-08-23,ATLC,v8b,HOLD,medium,60.1,5,2026-08-23,5.53,2026-08-31,6.8,22.97,3.33,19.64,graded,,54.0,56.0,72.0,50.0
2026-08-23,ATLC,v8b,HOLD,medium,60.1,21,2026-08-23,5.53,,,,,,pending,,54.0,56.0,72.0,50.0
2026-08-23,ATQA,v8b,HOLD,medium,57.0,5,2026-08-23,11.07,2026-08-31,12.6,13.82,3.33,10.49,graded,,50.0,35.0,77.0,55.0
2026-08-23,ATQA,v8b,HOLD,medium,57.0,21,2026-08-23,11.07,,,,,,pending,,50.0,35.0,77.0,55.0
2026-08-23,AXPH,v8b,ABSTAIN,none,65.3,5,2026-08-23,1504.15,2026-08-31,1703.35,13.24,3.33,9.92,graded,,50.0,80.0,66.6,65.0
2026-08-23,AXPH,v8b,ABSTAIN,none,65.3,21,2026-08-23,1504.15,,,,,,pending,,50.0,80.0,66.6,65.0
2026-08-23,BIDI,v8b,HOLD,medium,59.3,5,2026-08-23,2.12,2026-08-30,2.12,0.0,2.38,-2.38,graded,,50.0,62.0,68.7,50.0
2026-08-23,BIDI,v8b,HOLD,medium,59.3,21,2026-08-23,2.12,,,,,,pending,,50.0,62.0,68.7,50.0
2026-08-23,BIGP,v8b,HOLD,medium,55.1,5,2026-08-23,0.247,2026-08-31,0.241,-2.43,3.33,-5.76,graded,,50.0,62.0,80.0,5.0
2026-08-23,BIGP,v8b,HOLD,medium,55.1,21,2026-08-23,0.247,,,,,,pending,,50.0,62.0,80.0,5.0
2026-08-23,BINV,v8b,ABSTAIN,none,67.9,5,2026-08-23,48.77,2026-08-31,50.28,3.1,3.33,-0.23,graded,,50.0,79.0,72.0,70.0
2026-08-23,BINV,v8b,ABSTAIN,none,67.9,21,2026-08-23,48.77,,,,,,pending,,50.0,79.0,72.0,70.0
2026-08-23,BIOC,v8b,AVOID,medium,30.6,5,2026-08-23,462.0,2026-08-31,320.04,-30.73,3.33,-34.05,graded,True,50.0,62.0,0,25.0
2026-08-23,BIOC,v8b,AVOID,medium,30.6,21,2026-08-23,462.0,,,,,,pending,,50.0,62.0,0,25.0
2026-08-23,BTFH,v8b,REDUCE,medium,45.5,5,2026-08-23,2.97,2026-08-31,3.0,1.01,3.33,-2.32,graded,True,50.0,50.0,27.0,70.0
2026-08-23,BTFH,v8b,REDUCE,medium,45.5,21,2026-08-23,2.97,,,,,,pending,,50.0,50.0,27.0,70.0
2026-08-23,CANA,v8b,REDUCE,medium,45.7,5,2026-08-23,41.35,2026-08-31,43.14,4.33,3.33,1.0,graded,False,50.0,87.0,37.0,5.0
2026-08-23,CANA,v8b,REDUCE,medium,45.7,21,2026-08-23,41.35,,,,,,pending,,50.0,87.0,37.0,5.0
2026-08-23,CCAP,v8b,ABSTAIN,none,66.7,5,2026-08-23,5.71,2026-08-31,5.93,3.85,3.33,0.53,graded,,50.0,62.0,89.7,50.0
2026-08-23,CCAP,v8b,ABSTAIN,none,66.7,21,2026-08-23,5.71,,,,,,pending,,50.0,62.0,89.7,50.0
2026-08-23,CCRS,v8b,HOLD,medium,59.8,5,2026-08-23,2.92,2026-08-31,2.73,-6.51,3.33,-9.83,graded,,50.0,55.0,72.1,55.0
2026-08-23,CCRS,v8b,HOLD,medium,59.8,21,2026-08-23,2.92,,,,,,pending,,50.0,55.0,72.1,55.0
2026-08-23,CEFM,v8b,HOLD,medium,62.9,5,2026-08-23,147.1,2026-08-31,144.25,-1.94,3.33,-5.26,graded,,54.0,80.0,72.4,35.0
2026-08-23,CEFM,v8b,HOLD,medium,62.9,21,2026-08-23,147.1,,,,,,pending,,54.0,80.0,72.4,35.0
2026-08-23,CERA,v8b,REDUCE,medium,46.6,5,2026-08-23,1.29,2026-08-31,1.25,-3.1,3.33,-6.43,graded,True,50.0,23.0,55.0,55.0
2026-08-23,CERA,v8b,REDUCE,medium,46.6,21,2026-08-23,1.29,,,,,,pending,,50.0,23.0,55.0,55.0
2026-08-23,CFGH,v8b,HOLD,medium,53.8,5,2026-08-23,0.116,2026-08-31,0.118,1.72,3.33,-1.6,graded,,50.0,63.0,50.0,55.0
2026-08-23,CFGH,v8b,HOLD,medium,53.8,21,2026-08-23,0.116,,,,,,pending,,50.0,63.0,50.0,55.0
2026-08-23,CICH,v8b,HOLD,medium,63.9,5,2026-08-23,12.47,2026-08-31,12.31,-1.28,3.33,-4.61,graded,,54.0,69.0,72.0,55.0
2026-08-23,CICH,v8b,HOLD,medium,63.9,21,2026-08-23,12.47,,,,,,pending,,54.0,69.0,72.0,55.0
2026-08-23,CIEB,v8b,ABSTAIN,none,69.4,5,2026-08-23,24.8,2026-08-31,25.12,1.29,3.33,-2.04,graded,,58.0,92.0,70.0,55.0
2026-08-23,CIEB,v8b,ABSTAIN,none,69.4,21,2026-08-23,24.8,,,,,,pending,,58.0,92.0,70.0,55.0
2026-08-23,CIRA,v8b,HOLD,medium,58.8,5,2026-08-23,35.83,2026-08-31,33.99,-5.14,3.33,-8.46,graded,,50.0,63.0,59.0,65.0
2026-08-23,CIRA,v8b,HOLD,medium,58.8,21,2026-08-23,35.83,,,,,,pending,,50.0,63.0,59.0,65.0
2026-08-23,CLHO,v8b,HOLD,low,56.5,5,2026-08-23,17.45,2026-08-31,18.1,3.72,3.33,0.4,graded,,30.0,62.0,72.0,55.0
2026-08-23,CLHO,v8b,HOLD,low,56.5,21,2026-08-23,17.45,,,,,,pending,,30.0,62.0,72.0,55.0
2026-08-23,CNFN,v8b,HOLD,medium,58.3,5,2026-08-23,4.85,2026-08-31,4.88,0.62,3.33,-2.71,graded,,50.0,75.0,55.0,55.0
2026-08-23,CNFN,v8b,HOLD,medium,58.3,21,2026-08-23,4.85,,,,,,pending,,50.0,75.0,55.0,55.0
2026-08-23,COMI,v8b,HOLD,medium,60.3,5,2026-08-23,139.48,2026-08-31,139.0,-0.34,3.33,-3.67,graded,,54.0,92.0,47.0,55.0
2026-08-23,COMI,v8b,HOLD,medium,60.3,21,2026-08-23,139.48,,,,,,pending,,54.0,92.0,47.0,55.0
2026-08-23,COPR,v8b,REDUCE,medium,48.0,5,2026-08-23,0.527,2026-08-31,0.506,-3.98,3.33,-7.31,graded,True,50.0,40.0,50.7,50.0
2026-08-23,COPR,v8b,REDUCE,medium,48.0,21,2026-08-23,0.527,,,,,,pending,,50.0,40.0,50.7,50.0
2026-08-23,COSG,v8b,ABSTAIN,none,67.8,5,2026-08-23,1.86,2026-08-31,1.88,1.08,3.33,-2.25,graded,,50.0,75.0,82.0,55.0
2026-08-23,COSG,v8b,ABSTAIN,none,67.8,21,2026-08-23,1.86,,,,,,pending,,50.0,75.0,82.0,55.0
2026-08-23,CPCI,v8b,ABSTAIN,none,66.1,5,2026-08-23,543.78,2026-08-31,548.97,0.95,3.33,-2.37,graded,,54.0,80.0,66.1,65.0
2026-08-23,CPCI,v8b,ABSTAIN,none,66.1,21,2026-08-23,543.78,,,,,,pending,,54.0,80.0,66.1,65.0
2026-08-23,CSAG,v8b,ABSTAIN,none,70.2,5,2026-08-23,41.53,2026-08-31,44.0,5.95,3.33,2.62,graded,,58.0,80.0,80.0,55.0
2026-08-23,CSAG,v8b,ABSTAIN,none,70.2,21,2026-08-23,41.53,,,,,,pending,,58.0,80.0,80.0,55.0
2026-08-23,DAPH,v8b,HOLD,medium,56.8,5,2026-08-23,113.4,2026-08-31,138.68,22.29,3.33,18.97,graded,,50.0,10.0,95.0,50.0
2026-08-23,DAPH,v8b,HOLD,medium,56.8,21,2026-08-23,113.4,,,,,,pending,,50.0,10.0,95.0,50.0
2026-08-23,DOMT,v8b,ABSTAIN,none,67.2,5,2026-08-23,28.09,2026-08-31,28.01,-0.28,3.33,-3.61,graded,,60.0,65.0,72.0,70.0
2026-08-23,DOMT,v8b,ABSTAIN,none,67.2,21,2026-08-23,28.09,,,,,,pending,,60.0,65.0,72.0,70.0
2026-08-23,DSCW,v8b,HOLD,medium,62.5,5,2026-08-23,1.91,2026-08-31,1.92,0.52,3.33,-2.8,graded,,50.0,75.0,67.0,55.0
2026-08-23,DSCW,v8b,HOLD,medium,62.5,21,2026-08-23,1.91,,,,,,pending,,50.0,75.0,67.0,55.0
2026-08-23,DTPP,v8b,REDUCE,medium,44.4,5,2026-08-23,295.73,2026-08-31,305.54,3.32,3.33,-0.01,graded,True,54.0,75.0,28.0,25.0
2026-08-23,DTPP,v8b,REDUCE,medium,44.4,21,2026-08-23,295.73,,,,,,pending,,54.0,75.0,28.0,25.0
2026-08-23,EALR,v8b,HOLD,medium,58.5,5,2026-08-23,405.95,2026-08-31,390.57,-3.79,3.33,-7.12,graded,,50.0,50.0,82.0,35.0
2026-08-23,EALR,v8b,HOLD,medium,58.5,21,2026-08-23,405.95,,,,,,pending,,50.0,50.0,82.0,35.0
2026-08-23,EASB,v8b,REDUCE,medium,45.6,5,2026-08-23,7.26,2026-08-31,7.34,1.1,3.33,-2.23,graded,True,50.0,55.0,47.1,25.0
2026-08-23,EASB,v8b,REDUCE,medium,45.6,21,2026-08-23,7.26,,,,,,pending,,50.0,55.0,47.1,25.0
2026-08-23,EAST,v8b,HOLD,low,51.0,5,2026-08-23,35.8,2026-08-31,36.17,1.03,3.33,-2.29,graded,,30.0,92.0,37.0,55.0
2026-08-23,EAST,v8b,HOLD,low,51.0,21,2026-08-23,35.8,,,,,,pending,,30.0,92.0,37.0,55.0
2026-08-23,EBSC,v8b,HOLD,medium,52.9,5,2026-08-23,1.9,2026-08-31,2.26,18.95,3.33,15.62,graded,,50.0,55.0,55.0,50.0
2026-08-23,EBSC,v8b,HOLD,medium,52.9,21,2026-08-23,1.9,,,,,,pending,,50.0,55.0,55.0,50.0
2026-08-23,ECAP,v8b,ABSTAIN,none,66.9,5,2026-08-23,36.1,2026-08-31,32.0,-11.36,3.33,-14.68,graded,,50.0,75.0,82.0,50.0
2026-08-23,ECAP,v8b,ABSTAIN,none,66.9,21,2026-08-23,36.1,,,,,,pending,,50.0,75.0,82.0,50.0
2026-08-23,EDFM,v8b,ABSTAIN,none,71.1,5,2026-08-23,404.31,2026-08-31,409.6,1.31,3.33,-2.02,graded,,54.0,80.0,70.0,85.0
2026-08-23,EDFM,v8b,ABSTAIN,none,71.1,21,2026-08-23,404.31,,,,,,pending,,54.0,80.0,70.0,85.0
2026-08-23,EEII,v8b,HOLD,medium,61.4,5,2026-08-23,2.95,2026-08-31,3.0,1.69,3.33,-1.63,graded,,50.0,35.0,92.0,50.0
2026-08-23,EEII,v8b,HOLD,medium,61.4,21,2026-08-23,2.95,,,,,,pending,,50.0,35.0,92.0,50.0
2026-08-23,EFIC,v8b,HOLD,medium,56.6,5,2026-08-23,208.97,2026-08-31,196.59,-5.92,3.33,-9.25,graded,,50.0,75.0,50.0,55.0
2026-08-23,EFIC,v8b,HOLD,medium,56.6,21,2026-08-23,208.97,,,,,,pending,,50.0,75.0,50.0,55.0
2026-08-23,EFID,v8b,HOLD,medium,60.2,5,2026-08-23,32.36,2026-08-31,30.01,-7.26,3.33,-10.59,graded,,30.0,86.0,67.0,55.0
2026-08-23,EFID,v8b,HOLD,medium,60.2,21,2026-08-23,32.36,,,,,,pending,,30.0,86.0,67.0,55.0
2026-08-23,EFIH,v8b,HOLD,medium,63.8,5,2026-08-23,24.0,2026-08-31,22.98,-4.25,3.33,-7.58,graded,,20.0,97.0,77.0,55.0
2026-08-23,EFIH,v8b,HOLD,medium,63.8,21,2026-08-23,24.0,,,,,,pending,,20.0,97.0,77.0,55.0
2026-08-23,EGAL,v8b,ABSTAIN,none,70.1,5,2026-08-23,343.0,2026-08-31,364.9,6.38,3.33,3.06,graded,,50.0,92.0,80.0,50.0
2026-08-23,EGAL,v8b,ABSTAIN,none,70.1,21,2026-08-23,343.0,,,,,,pending,,50.0,92.0,80.0,50.0
2026-08-23,EGAS,v8b,ABSTAIN,none,67.1,5,2026-08-23,57.65,2026-08-31,58.71,1.84,3.33,-1.49,graded,,50.0,55.0,85.0,70.0
2026-08-23,EGAS,v8b,ABSTAIN,none,67.1,21,2026-08-23,57.65,,,,,,pending,,50.0,55.0,85.0,70.0
2026-08-23,EGBE,v8b,ABSTAIN,none,73.3,5,2026-08-23,0.54,2026-08-31,0.533,-1.3,3.33,-4.62,graded,,50.0,87.0,90.0,55.0
2026-08-23,EGBE,v8b,ABSTAIN,none,73.3,21,2026-08-23,0.54,,,,,,pending,,50.0,87.0,90.0,55.0
2026-08-23,EGCH,v8b,HOLD,medium,64.9,5,2026-08-23,13.85,2026-08-31,14.2,2.53,3.33,-0.8,graded,,50.0,81.0,70.0,55.0
2026-08-23,EGCH,v8b,HOLD,medium,64.9,21,2026-08-23,13.85,,,,,,pending,,50.0,81.0,70.0,55.0
2026-08-23,EGREF,v8b,ABSTAIN,none,56.1,5,2026-08-23,24.06,2026-08-31,33.35,38.61,3.33,35.28,graded,,50.0,55.0,77.0,25.0
2026-08-23,EGREF,v8b,ABSTAIN,none,56.1,21,2026-08-23,24.06,,,,,,pending,,50.0,55.0,77.0,25.0
2026-08-23,EGSA,v8b,HOLD,medium,63.7,5,2026-08-23,8.69,2026-08-30,8.69,0.0,2.38,-2.38,graded,,54.0,52.0,67.0,85.0
2026-08-23,EGSA,v8b,HOLD,medium,63.7,21,2026-08-23,8.69,,,,,,pending,,54.0,52.0,67.0,85.0
2026-08-23,EGTS,v8b,REDUCE,medium,45.7,5,2026-08-23,17.2,2026-08-31,16.96,-1.4,3.33,-4.72,graded,True,50.0,55.0,52.7,15.0
2026-08-23,EGTS,v8b,REDUCE,medium,45.7,21,2026-08-23,17.2,,,,,,pending,,50.0,55.0,52.7,15.0
2026-08-23,EHDR,v8b,ABSTAIN,none,67.0,5,2026-08-23,2.92,2026-08-31,2.87,-1.71,3.33,-5.04,graded,,50.0,55.0,95.0,50.0
2026-08-23,EHDR,v8b,ABSTAIN,none,67.0,21,2026-08-23,2.92,,,,,,pending,,50.0,55.0,95.0,50.0
2026-08-23,EIPI,v8b,ABSTAIN,none,73.6,5,2026-08-23,133.82,2026-08-31,127.3,-4.87,3.33,-8.2,graded,,85.0,81.0,80.9,35.0
2026-08-23,EIPI,v8b,ABSTAIN,none,73.6,21,2026-08-23,133.82,,,,,,pending,,85.0,81.0,80.9,35.0
2026-08-23,ELEC,v8b,REDUCE,medium,48.4,5,2026-08-23,2.08,2026-08-31,2.15,3.37,3.33,0.04,graded,False,50.0,35.0,37.0,85.0
2026-08-23,ELEC,v8b,REDUCE,medium,48.4,21,2026-08-23,2.08,,,,,,pending,,50.0,35.0,37.0,85.0
2026-08-23,ELKA,v8b,HOLD,medium,50.1,5,2026-08-23,1.73,2026-08-31,1.95,12.72,3.33,9.39,graded,,50.0,35.0,60.0,50.0
2026-08-23,ELKA,v8b,HOLD,medium,50.1,21,2026-08-23,1.73,,,,,,pending,,50.0,35.0,60.0,50.0
2026-08-23,ELNA,v8b,HOLD,medium,50.3,5,2026-08-23,37.01,2026-08-31,37.0,-0.03,3.33,-3.35,graded,,50.0,55.0,45.0,55.0
2026-08-23,ELNA,v8b,HOLD,medium,50.3,21,2026-08-23,37.01,,,,,,pending,,50.0,55.0,45.0,55.0
2026-08-23,ELSH,v8b,REDUCE,medium,47.2,5,2026-08-23,13.16,2026-08-31,13.5,2.58,3.33,-0.74,graded,True,50.0,35.0,64.4,25.0
2026-08-23,ELSH,v8b,REDUCE,medium,47.2,21,2026-08-23,13.16,,,,,,pending,,50.0,35.0,64.4,25.0
2026-08-23,ELWA,v8b,HOLD,medium,61.6,5,2026-08-23,1.91,2026-08-31,1.84,-3.66,3.33,-6.99,graded,,50.0,35.0,90.0,55.0
2026-08-23,ELWA,v8b,HOLD,medium,61.6,21,2026-08-23,1.91,,,,,,pending,,50.0,35.0,90.0,55.0
2026-08-23,EMFD,v8b,HOLD,low,52.8,5,2026-08-23,12.17,2026-08-31,13.7,12.57,3.33,9.24,graded,,40.0,35.0,72.0,55.0
2026-08-23,EMFD,v8b,HOLD,low,52.8,21,2026-08-23,12.17,,,,,,pending,,40.0,35.0,72.0,55.0
2026-08-23,ENGC,v8b,HOLD,medium,63.2,5,2026-08-23,47.53,2026-08-31,42.64,-10.29,3.33,-13.62,graded,,50.0,50.0,85.0,55.0
2026-08-23,ENGC,v8b,HOLD,medium,63.2,21,2026-08-23,47.53,,,,,,pending,,50.0,50.0,85.0,55.0
2026-08-23,EOSB,v8b,ABSTAIN,none,69.0,5,2026-08-23,1.57,2026-08-31,1.57,0.0,3.33,-3.33,graded,,50.0,75.0,70.0,85.0
2026-08-23,EOSB,v8b,ABSTAIN,none,69.0,21,2026-08-23,1.57,,,,,,pending,,50.0,75.0,70.0,85.0
2026-08-23,EPCO,v8b,HOLD,medium,62.5,5,2026-08-23,11.0,2026-08-31,11.17,1.55,3.33,-1.78,graded,,50.0,67.0,72.0,55.0
2026-08-23,EPCO,v8b,HOLD,medium,62.5,21,2026-08-23,11.0,,,,,,pending,,50.0,67.0,72.0,55.0
2026-08-23,EPPK,v8b,ABSTAIN,none,65.2,5,2026-08-23,13.18,2026-08-31,11.41,-13.43,3.33,-16.76,graded,,50.0,75.0,77.0,50.0
2026-08-23,EPPK,v8b,ABSTAIN,none,65.2,21,2026-08-23,13.18,,,,,,pending,,50.0,75.0,77.0,50.0
2026-08-23,ETEL,v8b,ABSTAIN,none,70.5,5,2026-08-23,116.5,2026-08-31,114.98,-1.3,3.33,-4.63,graded,,50.0,87.0,82.0,55.0
2026-08-23,ETEL,v8b,ABSTAIN,none,70.5,21,2026-08-23,116.5,,,,,,pending,,50.0,87.0,82.0,55.0
2026-08-23,ETRS,v8b,ABSTAIN,none,75.3,5,2026-08-23,11.0,2026-08-31,11.4,3.64,3.33,0.31,graded,,50.0,80.0,95.0,65.0
2026-08-23,ETRS,v8b,ABSTAIN,none,75.3,21,2026-08-23,11.0,,,,,,pending,,50.0,80.0,95.0,65.0
2026-08-23,EXPA,v8b,ABSTAIN,none,72.4,5,2026-08-23,19.99,2026-08-31,20.81,4.1,3.33,0.77,graded,,50.0,87.0,72.0,85.0
2026-08-23,EXPA,v8b,ABSTAIN,none,72.4,21,2026-08-23,19.99,,,,,,pending,,50.0,87.0,72.0,85.0
2026-08-23,FAIT,v8b,ABSTAIN,none,70.1,5,2026-08-23,42.4,2026-08-31,43.11,1.67,3.33,-1.65,graded,,89.0,55.0,67.0,70.0
2026-08-23,FAIT,v8b,ABSTAIN,none,70.1,21,2026-08-23,42.4,,,,,,pending,,89.0,55.0,67.0,70.0
2026-08-23,FAITA,v8b,HOLD,medium,55.6,5,2026-08-23,0.999,2026-08-31,0.99,-0.9,3.33,-4.23,graded,,54.0,55.0,42.0,85.0
2026-08-23,FAITA,v8b,HOLD,medium,55.6,21,2026-08-23,0.999,,,,,,pending,,54.0,55.0,42.0,85.0
2026-08-23,FIRE,v8b,HOLD,medium,52.3,5,2026-08-23,5.37,2026-08-31,5.1,-5.03,3.33,-8.36,graded,,50.0,62.0,56.6,35.0
2026-08-23,FIRE,v8b,HOLD,medium,52.3,21,2026-08-23,5.37,,,,,,pending,,50.0,62.0,56.6,35.0
2026-08-23,FNAR,v8b,REDUCE,medium,48.2,5,2026-08-23,12.52,2026-08-31,14.89,18.93,3.33,15.6,graded,False,50.0,40.0,59.0,35.0
2026-08-23,FNAR,v8b,REDUCE,medium,48.2,21,2026-08-23,12.52,,,,,,pending,,50.0,40.0,59.0,35.0
2026-08-23,FTNS,v8b,REDUCE,medium,45.8,5,2026-08-23,1.43,2026-08-31,1.37,-4.2,3.33,-7.52,graded,True,50.0,35.0,45.0,55.0
2026-08-23,FTNS,v8b,REDUCE,medium,45.8,21,2026-08-23,1.43,,,,,,pending,,50.0,35.0,45.0,55.0
2026-08-23,FWRY,v8b,ABSTAIN,none,66.3,5,2026-08-23,19.05,2026-08-31,18.95,-0.52,3.33,-3.85,graded,,50.0,87.0,70.0,55.0
2026-08-23,FWRY,v8b,ABSTAIN,none,66.3,21,2026-08-23,19.05,,,,,,pending,,50.0,87.0,70.0,55.0
2026-08-23,GBCO,v8b,REDUCE,medium,49.8,5,2026-08-23,29.8,2026-08-31,28.7,-3.69,3.33,-7.02,graded,True,50.0,50.0,47.0,55.0
2026-08-23,GBCO,v8b,REDUCE,medium,49.8,21,2026-08-23,29.8,,,,,,pending,,50.0,50.0,47.0,55.0
2026-08-23,GDWA,v8b,REDUCE,medium,45.7,5,2026-08-23,0.782,2026-08-31,0.845,8.06,3.33,4.73,graded,False,50.0,35.0,37.0,70.0
2026-08-23,GDWA,v8b,REDUCE,medium,45.7,21,2026-08-23,0.782,,,,,,pending,,50.0,35.0,37.0,70.0
2026-08-23,GGCC,v8b,HOLD,medium,54.7,5,2026-08-23,0.919,2026-08-31,0.842,-8.38,3.33,-11.71,graded,,50.0,68.0,74.9,5.0
2026-08-23,GGCC,v8b,HOLD,medium,54.7,21,2026-08-23,0.919,,,,,,pending,,50.0,68.0,74.9,5.0
2026-08-23,GIHD,v8b,HOLD,medium,62.5,5,2026-08-23,63.47,2026-08-31,71.99,13.42,3.33,10.1,graded,,50.0,80.0,73.9,35.0
2026-08-23,GIHD,v8b,HOLD,medium,62.5,21,2026-08-23,63.47,,,,,,pending,,50.0,80.0,73.9,35.0
2026-08-23,GMCI,v8b,HOLD,medium,62.5,5,2026-08-23,1.91,2026-08-31,1.88,-1.57,3.33,-4.9,graded,,50.0,75.0,67.0,55.0
2026-08-23,GMCI,v8b,HOLD,medium,62.5,21,2026-08-23,1.91,,,,,,pending,,50.0,75.0,67.0,55.0
2026-08-23,GRCA,v8b,HOLD,medium,62.6,5,2026-08-23,79.01,2026-08-30,78.97,-0.05,2.38,-2.43,graded,,50.0,52.0,84.4,50.0
2026-08-23,GRCA,v8b,HOLD,medium,62.6,21,2026-08-23,79.01,,,,,,pending,,50.0,52.0,84.4,50.0
2026-08-23,GSSC,v8b,HOLD,medium,64.3,5,2026-08-23,289.94,2026-08-31,279.37,-3.65,3.33,-6.97,graded,,50.0,75.0,72.0,55.0
2026-08-23,GSSC,v8b,HOLD,medium,64.3,21,2026-08-23,289.94,,,,,,pending,,50.0,75.0,72.0,55.0
2026-08-23,HDBK,v8b,REDUCE,medium,37.6,5,2026-08-23,90.76,2026-08-31,115.8,27.59,3.33,24.26,graded,False,64.0,52.0,27.0,5.0
2026-08-23,HDBK,v8b,REDUCE,medium,37.6,21,2026-08-23,90.76,,,,,,pending,,64.0,52.0,27.0,5.0
2026-08-23,HELI,v8b,HOLD,low,52.0,5,2026-08-23,7.48,2026-08-31,7.76,3.74,3.33,0.42,graded,,24.0,50.0,73.4,50.0
2026-08-23,HELI,v8b,HOLD,low,52.0,21,2026-08-23,7.48,,,,,,pending,,24.0,50.0,73.4,50.0
2026-08-23,HRHO,v8b,HOLD,medium,55.3,5,2026-08-23,26.09,2026-08-31,25.96,-0.5,3.33,-3.83,graded,,85.0,56.0,27.0,70.0
2026-08-23,HRHO,v8b,HOLD,medium,55.3,21,2026-08-23,26.09,,,,,,pending,,85.0,56.0,27.0,70.0
2026-08-23,IBCT,v8b,HOLD,medium,61.6,5,2026-08-23,13.15,2026-08-31,12.95,-1.52,3.33,-4.85,graded,,50.0,75.0,67.0,50.0
2026-08-23,IBCT,v8b,HOLD,medium,61.6,21,2026-08-23,13.15,,,,,,pending,,50.0,75.0,67.0,50.0
2026-08-23,ICFC,v8b,HOLD,medium,62.5,5,2026-08-23,19.95,2026-08-31,24.15,21.05,3.33,17.73,graded,,50.0,75.0,67.0,55.0
2026-08-23,ICFC,v8b,HOLD,medium,62.5,21,2026-08-23,19.95,,,,,,pending,,50.0,75.0,67.0,55.0
2026-08-23,ICID,v8b,AVOID,medium,31.7,5,2026-08-23,17.0,2026-08-31,17.75,4.41,3.33,1.08,graded,False,50.0,55.0,0,40.0
2026-08-23,ICID,v8b,AVOID,medium,31.7,21,2026-08-23,17.0,,,,,,pending,,50.0,55.0,0,40.0
2026-08-23,IDRE,v8b,ABSTAIN,none,72.6,5,2026-08-23,53.49,2026-08-31,56.0,4.69,3.33,1.37,graded,,50.0,80.0,95.0,50.0
2026-08-23,IDRE,v8b,ABSTAIN,none,72.6,21,2026-08-23,53.49,,,,,,pending,,50.0,80.0,95.0,50.0
2026-08-23,IFAP,v8b,HOLD,medium,51.0,5,2026-08-23,20.52,2026-08-31,20.77,1.22,3.33,-2.11,graded,,50.0,35.0,60.0,55.0
2026-08-23,IFAP,v8b,HOLD,medium,51.0,21,2026-08-23,20.52,,,,,,pending,,50.0,35.0,60.0,55.0
2026-08-23,INEG,v8b,REDUCE,medium,41.3,5,2026-08-23,0.538,2026-08-31,0.523,-2.79,3.33,-6.12,graded,True,50.0,35.0,35.0,50.0
2026-08-23,INEG,v8b,REDUCE,medium,41.3,21,2026-08-23,0.538,,,,,,pending,,50.0,35.0,35.0,50.0
2026-08-23,INFI,v8b,HOLD,medium,60.9,5,2026-08-23,165.0,2026-08-31,151.12,-8.41,3.33,-11.74,graded,,50.0,86.0,65.6,35.0
2026-08-23,INFI,v8b,HOLD,medium,60.9,21,2026-08-23,165.0,,,,,,pending,,50.0,86.0,65.6,35.0
2026-08-23,IRON,v8b,REDUCE,medium,47.4,5,2026-08-23,30.61,2026-08-31,30.04,-1.86,3.33,-5.19,graded,True,50.0,47.0,42.0,55.0
2026-08-23,IRON,v8b,REDUCE,medium,47.4,21,2026-08-23,30.61,,,,,,pending,,50.0,47.0,42.0,55.0
2026-08-23,ISMA,v8b,HOLD,medium,53.6,5,2026-08-23,35.12,2026-08-31,32.66,-7.0,3.33,-10.33,graded,,50.0,80.0,41.0,50.0
2026-08-23,ISMA,v8b,HOLD,medium,53.6,21,2026-08-23,35.12,,,,,,pending,,50.0,80.0,41.0,50.0
2026-08-23,ISMQ,v8b,ABSTAIN,none,67.3,5,2026-08-23,9.15,2026-08-31,9.35,2.19,3.33,-1.14,graded,,54.0,80.0,67.0,70.0
2026-08-23,ISMQ,v8b,ABSTAIN,none,67.3,21,2026-08-23,9.15,,,,,,pending,,54.0,80.0,67.0,70.0
2026-08-23,ISPH,v8b,HOLD,medium,61.6,5,2026-08-23,13.07,2026-08-31,12.94,-0.99,3.33,-4.32,graded,,50.0,70.0,70.0,50.0
2026-08-23,ISPH,v8b,HOLD,medium,61.6,21,2026-08-23,13.07,,,,,,pending,,50.0,70.0,70.0,50.0
2026-08-23,JUFO,v8b,HOLD,medium,52.8,5,2026-08-23,27.0,2026-08-31,27.26,0.96,3.33,-2.36,graded,,50.0,75.0,47.0,40.0
2026-08-23,JUFO,v8b,HOLD,medium,52.8,21,2026-08-23,27.0,,,,,,pending,,50.0,75.0,47.0,40.0
2026-08-23,KABO,v8b,ABSTAIN,none,72.4,5,2026-08-23,9.0,2026-08-31,9.3,3.33,3.33,0.01,graded,,50.0,75.0,95.0,55.0
2026-08-23,KABO,v8b,ABSTAIN,none,72.4,21,2026-08-23,9.0,,,,,,pending,,50.0,75.0,95.0,55.0
2026-08-23,KWIN,v8b,HOLD,medium,55.4,5,2026-08-23,101.01,2026-08-31,109.55,8.45,3.33,5.13,graded,,50.0,50.0,78.1,25.0
2026-08-23,KWIN,v8b,HOLD,medium,55.4,21,2026-08-23,101.01,,,,,,pending,,50.0,50.0,78.1,25.0
2026-08-23,KZPC,v8b,HOLD,medium,50.0,5,2026-08-23,13.21,2026-08-31,13.07,-1.06,3.33,-4.39,graded,,54.0,50.0,60.0,25.0
2026-08-23,KZPC,v8b,HOLD,medium,50.0,21,2026-08-23,13.21,,,,,,pending,,54.0,50.0,60.0,25.0
2026-08-23,LCSW,v8b,HOLD,medium,56.9,5,2026-08-23,34.9,2026-08-31,36.0,3.15,3.33,-0.18,graded,,50.0,50.0,67.0,55.0
2026-08-23,LCSW,v8b,HOLD,medium,56.9,21,2026-08-23,34.9,,,,,,pending,,50.0,50.0,67.0,55.0
2026-08-23,MAAL,v8b,HOLD,medium,53.3,5,2026-08-23,8.76,2026-08-31,9.5,8.45,3.33,5.12,graded,,50.0,63.0,51.1,50.0
2026-08-23,MAAL,v8b,HOLD,medium,53.3,21,2026-08-23,8.76,,,,,,pending,,50.0,63.0,51.1,50.0
2026-08-23,MASR,v8b,ABSTAIN,none,69.8,5,2026-08-23,7.62,2026-08-31,7.73,1.44,3.33,-1.88,graded,,50.0,87.0,80.0,55.0
2026-08-23,MASR,v8b,ABSTAIN,none,69.8,21,2026-08-23,7.62,,,,,,pending,,50.0,87.0,80.0,55.0
2026-08-23,MBEG,v8b,HOLD,medium,57.4,5,2026-08-23,6.55,2026-08-31,6.69,2.14,3.33,-1.19,graded,,50.0,50.0,78.7,35.0
2026-08-23,MBEG,v8b,HOLD,medium,57.4,21,2026-08-23,6.55,,,,,,pending,,50.0,50.0,78.7,35.0
2026-08-23,MBSC,v8b,ABSTAIN,none,66.6,5,2026-08-23,387.22,2026-08-31,460.0,18.8,3.33,15.47,graded,,58.0,80.0,80.0,35.0
2026-08-23,MBSC,v8b,ABSTAIN,none,66.6,21,2026-08-23,387.22,,,,,,pending,,58.0,80.0,80.0,35.0
2026-08-23,MCQE,v8b,ABSTAIN,none,66.3,5,2026-08-23,233.0,2026-08-31,245.01,5.15,3.33,1.83,graded,,54.0,80.0,82.0,35.0
2026-08-23,MCQE,v8b,ABSTAIN,none,66.3,21,2026-08-23,233.0,,,,,,pending,,54.0,80.0,82.0,35.0
2026-08-23,MCRO,v8b,HOLD,medium,50.4,5,2026-08-23,1.52,2026-08-31,1.5,-1.32,3.33,-4.64,graded,,50.0,75.0,35.0,50.0
2026-08-23,MCRO,v8b,HOLD,medium,50.4,21,2026-08-23,1.52,,,,,,pending,,50.0,75.0,35.0,50.0
2026-08-23,MENA,v8b,ABSTAIN,none,68.7,5,2026-08-23,7.0,2026-08-31,6.85,-2.14,3.33,-5.47,graded,,50.0,80.0,76.2,65.0
2026-08-23,MENA,v8b,ABSTAIN,none,68.7,21,2026-08-23,7.0,,,,,,pending,,50.0,80.0,76.2,65.0
2026-08-23,MEPA,v8b,HOLD,medium,63.7,5,2026-08-23,1.83,2026-08-31,1.94,6.01,3.33,2.68,graded,,50.0,80.0,67.0,55.0
2026-08-23,MEPA,v8b,HOLD,medium,63.7,21,2026-08-23,1.83,,,,,,pending,,50.0,80.0,67.0,55.0
2026-08-23,MFPC,v8b,HOLD,medium,61.8,5,2026-08-23,40.1,2026-08-31,42.65,6.36,3.33,3.03,graded,,83.0,67.0,55.0,40.0
2026-08-23,MFPC,v8b,HOLD,medium,61.8,21,2026-08-23,40.1,,,,,,pending,,83.0,67.0,55.0,40.0
2026-08-23,MFSC,v8b,ABSTAIN,none,65.5,5,2026-08-23,49.66,2026-08-31,50.14,0.97,3.33,-2.36,graded,,54.0,80.0,85.0,25.0
2026-08-23,MFSC,v8b,ABSTAIN,none,65.5,21,2026-08-23,49.66,,,,,,pending,,54.0,80.0,85.0,25.0
2026-08-23,MHOT,v8b,REDUCE,medium,45.3,5,2026-08-23,17.98,2026-08-31,18.6,3.45,3.33,0.12,graded,False,54.0,92.0,30.0,5.0
2026-08-23,MHOT,v8b,REDUCE,medium,45.3,21,2026-08-23,17.98,,,,,,pending,,54.0,92.0,30.0,5.0
2026-08-23,MICH,v8b,ABSTAIN,none,69.4,5,2026-08-23,50.0,2026-08-31,50.13,0.26,3.33,-3.07,graded,,58.0,92.0,72.8,50.0
2026-08-23,MICH,v8b,ABSTAIN,none,69.4,21,2026-08-23,50.0,,,,,,pending,,58.0,92.0,72.8,50.0
2026-08-23,MILS,v8b,HOLD,medium,59.4,5,2026-08-23,225.11,2026-08-31,205.02,-8.92,3.33,-12.25,graded,,50.0,80.0,70.3,25.0
2026-08-23,MILS,v8b,HOLD,medium,59.4,21,2026-08-23,225.11,,,,,,pending,,50.0,80.0,70.3,25.0
2026-08-23,MIPH,v8b,HOLD,medium,56.6,5,2026-08-23,775.21,2026-08-31,798.21,2.97,3.33,-0.36,graded,,50.0,35.0,78.5,50.0
2026-08-23,MIPH,v8b,HOLD,medium,56.6,21,2026-08-23,775.21,,,,,,pending,,50.0,35.0,78.5,50.0
2026-08-23,MISR,v8b,HOLD,medium,55.4,5,2026-08-23,5.51,2026-08-30,5.51,0.0,2.38,-2.38,graded,,50.0,62.0,50.0,65.0
2026-08-23,MISR,v8b,HOLD,medium,55.4,21,2026-08-23,5.51,,,,,,pending,,50.0,62.0,50.0,65.0
2026-08-23,MOED,v8b,REDUCE,medium,42.1,5,2026-08-23,0.796,2026-08-31,0.865,8.67,3.33,5.34,graded,False,50.0,55.0,27.0,45.0
2026-08-23,MOED,v8b,REDUCE,medium,42.1,21,2026-08-23,0.796,,,,,,pending,,50.0,55.0,27.0,45.0
2026-08-23,MOIL,v8b,ABSTAIN,none,68.0,5,2026-08-23,0.677,2026-08-31,0.688,1.62,3.33,-1.7,graded,,50.0,75.0,82.5,55.0
2026-08-23,MOIL,v8b,ABSTAIN,none,68.0,21,2026-08-23,0.677,,,,,,pending,,50.0,75.0,82.5,55.0
2026-08-23,MOIN,v8b,ABSTAIN,none,68.4,5,2026-08-23,34.29,2026-08-31,33.18,-3.24,3.33,-6.56,graded,,50.0,86.0,79.1,50.0
2026-08-23,MOIN,v8b,ABSTAIN,none,68.4,21,2026-08-23,34.29,,,,,,pending,,50.0,86.0,79.1,50.0
2026-08-23,MOSC,v8b,HOLD,medium,55.2,5,2026-08-23,333.72,2026-08-31,315.29,-5.52,3.33,-8.85,graded,,50.0,80.0,58.4,25.0
2026-08-23,MOSC,v8b,HOLD,medium,55.2,21,2026-08-23,333.72,,,,,,pending,,50.0,80.0,58.4,25.0
2026-08-23,MPCI,v8b,HOLD,medium,59.9,5,2026-08-23,404.0,2026-08-31,444.0,9.9,3.33,6.57,graded,,54.0,92.0,48.5,50.0
2026-08-23,MPCI,v8b,HOLD,medium,59.9,21,2026-08-23,404.0,,,,,,pending,,54.0,92.0,48.5,50.0
2026-08-23,MPCO,v8b,ABSTAIN,none,69.7,5,2026-08-23,2.26,2026-08-31,2.09,-7.52,3.33,-10.85,graded,,50.0,75.0,90.0,50.0
2026-08-23,MPCO,v8b,ABSTAIN,none,69.7,21,2026-08-23,2.26,,,,,,pending,,50.0,75.0,90.0,50.0
2026-08-23,MPRC,v8b,ABSTAIN,none,68.8,5,2026-08-23,42.95,2026-08-31,42.35,-1.4,3.33,-4.72,graded,,50.0,92.0,76.5,50.0
2026-08-23,MPRC,v8b,ABSTAIN,none,68.8,21,2026-08-23,42.95,,,,,,pending,,50.0,92.0,76.5,50.0
2026-08-23,MTIE,v8b,HOLD,medium,58.5,5,2026-08-23,8.73,2026-08-31,8.86,1.49,3.33,-1.84,graded,,50.0,80.0,55.0,50.0
2026-08-23,MTIE,v8b,HOLD,medium,58.5,21,2026-08-23,8.73,,,,,,pending,,50.0,80.0,55.0,50.0
2026-08-23,NCCW,v8b,REDUCE,medium,49.2,5,2026-08-23,6.0,2026-08-31,6.15,2.5,3.33,-0.83,graded,True,50.0,40.0,67.0,25.0
2026-08-23,NCCW,v8b,REDUCE,medium,49.2,21,2026-08-23,6.0,,,,,,pending,,50.0,40.0,67.0,25.0
2026-08-23,NEDA,v8b,HOLD,medium,59.9,5,2026-08-23,2.77,2026-08-31,2.73,-1.44,3.33,-4.77,graded,,50.0,40.0,82.0,55.0
2026-08-23,NEDA,v8b,HOLD,medium,59.9,21,2026-08-23,2.77,,,,,,pending,,50.0,40.0,82.0,55.0
2026-08-23,NHPS,v8b,HOLD,medium,64.4,5,2026-08-23,91.02,2026-08-31,88.89,-2.34,3.33,-5.67,graded,,54.0,55.0,85.0,50.0
2026-08-23,NHPS,v8b,HOLD,medium,64.4,21,2026-08-23,91.02,,,,,,pending,,54.0,55.0,85.0,50.0
2026-08-23,NINH,v8b,HOLD,medium,62.9,5,2026-08-23,22.21,2026-08-31,23.42,5.45,3.33,2.12,graded,,50.0,92.0,77.7,15.0
2026-08-23,NINH,v8b,HOLD,medium,62.9,21,2026-08-23,22.21,,,,,,pending,,50.0,92.0,77.7,15.0
2026-08-23,NIPH,v8b,REDUCE,medium,43.1,5,2026-08-23,385.0,2026-08-31,340.11,-11.66,3.33,-14.99,graded,True,50.0,81.0,23.4,25.0
2026-08-23,NIPH,v8b,REDUCE,medium,43.1,21,2026-08-23,385.0,,,,,,pending,,50.0,81.0,23.4,25.0
2026-08-23,OBRI,v8b,HOLD,medium,59.2,5,2026-08-23,32.08,2026-08-31,34.6,7.86,3.33,4.53,graded,,50.0,80.0,57.0,50.0
2026-08-23,OBRI,v8b,HOLD,medium,59.2,21,2026-08-23,32.08,,,,,,pending,,50.0,80.0,57.0,50.0
2026-08-23,OCDI,v8b,HOLD,medium,64.1,5,2026-08-23,32.98,2026-08-31,31.01,-5.97,3.33,-9.3,graded,,50.0,62.0,82.4,50.0
2026-08-23,OCDI,v8b,HOLD,medium,64.1,21,2026-08-23,32.98,,,,,,pending,,50.0,62.0,82.4,50.0
2026-08-23,OCPH,v8b,HOLD,medium,59.8,5,2026-08-23,261.0,2026-08-31,251.7,-3.56,3.33,-6.89,graded,,50.0,75.0,85.0,5.0
2026-08-23,OCPH,v8b,HOLD,medium,59.8,21,2026-08-23,261.0,,,,,,pending,,50.0,75.0,85.0,5.0
2026-08-23,ODIN,v8b,ABSTAIN,none,66.6,5,2026-08-23,3.12,2026-08-31,2.97,-4.81,3.33,-8.13,graded,,50.0,80.0,85.6,35.0
2026-08-23,ODIN,v8b,ABSTAIN,none,66.6,21,2026-08-23,3.12,,,,,,pending,,50.0,80.0,85.6,35.0
2026-08-23,OFH,v8b,ABSTAIN,none,66.0,5,2026-08-23,0.948,2026-08-31,1.03,8.65,3.33,5.32,graded,,50.0,80.0,73.5,55.0
2026-08-23,OFH,v8b,ABSTAIN,none,66.0,21,2026-08-23,0.948,,,,,,pending,,50.0,80.0,73.5,55.0
2026-08-23,OIH,v8b,ABSTAIN,none,66.7,5,2026-08-23,1.91,2026-08-31,2.05,7.33,3.33,4.0,graded,,50.0,75.0,78.7,55.0
2026-08-23,OIH,v8b,ABSTAIN,none,66.7,21,2026-08-23,1.91,,,,,,pending,,50.0,75.0,78.7,55.0
2026-08-23,OLFI,v8b,HOLD,medium,61.0,5,2026-08-23,23.49,2026-08-31,22.25,-5.28,3.33,-8.61,graded,,54.0,75.0,60.0,55.0
2026-08-23,OLFI,v8b,HOLD,medium,61.0,21,2026-08-23,23.49,,,,,,pending,,54.0,75.0,60.0,55.0
2026-08-23,ORAS,v8b,HOLD,medium,58.4,5,2026-08-23,71.05,2026-08-30,71.05,0.0,2.38,-2.38,graded,,50.0,75.0,50.0,65.0
2026-08-23,ORAS,v8b,HOLD,medium,58.4,21,2026-08-23,71.05,,,,,,pending,,50.0,75.0,50.0,65.0
2026-08-23,ORHD,v8b,ABSTAIN,none,78.3,5,2026-08-23,42.15,2026-08-31,41.5,-1.54,3.33,-4.87,graded,,75.0,92.0,83.8,55.0
2026-08-23,ORHD,v8b,ABSTAIN,none,78.3,21,2026-08-23,42.15,,,,,,pending,,75.0,92.0,83.8,55.0
2026-08-23,ORWE,v8b,ABSTAIN,none,77.9,5,2026-08-23,26.5,2026-08-31,26.9,1.51,3.33,-1.82,graded,,89.0,62.0,77.0,85.0
2026-08-23,ORWE,v8b,ABSTAIN,none,77.9,21,2026-08-23,26.5,,,,,,pending,,89.0,62.0,77.0,85.0
2026-08-23,PHAR,v8b,ABSTAIN,none,65.2,5,2026-08-23,133.82,2026-08-31,127.3,-4.87,3.33,-8.2,graded,,50.0,81.0,80.9,35.0
2026-08-23,PHAR,v8b,ABSTAIN,none,65.2,21,2026-08-23,133.82,,,,,,pending,,50.0,81.0,80.9,35.0
2026-08-23,PHDC,v8b,ABSTAIN,none,80.9,5,2026-08-23,14.75,2026-08-31,14.71,-0.27,3.33,-3.6,graded,,85.0,86.0,90.8,50.0
2026-08-23,PHDC,v8b,ABSTAIN,none,80.9,21,2026-08-23,14.75,,,,,,pending,,85.0,86.0,90.8,50.0
2026-08-23,PHTV,v8b,HOLD,medium,61.3,5,2026-08-23,357.48,2026-08-31,347.98,-2.66,3.33,-5.98,graded,,50.0,75.0,66.0,50.0
2026-08-23,PHTV,v8b,HOLD,medium,61.3,21,2026-08-23,357.48,,,,,,pending,,50.0,75.0,66.0,50.0
2026-08-23,POUL,v8b,ABSTAIN,none,65.3,5,2026-08-23,37.56,2026-08-31,39.95,6.36,3.33,3.04,graded,,50.0,75.0,67.0,70.0
2026-08-23,POUL,v8b,ABSTAIN,none,65.3,21,2026-08-23,37.56,,,,,,pending,,50.0,75.0,67.0,70.0
2026-08-23,PRCL,v8b,HOLD,medium,55.0,5,2026-08-23,34.1,2026-08-31,32.2,-5.57,3.33,-8.9,graded,,50.0,75.0,61.1,25.0
2026-08-23,PRCL,v8b,HOLD,medium,55.0,21,2026-08-23,34.1,,,,,,pending,,50.0,75.0,61.1,25.0
2026-08-23,PRDC,v8b,REDUCE,medium,47.4,5,2026-08-23,9.5,2026-08-31,9.78,2.95,3.33,-0.38,graded,True,50.0,50.0,50.4,35.0
2026-08-23,PRDC,v8b,REDUCE,medium,47.4,21,2026-08-23,9.5,,,,,,pending,,50.0,50.0,50.4,35.0
2026-08-23,PRMH,v8b,HOLD,medium,57.1,5,2026-08-23,2.28,2026-08-31,2.68,17.54,3.33,14.22,graded,,50.0,67.0,67.0,35.0
2026-08-23,PRMH,v8b,HOLD,medium,57.1,21,2026-08-23,2.28,,,,,,pending,,50.0,67.0,67.0,35.0
2026-08-23,RACC,v8b,HOLD,medium,62.5,5,2026-08-23,9.89,2026-08-31,9.62,-2.73,3.33,-6.06,graded,,50.0,75.0,67.0,55.0
2026-08-23,RACC,v8b,HOLD,medium,62.5,21,2026-08-23,9.89,,,,,,pending,,50.0,75.0,67.0,55.0
2026-08-23,RAKT,v8b,ABSTAIN,none,45.6,5,2026-08-23,22.25,2026-08-31,22.2,-0.22,3.33,-3.55,graded,,50.0,50.0,35.0,55.0
2026-08-23,RAKT,v8b,ABSTAIN,none,45.6,21,2026-08-23,22.25,,,,,,pending,,50.0,50.0,35.0,55.0
2026-08-23,RAYA,v8b,ABSTAIN,none,66.2,5,2026-08-23,7.03,2026-08-31,7.24,2.99,3.33,-0.34,graded,,50.0,75.0,80.0,50.0
2026-08-23,RAYA,v8b,ABSTAIN,none,66.2,21,2026-08-23,7.03,,,,,,pending,,50.0,75.0,80.0,50.0
2026-08-23,RKAZ,v8b,HOLD,medium,59.1,5,2026-08-23,4.34,2026-08-31,4.51,3.92,3.33,0.59,graded,,50.0,67.0,77.7,25.0
2026-08-23,RKAZ,v8b,HOLD,medium,59.1,21,2026-08-23,4.34,,,,,,pending,,50.0,67.0,77.7,25.0
2026-08-23,RMDA,v8b,ABSTAIN,none,66.8,5,2026-08-23,6.07,2026-08-31,5.99,-1.32,3.33,-4.65,graded,,50.0,62.0,90.0,50.0
2026-08-23,RMDA,v8b,ABSTAIN,none,66.8,21,2026-08-23,6.07,,,,,,pending,,50.0,62.0,90.0,50.0
2026-08-23,ROTO,v8b,ABSTAIN,none,71.6,5,2026-08-23,45.75,2026-08-31,44.17,-3.45,3.33,-6.78,graded,,50.0,81.0,83.7,65.0
2026-08-23,ROTO,v8b,ABSTAIN,none,71.6,21,2026-08-23,45.75,,,,,,pending,,50.0,81.0,83.7,65.0
2026-08-23,RREI,v8b,HOLD,medium,54.8,5,2026-08-23,4.49,2026-08-31,4.42,-1.56,3.33,-4.89,graded,,50.0,50.0,71.5,35.0
2026-08-23,RREI,v8b,HOLD,medium,54.8,21,2026-08-23,4.49,,,,,,pending,,50.0,50.0,71.5,35.0
2026-08-23,RTVC,v8b,HOLD,medium,62.5,5,2026-08-23,4.16,2026-08-31,4.14,-0.48,3.33,-3.81,graded,,50.0,75.0,67.0,55.0
2026-08-23,RTVC,v8b,HOLD,medium,62.5,21,2026-08-23,4.16,,,,,,pending,,50.0,75.0,67.0,55.0
2026-08-23,RUBX,v8b,HOLD,medium,56.0,5,2026-08-23,13.33,2026-08-31,12.61,-5.4,3.33,-8.73,graded,,50.0,50.0,67.0,50.0
2026-08-23,RUBX,v8b,HOLD,medium,56.0,21,2026-08-23,13.33,,,,,,pending,,50.0,50.0,67.0,50.0
2026-08-23,SAUD,v8b,ABSTAIN,none,67.3,5,2026-08-23,23.64,2026-08-31,24.01,1.57,3.33,-1.76,graded,,54.0,92.0,67.0,55.0
2026-08-23,SAUD,v8b,ABSTAIN,none,67.3,21,2026-08-23,23.64,,,,,,pending,,54.0,92.0,67.0,55.0
2026-08-23,SCEM,v8b,ABSTAIN,none,67.0,5,2026-08-23,96.5,2026-08-31,102.0,5.7,3.33,2.37,graded,,50.0,75.0,89.9,35.0
2026-08-23,SCEM,v8b,ABSTAIN,none,67.0,21,2026-08-23,96.5,,,,,,pending,,50.0,75.0,89.9,35.0
2026-08-23,SCFM,v8b,HOLD,medium,61.8,5,2026-08-23,282.99,2026-08-31,282.11,-0.31,3.33,-3.64,graded,,50.0,80.0,72.0,35.0
2026-08-23,SCFM,v8b,HOLD,medium,61.8,21,2026-08-23,282.99,,,,,,pending,,50.0,80.0,72.0,35.0
2026-08-23,SCTS,v8b,HOLD,medium,57.3,5,2026-08-23,627.55,2026-08-31,616.43,-1.77,3.33,-5.1,graded,,50.0,80.0,64.2,25.0
2026-08-23,SCTS,v8b,HOLD,medium,57.3,21,2026-08-23,627.55,,,,,,pending,,50.0,80.0,64.2,25.0
2026-08-23,SDTI,v8b,ABSTAIN,none,66.6,5,2026-08-23,69.79,2026-08-31,68.68,-1.59,3.33,-4.92,graded,,50.0,80.0,67.5,70.0
2026-08-23,SDTI,v8b,ABSTAIN,none,66.6,21,2026-08-23,69.79,,,,,,pending,,50.0,80.0,67.5,70.0
2026-08-23,SEIG,v8b,HOLD,medium,58.4,5,2026-08-23,264.71,2026-08-31,259.47,-1.98,3.33,-5.31,graded,,50.0,67.0,70.6,35.0
2026-08-23,SEIG,v8b,HOLD,medium,58.4,21,2026-08-23,264.71,,,,,,pending,,50.0,67.0,70.6,35.0
2026-08-23,SEIGA,v8b,HOLD,medium,52.7,5,2026-08-23,63.29,2026-08-30,63.29,0.0,2.38,-2.38,graded,,50.0,50.0,50.0,65.0
2026-08-23,SEIGA,v8b,HOLD,medium,52.7,21,2026-08-23,63.29,,,,,,pending,,50.0,50.0,50.0,65.0
2026-08-23,SIPC,v8b,ABSTAIN,none,72.6,5,2026-08-23,4.99,2026-08-31,4.93,-1.2,3.33,-4.53,graded,,50.0,80.0,95.0,50.0
2026-08-23,SIPC,v8b,ABSTAIN,none,72.6,21,2026-08-23,4.99,,,,,,pending,,50.0,80.0,95.0,50.0
2026-08-23,SKPC,v8b,HOLD,medium,52.2,5,2026-08-23,17.4,2026-08-31,17.8,2.3,3.33,-1.03,graded,,54.0,75.0,35.0,55.0
2026-08-23,SKPC,v8b,HOLD,medium,52.2,21,2026-08-23,17.4,,,,,,pending,,54.0,75.0,35.0,55.0
2026-08-23,SMFR,v8b,HOLD,medium,59.1,5,2026-08-23,261.3,2026-08-31,257.31,-1.53,3.33,-4.85,graded,,50.0,40.0,90.0,35.0
2026-08-23,SMFR,v8b,HOLD,medium,59.1,21,2026-08-23,261.3,,,,,,pending,,50.0,40.0,90.0,35.0
2026-08-23,SNFC,v8b,HOLD,medium,57.3,5,2026-08-23,10.74,2026-08-31,10.4,-3.17,3.33,-6.49,graded,,50.0,55.0,65.0,55.0
2026-08-23,SNFC,v8b,HOLD,medium,57.3,21,2026-08-23,10.74,,,,,,pending,,50.0,55.0,65.0,55.0
2026-08-23,SODIC,v8b,HOLD,medium,59.3,5,2026-08-23,32.98,2026-08-31,31.01,-5.97,3.33,-9.3,graded,,30.0,62.0,82.4,50.0
2026-08-23,SODIC,v8b,HOLD,medium,59.3,21,2026-08-23,32.98,,,,,,pending,,30.0,62.0,82.4,50.0
2026-08-23,SPIN,v8b,ABSTAIN,none,67.7,5,2026-08-23,19.25,2026-08-31,19.2,-0.26,3.33,-3.59,graded,,50.0,50.0,90.0,70.0
2026-08-23,SPIN,v8b,ABSTAIN,none,67.7,21,2026-08-23,19.25,,,,,,pending,,50.0,50.0,90.0,70.0
2026-08-23,SPMD,v8b,ABSTAIN,none,69.8,5,2026-08-23,0.459,2026-08-31,0.441,-3.92,3.33,-7.25,graded,,50.0,75.0,80.0,70.0
2026-08-23,SPMD,v8b,ABSTAIN,none,69.8,21,2026-08-23,0.459,,,,,,pending,,50.0,75.0,80.0,70.0
2026-08-23,SUGR,v8b,REDUCE,medium,45.4,5,2026-08-23,60.39,2026-08-31,56.07,-7.15,3.33,-10.48,graded,True,50.0,37.0,35.0,70.0
2026-08-23,SUGR,v8b,REDUCE,medium,45.4,21,2026-08-23,60.39,,,,,,pending,,50.0,37.0,35.0,70.0
2026-08-23,SVCE,v8b,HOLD,medium,62.4,5,2026-08-23,10.77,2026-08-30,10.91,1.3,2.38,-1.08,graded,,50.0,75.0,82.0,25.0
2026-08-23,SVCE,v8b,HOLD,medium,62.4,21,2026-08-23,10.77,,,,,,pending,,50.0,75.0,82.0,25.0
2026-08-23,SWDY,v8b,ABSTAIN,none,73.3,5,2026-08-23,126.2,2026-08-31,127.51,1.04,3.33,-2.29,graded,,50.0,75.0,90.0,70.0
2026-08-23,SWDY,v8b,ABSTAIN,none,73.3,21,2026-08-23,126.2,,,,,,pending,,50.0,75.0,90.0,70.0
2026-08-23,TALM,v8b,ABSTAIN,none,65.3,5,2026-08-23,19.4,2026-08-31,17.86,-7.94,3.33,-11.27,graded,,50.0,87.0,67.0,55.0
2026-08-23,TALM,v8b,ABSTAIN,none,65.3,21,2026-08-23,19.4,,,,,,pending,,50.0,87.0,67.0,55.0
2026-08-23,TMGH,v8b,HOLD,medium,58.1,5,2026-08-23,98.0,2026-08-31,97.3,-0.71,3.33,-4.04,graded,,50.0,74.0,55.0,55.0
2026-08-23,TMGH,v8b,HOLD,medium,58.1,21,2026-08-23,98.0,,,,,,pending,,50.0,74.0,55.0,55.0
2026-08-23,TRTO,v8b,HOLD,medium,58.3,5,2026-08-23,0.051,2026-08-31,0.06,17.65,3.33,14.32,graded,,50.0,55.0,75.5,40.0
2026-08-23,TRTO,v8b,HOLD,medium,58.3,21,2026-08-23,0.051,,,,,,pending,,50.0,55.0,75.5,40.0
2026-08-23,UEFM,v8b,HOLD,medium,64.6,5,2026-08-23,544.99,2026-08-31,536.73,-1.52,3.33,-4.84,graded,,54.0,80.0,67.0,55.0
2026-08-23,UEFM,v8b,HOLD,medium,64.6,21,2026-08-23,544.99,,,,,,pending,,54.0,80.0,67.0,55.0
2026-08-23,UEGC,v8b,HOLD,medium,58.1,5,2026-08-23,2.09,2026-08-31,1.76,-15.79,3.33,-19.12,graded,,50.0,50.0,78.1,40.0
2026-08-23,UEGC,v8b,HOLD,medium,58.1,21,2026-08-23,2.09,,,,,,pending,,50.0,50.0,78.1,40.0
2026-08-23,UNIP,v8b,HOLD,medium,56.9,5,2026-08-23,0.368,2026-08-31,0.378,2.72,3.33,-0.61,graded,,50.0,50.0,67.0,55.0
2026-08-23,UNIP,v8b,HOLD,medium,56.9,21,2026-08-23,0.368,,,,,,pending,,50.0,50.0,67.0,55.0
2026-08-23,UNIT,v8b,HOLD,medium,55.1,5,2026-08-23,19.2,2026-08-31,18.62,-3.02,3.33,-6.35,graded,,50.0,62.0,69.6,25.0
2026-08-23,UNIT,v8b,HOLD,medium,55.1,21,2026-08-23,19.2,,,,,,pending,,50.0,62.0,69.6,25.0
2026-08-23,WCDF,v8b,HOLD,medium,63.5,5,2026-08-23,641.15,2026-08-31,640.74,-0.06,3.33,-3.39,graded,,54.0,75.0,67.0,55.0
2026-08-23,WCDF,v8b,HOLD,medium,63.5,21,2026-08-23,641.15,,,,,,pending,,54.0,75.0,67.0,55.0
2026-08-23,WKOL,v8b,ABSTAIN,none,69.0,5,2026-08-23,344.07,2026-08-31,340.78,-0.96,3.33,-4.28,graded,,54.0,92.0,82.0,35.0
2026-08-23,WKOL,v8b,ABSTAIN,none,69.0,21,2026-08-23,344.07,,,,,,pending,,54.0,92.0,82.0,35.0
2026-08-23,ZEOT,v8b,ABSTAIN,none,65.7,5,2026-08-23,13.67,2026-08-31,14.0,2.41,3.33,-0.91,graded,,50.0,75.0,78.7,50.0
2026-08-23,ZEOT,v8b,ABSTAIN,none,65.7,21,2026-08-23,13.67,,,,,,pending,,50.0,75.0,78.7,50.0
2026-08-23,ZMID,v8b,ABSTAIN,none,76.2,5,2026-08-23,8.0,2026-08-31,9.06,13.25,3.33,9.92,graded,,50.0,80.0,95.0,70.0
2026-08-23,ZMID,v8b,ABSTAIN,none,76.2,21,2026-08-23,8.0,,,,,,pending,,50.0,80.0,95.0,70.0
2026-08-23,LUTS,w1,WEEKLY_BUY,weekly,97.87,5,2026-08-23,0.8422,2026-08-30,1.13,34.17,2.38,31.79,graded,True,,,,
2026-08-23,LUTS,w1,WEEKLY_BUY,weekly,97.87,21,2026-08-23,0.8422,,,,,,pending,,,,,
2026-08-23,GTWL,w1,WEEKLY_BUY,weekly,59.0,5,2026-08-23,214.57,2026-08-31,224.76,4.75,3.33,1.42,graded,True,,,,
2026-08-23,GTWL,w1,WEEKLY_BUY,weekly,59.0,21,2026-08-23,214.57,,,,,,pending,,,,,
2026-08-23,CAED,w1,WEEKLY_BUY,weekly,43.17,5,2026-08-23,153.08,2026-08-31,142.38,-6.99,3.33,-10.32,graded,False,,,,
2026-08-23,CAED,w1,WEEKLY_BUY,weekly,43.17,21,2026-08-23,153.08,,,,,,pending,,,,,
2026-08-23,NAHO,w1,WEEKLY_BUY,weekly,43.14,5,2026-08-23,0.142,2026-08-31,0.141,-0.7,3.33,-4.03,graded,False,,,,
2026-08-23,NAHO,w1,WEEKLY_BUY,weekly,43.14,21,2026-08-23,0.142,,,,,,pending,,,,,
2026-08-23,AMES,w1,WEEKLY_BUY,weekly,36.07,5,2026-08-23,147.4,2026-08-30,130.73,-11.31,2.38,-13.69,graded,False,,,,
2026-08-23,AMES,w1,WEEKLY_BUY,weekly,36.07,21,2026-08-23,147.4,,,,,,pending,,,,,
2026-08-24,LUTS,v8b,REDUCE,medium,36.8,5,2026-08-24,0.9887,2026-08-31,1.03,4.18,3.56,0.62,graded,False,50.0,75.0,14.5,15.0
2026-08-24,LUTS,v8b,REDUCE,medium,36.8,21,2026-08-24,0.9887,,,,,,pending,,50.0,75.0,14.5,15.0
2026-08-24,CAED,v8b,REDUCE,medium,46.0,5,2026-08-24,152.29,,,,,,pending,,50.0,80.0,32.1,25.0
2026-08-24,CAED,v8b,REDUCE,medium,46.0,21,2026-08-24,152.29,,,,,,pending,,50.0,80.0,32.1,25.0
2026-08-24,NAHO,v8b,HOLD,medium,55.5,5,2026-08-24,0.142,,,,,,pending,,50.0,75.0,47.0,55.0
2026-08-24,NAHO,v8b,HOLD,medium,55.5,21,2026-08-24,0.142,,,,,,pending,,50.0,75.0,47.0,55.0
2026-08-24,AMES,v8b,REDUCE,medium,37.0,5,2026-08-24,147.22,2026-08-31,104.59,-28.96,3.56,-32.51,graded,True,50.0,62.0,28.4,5.0
2026-08-24,AMES,v8b,REDUCE,medium,37.0,21,2026-08-24,147.22,,,,,,pending,,50.0,62.0,28.4,5.0
2026-08-24,AMIA,v8b,AVOID,medium,34.0,5,2026-08-24,19.7,,,,,,pending,,50.0,69.0,0,35.0
2026-08-24,AMIA,v8b,AVOID,medium,34.0,21,2026-08-24,19.7,,,,,,pending,,50.0,69.0,0,35.0
2026-08-24,AALR,v8b,HOLD,medium,54.2,5,2026-08-24,315.93,,,,,,pending,,50.0,50.0,74.7,25.0
2026-08-24,AALR,v8b,HOLD,medium,54.2,21,2026-08-24,315.93,,,,,,pending,,50.0,50.0,74.7,25.0
2026-08-24,ABUK,v8b,HOLD,medium,62.1,5,2026-08-24,76.37,,,,,,pending,,44.0,87.0,70.0,40.0
2026-08-24,ABUK,v8b,HOLD,medium,62.1,21,2026-08-24,76.37,,,,,,pending,,44.0,87.0,70.0,40.0
2026-08-24,ACAMD,v8b,ABSTAIN,none,65.7,5,2026-08-24,2.08,,,,,,pending,,50.0,92.0,65.0,55.0
2026-08-24,ACAMD,v8b,ABSTAIN,none,65.7,21,2026-08-24,2.08,,,,,,pending,,50.0,92.0,65.0,55.0
2026-08-24,ACGC,v8b,HOLD,medium,57.6,5,2026-08-24,14.01,,,,,,pending,,50.0,50.0,71.5,50.0
2026-08-24,ACGC,v8b,HOLD,medium,57.6,21,2026-08-24,14.01,,,,,,pending,,50.0,50.0,71.5,50.0
2026-08-24,ADCI,v8b,ABSTAIN,none,65.2,5,2026-08-24,292.58,,,,,,pending,,50.0,81.0,73.2,50.0
2026-08-24,ADCI,v8b,ABSTAIN,none,65.2,21,2026-08-24,292.58,,,,,,pending,,50.0,81.0,73.2,50.0
2026-08-24,ADIB,v8b,ABSTAIN,none,67.0,5,2026-08-24,53.61,,,,,,pending,,50.0,87.0,72.0,55.0
2026-08-24,ADIB,v8b,ABSTAIN,none,67.0,21,2026-08-24,53.61,,,,,,pending,,50.0,87.0,72.0,55.0
2026-08-24,ADPC,v8b,HOLD,medium,59.6,5,2026-08-24,3.87,,,,,,pending,,50.0,62.0,67.0,55.0
2026-08-24,ADPC,v8b,HOLD,medium,59.6,21,2026-08-24,3.87,,,,,,pending,,50.0,62.0,67.0,55.0
2026-08-24,AFDI,v8b,HOLD,medium,55.2,5,2026-08-24,58.7,,,,,,pending,,50.0,35.0,74.3,50.0
2026-08-24,AFDI,v8b,HOLD,medium,55.2,21,2026-08-24,58.7,,,,,,pending,,50.0,35.0,74.3,50.0
2026-08-24,AFMC,v8b,REDUCE,medium,36.0,5,2026-08-24,224.58,,,,,,pending,,50.0,86.0,0,25.0
2026-08-24,AFMC,v8b,REDUCE,medium,36.0,21,2026-08-24,224.58,,,,,,pending,,50.0,86.0,0,25.0
2026-08-24,AIFI,v8b,ABSTAIN,none,66.1,5,2026-08-24,2.39,,,,,,pending,,50.0,75.0,77.0,55.0
2026-08-24,AIFI,v8b,ABSTAIN,none,66.1,21,2026-08-24,2.39,,,,,,pending,,50.0,75.0,77.0,55.0
2026-08-24,AJWA,v8b,HOLD,medium,59.1,5,2026-08-24,180.97,,,,,,pending,,50.0,50.0,75.8,50.0
2026-08-24,AJWA,v8b,HOLD,medium,59.1,21,2026-08-24,180.97,,,,,,pending,,50.0,50.0,75.8,50.0
2026-08-24,ALCN,v8b,ABSTAIN,none,74.5,5,2026-08-24,30.63,,,,,,pending,,50.0,92.0,90.0,55.0
2026-08-24,ALCN,v8b,ABSTAIN,none,74.5,21,2026-08-24,30.63,,,,,,pending,,50.0,92.0,90.0,55.0
2026-08-24,ALUM,v8b,HOLD,medium,62.4,5,2026-08-24,29.38,,,,,,pending,,50.0,35.0,95.0,50.0
2026-08-24,ALUM,v8b,HOLD,medium,62.4,21,2026-08-24,29.38,,,,,,pending,,50.0,35.0,95.0,50.0
2026-08-24,AMER,v8b,REDUCE,medium,39.3,5,2026-08-24,5.75,,,,,,pending,,50.0,62.0,24.8,25.0
2026-08-24,AMER,v8b,REDUCE,medium,39.3,21,2026-08-24,5.75,,,,,,pending,,50.0,62.0,24.8,25.0
2026-08-24,AMOC,v8b,HOLD,medium,64.7,5,2026-08-24,10.9,,,,,,pending,,54.0,67.0,78.1,50.0
2026-08-24,AMOC,v8b,HOLD,medium,64.7,21,2026-08-24,10.9,,,,,,pending,,54.0,67.0,78.1,50.0
2026-08-24,AMPI,v8b,HOLD,medium,62.5,5,2026-08-24,2.97,,,,,,pending,,50.0,75.0,67.0,55.0
2026-08-24,AMPI,v8b,HOLD,medium,62.5,21,2026-08-24,2.97,,,,,,pending,,50.0,75.0,67.0,55.0
2026-08-24,APSW,v8b,REDUCE,medium,46.8,5,2026-08-24,8.58,,,,,,pending,,50.0,55.0,35.0,55.0
2026-08-24,APSW,v8b,REDUCE,medium,46.8,21,2026-08-24,8.58,,,,,,pending,,50.0,55.0,35.0,55.0
2026-08-24,ARAB,v8b,HOLD,medium,56.9,5,2026-08-24,0.251,,,,,,pending,,50.0,62.0,67.0,40.0
2026-08-24,ARAB,v8b,HOLD,medium,56.9,21,2026-08-24,0.251,,,,,,pending,,50.0,62.0,67.0,40.0
2026-08-24,ARCC,v8b,ABSTAIN,none,69.3,5,2026-08-24,77.0,,,,,,pending,,58.0,92.0,80.0,35.0
2026-08-24,ARCC,v8b,ABSTAIN,none,69.3,21,2026-08-24,77.0,,,,,,pending,,58.0,92.0,80.0,35.0
2026-08-24,AREH,v8b,HOLD,medium,55.5,5,2026-08-24,1.46,,,,,,pending,,50.0,40.0,72.0,50.0
2026-08-24,AREH,v8b,HOLD,medium,55.5,21,2026-08-24,1.46,,,,,,pending,,50.0,40.0,72.0,50.0
2026-08-24,ARVA,v8b,HOLD,medium,54.4,5,2026-08-24,12.35,2026-08-31,12.35,0.0,3.56,-3.56,graded,,50.0,35.0,62.0,70.0
2026-08-24,ARVA,v8b,HOLD,medium,54.4,21,2026-08-24,12.35,,,,,,pending,,50.0,35.0,62.0,70.0
2026-08-24,ASCM,v8b,ABSTAIN,none,67.2,5,2026-08-24,63.0,,,,,,pending,,50.0,75.0,82.8,50.0
2026-08-24,ASCM,v8b,ABSTAIN,none,67.2,21,2026-08-24,63.0,,,,,,pending,,50.0,75.0,82.8,50.0
2026-08-24,ASPI,v8b,HOLD,medium,57.5,5,2026-08-24,0.503,,,,,,pending,,50.0,50.0,84.1,25.0
2026-08-24,ASPI,v8b,HOLD,medium,57.5,21,2026-08-24,0.503,,,,,,pending,,50.0,50.0,84.1,25.0
2026-08-24,ATLC,v8b,HOLD,medium,60.1,5,2026-08-24,5.41,,,,,,pending,,54.0,56.0,72.0,50.0
2026-08-24,ATLC,v8b,HOLD,medium,60.1,21,2026-08-24,5.41,,,,,,pending,,54.0,56.0,72.0,50.0
2026-08-24,ATQA,v8b,HOLD,medium,57.0,5,2026-08-24,11.4,,,,,,pending,,50.0,35.0,77.0,55.0
2026-08-24,ATQA,v8b,HOLD,medium,57.0,21,2026-08-24,11.4,,,,,,pending,,50.0,35.0,77.0,55.0
2026-08-24,AXPH,v8b,ABSTAIN,none,65.3,5,2026-08-24,1551.61,,,,,,pending,,50.0,80.0,66.6,65.0
2026-08-24,AXPH,v8b,ABSTAIN,none,65.3,21,2026-08-24,1551.61,,,,,,pending,,50.0,80.0,66.6,65.0
2026-08-24,BIDI,v8b,HOLD,medium,60.1,5,2026-08-24,2.12,2026-08-31,2.12,0.0,3.56,-3.56,graded,,50.0,62.0,71.1,50.0
2026-08-24,BIDI,v8b,HOLD,medium,60.1,21,2026-08-24,2.12,,,,,,pending,,50.0,62.0,71.1,50.0
2026-08-24,BIGP,v8b,HOLD,medium,55.1,5,2026-08-24,0.245,,,,,,pending,,50.0,62.0,80.0,5.0
2026-08-24,BIGP,v8b,HOLD,medium,55.1,21,2026-08-24,0.245,,,,,,pending,,50.0,62.0,80.0,5.0
2026-08-24,BINV,v8b,ABSTAIN,none,67.9,5,2026-08-24,48.7,,,,,,pending,,50.0,79.0,72.0,70.0
2026-08-24,BINV,v8b,ABSTAIN,none,67.9,21,2026-08-24,48.7,,,,,,pending,,50.0,79.0,72.0,70.0
2026-08-24,BIOC,v8b,AVOID,medium,30.6,5,2026-08-24,453.0,,,,,,pending,,50.0,62.0,0,25.0
2026-08-24,BIOC,v8b,AVOID,medium,30.6,21,2026-08-24,453.0,,,,,,pending,,50.0,62.0,0,25.0
2026-08-24,BTFH,v8b,REDUCE,medium,45.5,5,2026-08-24,2.96,,,,,,pending,,50.0,50.0,27.0,70.0
2026-08-24,BTFH,v8b,REDUCE,medium,45.5,21,2026-08-24,2.96,,,,,,pending,,50.0,50.0,27.0,70.0
2026-08-24,CANA,v8b,REDUCE,medium,45.7,5,2026-08-24,41.71,,,,,,pending,,50.0,87.0,37.0,5.0
2026-08-24,CANA,v8b,REDUCE,medium,45.7,21,2026-08-24,41.71,,,,,,pending,,50.0,87.0,37.0,5.0
2026-08-24,CCAP,v8b,ABSTAIN,none,66.3,5,2026-08-24,5.83,,,,,,pending,,50.0,62.0,88.5,50.0
2026-08-24,CCAP,v8b,ABSTAIN,none,66.3,21,2026-08-24,5.83,,,,,,pending,,50.0,62.0,88.5,50.0
2026-08-24,CCRS,v8b,HOLD,medium,58.9,5,2026-08-24,2.8,,,,,,pending,,50.0,55.0,69.6,55.0
2026-08-24,CCRS,v8b,HOLD,medium,58.9,21,2026-08-24,2.8,,,,,,pending,,50.0,55.0,69.6,55.0
2026-08-24,CEFM,v8b,HOLD,medium,63.1,5,2026-08-24,145.89,,,,,,pending,,54.0,80.0,72.9,35.0
2026-08-24,CEFM,v8b,HOLD,medium,63.1,21,2026-08-24,145.89,,,,,,pending,,54.0,80.0,72.9,35.0
2026-08-24,CERA,v8b,HOLD,medium,50.8,5,2026-08-24,1.28,,,,,,pending,,50.0,23.0,67.0,55.0
2026-08-24,CERA,v8b,HOLD,medium,50.8,21,2026-08-24,1.28,,,,,,pending,,50.0,23.0,67.0,55.0
2026-08-24,CFGH,v8b,HOLD,medium,53.8,5,2026-08-24,0.114,,,,,,pending,,50.0,63.0,50.0,55.0
2026-08-24,CFGH,v8b,HOLD,medium,53.8,21,2026-08-24,0.114,,,,,,pending,,50.0,63.0,50.0,55.0
2026-08-24,CICH,v8b,HOLD,medium,63.9,5,2026-08-24,12.19,,,,,,pending,,54.0,69.0,72.0,55.0
2026-08-24,CICH,v8b,HOLD,medium,63.9,21,2026-08-24,12.19,,,,,,pending,,54.0,69.0,72.0,55.0
2026-08-24,CIEB,v8b,ABSTAIN,none,69.4,5,2026-08-24,24.99,,,,,,pending,,58.0,92.0,70.0,55.0
2026-08-24,CIEB,v8b,ABSTAIN,none,69.4,21,2026-08-24,24.99,,,,,,pending,,58.0,92.0,70.0,55.0
2026-08-24,CIRA,v8b,HOLD,medium,58.7,5,2026-08-24,35.49,,,,,,pending,,50.0,63.0,58.7,65.0
2026-08-24,CIRA,v8b,HOLD,medium,58.7,21,2026-08-24,35.49,,,,,,pending,,50.0,63.0,58.7,65.0
2026-08-24,CLHO,v8b,HOLD,medium,61.1,5,2026-08-24,17.5,,,,,,pending,,30.0,62.0,85.0,55.0
2026-08-24,CLHO,v8b,HOLD,medium,61.1,21,2026-08-24,17.5,,,,,,pending,,30.0,62.0,85.0,55.0
2026-08-24,CNFN,v8b,HOLD,medium,58.3,5,2026-08-24,4.81,,,,,,pending,,50.0,75.0,55.0,55.0
2026-08-24,CNFN,v8b,HOLD,medium,58.3,21,2026-08-24,4.81,,,,,,pending,,50.0,75.0,55.0,55.0
2026-08-24,COMI,v8b,HOLD,medium,60.3,5,2026-08-24,140.96,,,,,,pending,,54.0,92.0,47.0,55.0
2026-08-24,COMI,v8b,HOLD,medium,60.3,21,2026-08-24,140.96,,,,,,pending,,54.0,92.0,47.0,55.0
2026-08-24,COPR,v8b,REDUCE,medium,47.8,5,2026-08-24,0.544,,,,,,pending,,50.0,40.0,50.2,50.0
2026-08-24,COPR,v8b,REDUCE,medium,47.8,21,2026-08-24,0.544,,,,,,pending,,50.0,40.0,50.2,50.0
2026-08-24,COSG,v8b,ABSTAIN,none,72.4,5,2026-08-24,1.81,,,,,,pending,,50.0,75.0,95.0,55.0
2026-08-24,COSG,v8b,ABSTAIN,none,72.4,21,2026-08-24,1.81,,,,,,pending,,50.0,75.0,95.0,55.0
2026-08-24,CPCI,v8b,ABSTAIN,none,66.1,5,2026-08-24,540.32,,,,,,pending,,54.0,80.0,66.1,65.0
2026-08-24,CPCI,v8b,ABSTAIN,none,66.1,21,2026-08-24,540.32,,,,,,pending,,54.0,80.0,66.1,65.0
2026-08-24,CSAG,v8b,ABSTAIN,none,70.2,5,2026-08-24,40.23,,,,,,pending,,58.0,80.0,80.0,55.0
2026-08-24,CSAG,v8b,ABSTAIN,none,70.2,21,2026-08-24,40.23,,,,,,pending,,58.0,80.0,80.0,55.0
2026-08-24,DAPH,v8b,HOLD,medium,54.1,5,2026-08-24,108.11,,,,,,pending,,50.0,10.0,95.0,35.0
2026-08-24,DAPH,v8b,HOLD,medium,54.1,21,2026-08-24,108.11,,,,,,pending,,50.0,10.0,95.0,35.0
2026-08-24,DOMT,v8b,ABSTAIN,none,67.2,5,2026-08-24,27.88,,,,,,pending,,60.0,65.0,72.0,70.0
2026-08-24,DOMT,v8b,ABSTAIN,none,67.2,21,2026-08-24,27.88,,,,,,pending,,60.0,65.0,72.0,70.0
2026-08-24,DSCW,v8b,HOLD,medium,62.5,5,2026-08-24,1.86,,,,,,pending,,50.0,75.0,67.0,55.0
2026-08-24,DSCW,v8b,HOLD,medium,62.5,21,2026-08-24,1.86,,,,,,pending,,50.0,75.0,67.0,55.0
2026-08-24,DTPP,v8b,REDUCE,medium,44.4,5,2026-08-24,297.18,,,,,,pending,,54.0,75.0,28.1,25.0
2026-08-24,DTPP,v8b,REDUCE,medium,44.4,21,2026-08-24,297.18,,,,,,pending,,54.0,75.0,28.1,25.0
2026-08-24,EALR,v8b,HOLD,medium,58.5,5,2026-08-24,402.8,,,,,,pending,,50.0,50.0,82.0,35.0
2026-08-24,EALR,v8b,HOLD,medium,58.5,21,2026-08-24,402.8,,,,,,pending,,50.0,50.0,82.0,35.0
2026-08-24,EASB,v8b,REDUCE,medium,45.1,5,2026-08-24,8.17,,,,,,pending,,50.0,55.0,45.8,25.0
2026-08-24,EASB,v8b,REDUCE,medium,45.1,21,2026-08-24,8.17,,,,,,pending,,50.0,55.0,45.8,25.0
2026-08-24,EAST,v8b,HOLD,low,51.0,5,2026-08-24,35.4,,,,,,pending,,30.0,92.0,37.0,55.0
2026-08-24,EAST,v8b,HOLD,low,51.0,21,2026-08-24,35.4,,,,,,pending,,30.0,92.0,37.0,55.0
2026-08-24,EBSC,v8b,HOLD,medium,52.9,5,2026-08-24,2.14,,,,,,pending,,50.0,55.0,55.0,50.0
2026-08-24,EBSC,v8b,HOLD,medium,52.9,21,2026-08-24,2.14,,,,,,pending,,50.0,55.0,55.0,50.0
2026-08-24,ECAP,v8b,ABSTAIN,none,71.5,5,2026-08-24,33.9,,,,,,pending,,50.0,75.0,95.0,50.0
2026-08-24,ECAP,v8b,ABSTAIN,none,71.5,21,2026-08-24,33.9,,,,,,pending,,50.0,75.0,95.0,50.0
2026-08-24,EDFM,v8b,ABSTAIN,none,71.1,5,2026-08-24,403.82,,,,,,pending,,54.0,80.0,70.0,85.0
2026-08-24,EDFM,v8b,ABSTAIN,none,71.1,21,2026-08-24,403.82,,,,,,pending,,54.0,80.0,70.0,85.0
2026-08-24,EEII,v8b,HOLD,medium,63.3,5,2026-08-24,2.89,,,,,,pending,,50.0,35.0,89.6,65.0
2026-08-24,EEII,v8b,HOLD,medium,63.3,21,2026-08-24,2.89,,,,,,pending,,50.0,35.0,89.6,65.0
2026-08-24,EFIC,v8b,HOLD,medium,56.6,5,2026-08-24,199.0,,,,,,pending,,50.0,75.0,50.0,55.0
2026-08-24,EFIC,v8b,HOLD,medium,56.6,21,2026-08-24,199.0,,,,,,pending,,50.0,75.0,50.0,55.0
2026-08-24,EFID,v8b,HOLD,medium,60.2,5,2026-08-24,31.7,,,,,,pending,,30.0,86.0,67.0,55.0
2026-08-24,EFID,v8b,HOLD,medium,60.2,21,2026-08-24,31.7,,,,,,pending,,30.0,86.0,67.0,55.0
2026-08-24,EFIH,v8b,HOLD,medium,63.8,5,2026-08-24,23.64,,,,,,pending,,20.0,97.0,77.0,55.0
2026-08-24,EFIH,v8b,HOLD,medium,63.8,21,2026-08-24,23.64,,,,,,pending,,20.0,97.0,77.0,55.0
2026-08-24,EGAL,v8b,ABSTAIN,none,70.1,5,2026-08-24,352.75,,,,,,pending,,50.0,92.0,80.0,50.0
2026-08-24,EGAL,v8b,ABSTAIN,none,70.1,21,2026-08-24,352.75,,,,,,pending,,50.0,92.0,80.0,50.0
2026-08-24,EGAS,v8b,ABSTAIN,none,67.1,5,2026-08-24,57.51,,,,,,pending,,50.0,55.0,85.0,70.0
2026-08-24,EGAS,v8b,ABSTAIN,none,67.1,21,2026-08-24,57.51,,,,,,pending,,50.0,55.0,85.0,70.0
2026-08-24,EGBE,v8b,ABSTAIN,none,73.3,5,2026-08-24,0.535,,,,,,pending,,50.0,87.0,90.0,55.0
2026-08-24,EGBE,v8b,ABSTAIN,none,73.3,21,2026-08-24,0.535,,,,,,pending,,50.0,87.0,90.0,55.0
2026-08-24,EGCH,v8b,HOLD,medium,64.9,5,2026-08-24,13.38,,,,,,pending,,50.0,81.0,70.0,55.0
2026-08-24,EGCH,v8b,HOLD,medium,64.9,21,2026-08-24,13.38,,,,,,pending,,50.0,81.0,70.0,55.0
2026-08-24,EGREF,v8b,ABSTAIN,none,56.1,5,2026-08-24,28.87,,,,,,pending,,50.0,55.0,77.0,25.0
2026-08-24,EGREF,v8b,ABSTAIN,none,56.1,21,2026-08-24,28.87,,,,,,pending,,50.0,55.0,77.0,25.0
2026-08-24,EGSA,v8b,HOLD,medium,63.7,5,2026-08-24,8.69,2026-08-31,8.69,0.0,3.56,-3.56,graded,,54.0,52.0,67.0,85.0
2026-08-24,EGSA,v8b,HOLD,medium,63.7,21,2026-08-24,8.69,,,,,,pending,,54.0,52.0,67.0,85.0
2026-08-24,EGTS,v8b,REDUCE,medium,45.2,5,2026-08-24,16.83,,,,,,pending,,50.0,55.0,51.2,15.0
2026-08-24,EGTS,v8b,REDUCE,medium,45.2,21,2026-08-24,16.83,,,,,,pending,,50.0,55.0,51.2,15.0
2026-08-24,EHDR,v8b,ABSTAIN,none,67.0,5,2026-08-24,2.85,,,,,,pending,,50.0,55.0,95.0,50.0
2026-08-24,EHDR,v8b,ABSTAIN,none,67.0,21,2026-08-24,2.85,,,,,,pending,,50.0,55.0,95.0,50.0
2026-08-24,EIPI,v8b,ABSTAIN,none,73.5,5,2026-08-24,131.5,,,,,,pending,,85.0,81.0,80.5,35.0
2026-08-24,EIPI,v8b,ABSTAIN,none,73.5,21,2026-08-24,131.5,,,,,,pending,,85.0,81.0,80.5,35.0
2026-08-24,ELEC,v8b,REDUCE,medium,48.4,5,2026-08-24,2.06,,,,,,pending,,50.0,35.0,37.0,85.0
2026-08-24,ELEC,v8b,REDUCE,medium,48.4,21,2026-08-24,2.06,,,,,,pending,,50.0,35.0,37.0,85.0
2026-08-24,ELKA,v8b,HOLD,medium,50.1,5,2026-08-24,1.72,,,,,,pending,,50.0,35.0,60.0,50.0
2026-08-24,ELKA,v8b,HOLD,medium,50.1,21,2026-08-24,1.72,,,,,,pending,,50.0,35.0,60.0,50.0
2026-08-24,ELNA,v8b,HOLD,medium,50.3,5,2026-08-24,37.01,,,,,,pending,,50.0,55.0,45.0,55.0
2026-08-24,ELNA,v8b,HOLD,medium,50.3,21,2026-08-24,37.01,,,,,,pending,,50.0,55.0,45.0,55.0
2026-08-24,ELSH,v8b,REDUCE,medium,47.1,5,2026-08-24,13.0,,,,,,pending,,50.0,35.0,64.3,25.0
2026-08-24,ELSH,v8b,REDUCE,medium,47.1,21,2026-08-24,13.0,,,,,,pending,,50.0,35.0,64.3,25.0
2026-08-24,ELWA,v8b,HOLD,medium,57.0,5,2026-08-24,1.83,,,,,,pending,,50.0,35.0,77.0,55.0
2026-08-24,ELWA,v8b,HOLD,medium,57.0,21,2026-08-24,1.83,,,,,,pending,,50.0,35.0,77.0,55.0
2026-08-24,EMFD,v8b,HOLD,low,52.8,5,2026-08-24,12.13,,,,,,pending,,40.0,35.0,72.0,55.0
2026-08-24,EMFD,v8b,HOLD,low,52.8,21,2026-08-24,12.13,,,,,,pending,,40.0,35.0,72.0,55.0
2026-08-24,ENGC,v8b,HOLD,medium,63.2,5,2026-08-24,45.92,,,,,,pending,,50.0,50.0,85.0,55.0
2026-08-24,ENGC,v8b,HOLD,medium,63.2,21,2026-08-24,45.92,,,,,,pending,,50.0,50.0,85.0,55.0
2026-08-24,EOSB,v8b,ABSTAIN,none,69.0,5,2026-08-24,1.57,,,,,,pending,,50.0,75.0,70.0,85.0
2026-08-24,EOSB,v8b,ABSTAIN,none,69.0,21,2026-08-24,1.57,,,,,,pending,,50.0,75.0,70.0,85.0
2026-08-24,EPCO,v8b,HOLD,medium,62.5,5,2026-08-24,11.01,,,,,,pending,,50.0,67.0,72.0,55.0
2026-08-24,EPCO,v8b,HOLD,medium,62.5,21,2026-08-24,11.01,,,,,,pending,,50.0,67.0,72.0,55.0
2026-08-24,EPPK,v8b,ABSTAIN,none,65.2,5,2026-08-24,13.07,,,,,,pending,,50.0,75.0,77.0,50.0
2026-08-24,EPPK,v8b,ABSTAIN,none,65.2,21,2026-08-24,13.07,,,,,,pending,,50.0,75.0,77.0,50.0
2026-08-24,ETEL,v8b,ABSTAIN,none,70.5,5,2026-08-24,116.1,,,,,,pending,,50.0,87.0,82.0,55.0
2026-08-24,ETEL,v8b,ABSTAIN,none,70.5,21,2026-08-24,116.1,,,,,,pending,,50.0,87.0,82.0,55.0
2026-08-24,ETRS,v8b,ABSTAIN,none,74.9,5,2026-08-24,10.85,,,,,,pending,,50.0,80.0,93.8,65.0
2026-08-24,ETRS,v8b,ABSTAIN,none,74.9,21,2026-08-24,10.85,,,,,,pending,,50.0,80.0,93.8,65.0
2026-08-24,EXPA,v8b,ABSTAIN,none,72.4,5,2026-08-24,19.99,,,,,,pending,,50.0,87.0,72.0,85.0
2026-08-24,EXPA,v8b,ABSTAIN,none,72.4,21,2026-08-24,19.99,,,,,,pending,,50.0,87.0,72.0,85.0
2026-08-24,FAIT,v8b,ABSTAIN,none,70.1,5,2026-08-24,42.9,,,,,,pending,,89.0,55.0,67.0,70.0
2026-08-24,FAIT,v8b,ABSTAIN,none,70.1,21,2026-08-24,42.9,,,,,,pending,,89.0,55.0,67.0,70.0
2026-08-24,FAITA,v8b,HOLD,medium,55.6,5,2026-08-24,0.99,,,,,,pending,,54.0,55.0,42.0,85.0
2026-08-24,FAITA,v8b,HOLD,medium,55.6,21,2026-08-24,0.99,,,,,,pending,,54.0,55.0,42.0,85.0
2026-08-24,FIRE,v8b,HOLD,medium,51.5,5,2026-08-24,5.47,,,,,,pending,,50.0,62.0,54.2,35.0
2026-08-24,FIRE,v8b,HOLD,medium,51.5,21,2026-08-24,5.47,,,,,,pending,,50.0,62.0,54.2,35.0
2026-08-24,FNAR,v8b,REDUCE,medium,48.2,5,2026-08-24,12.48,,,,,,pending,,50.0,40.0,59.0,35.0
2026-08-24,FNAR,v8b,REDUCE,medium,48.2,21,2026-08-24,12.48,,,,,,pending,,50.0,40.0,59.0,35.0
2026-08-24,FTNS,v8b,REDUCE,medium,46.2,5,2026-08-24,1.42,,,,,,pending,,50.0,35.0,50.0,50.0
2026-08-24,FTNS,v8b,REDUCE,medium,46.2,21,2026-08-24,1.42,,,,,,pending,,50.0,35.0,50.0,50.0
2026-08-24,FWRY,v8b,HOLD,medium,59.2,5,2026-08-24,18.9,,,,,,pending,,50.0,87.0,50.0,50.0
2026-08-24,FWRY,v8b,HOLD,medium,59.2,21,2026-08-24,18.9,,,,,,pending,,50.0,87.0,50.0,50.0
2026-08-24,GBCO,v8b,HOLD,medium,50.0,5,2026-08-24,28.4,,,,,,pending,,50.0,50.0,50.0,50.0
2026-08-24,GBCO,v8b,HOLD,medium,50.0,21,2026-08-24,28.4,,,,,,pending,,50.0,50.0,50.0,50.0
2026-08-24,GDWA,v8b,REDUCE,medium,46.2,5,2026-08-24,0.771,,,,,,pending,,50.0,35.0,50.0,50.0
2026-08-24,GDWA,v8b,REDUCE,medium,46.2,21,2026-08-24,0.771,,,,,,pending,,50.0,35.0,50.0,50.0
2026-08-24,GGCC,v8b,HOLD,medium,54.5,5,2026-08-24,0.89,,,,,,pending,,50.0,68.0,50.0,50.0
2026-08-24,GGCC,v8b,HOLD,medium,54.5,21,2026-08-24,0.89,,,,,,pending,,50.0,68.0,50.0,50.0
2026-08-24,GIHD,v8b,HOLD,medium,57.5,5,2026-08-24,62.0,,,,,,pending,,50.0,80.0,50.0,50.0
2026-08-24,GIHD,v8b,HOLD,medium,57.5,21,2026-08-24,62.0,,,,,,pending,,50.0,80.0,50.0,50.0
2026-08-24,GMCI,v8b,HOLD,medium,56.2,5,2026-08-24,1.91,,,,,,pending,,50.0,75.0,50.0,50.0
2026-08-24,GMCI,v8b,HOLD,medium,56.2,21,2026-08-24,1.91,,,,,,pending,,50.0,75.0,50.0,50.0
2026-08-24,GRCA,v8b,HOLD,medium,50.5,5,2026-08-24,76.72,2026-08-31,80.51,4.94,3.56,1.38,graded,,50.0,52.0,50.0,50.0
2026-08-24,GRCA,v8b,HOLD,medium,50.5,21,2026-08-24,76.72,,,,,,pending,,50.0,52.0,50.0,50.0
2026-08-24,GSSC,v8b,HOLD,medium,56.2,5,2026-08-24,289.23,,,,,,pending,,50.0,75.0,50.0,50.0
2026-08-24,GSSC,v8b,HOLD,medium,56.2,21,2026-08-24,289.23,,,,,,pending,,50.0,75.0,50.0,50.0
2026-08-24,GTWL,v8b,HOLD,medium,53.0,5,2026-08-24,211.0,,,,,,pending,,50.0,62.0,50.0,50.0
2026-08-24,GTWL,v8b,HOLD,medium,53.0,21,2026-08-24,211.0,,,,,,pending,,50.0,62.0,50.0,50.0
2026-08-24,HDBK,v8b,REDUCE,medium,43.7,5,2026-08-24,92.4,,,,,,pending,,64.0,52.0,42.0,5.0
2026-08-24,HDBK,v8b,REDUCE,medium,43.7,21,2026-08-24,92.4,,,,,,pending,,64.0,52.0,42.0,5.0
2026-08-24,HELI,v8b,REDUCE,medium,47.3,5,2026-08-24,7.35,,,,,,pending,,24.0,50.0,70.6,50.0
2026-08-24,HELI,v8b,REDUCE,medium,47.3,21,2026-08-24,7.35,,,,,,pending,,24.0,50.0,70.6,50.0
2026-08-24,HRHO,v8b,HOLD,medium,64.0,5,2026-08-24,25.76,,,,,,pending,,85.0,56.0,42.0,70.0
2026-08-24,HRHO,v8b,HOLD,medium,64.0,21,2026-08-24,25.76,,,,,,pending,,85.0,56.0,42.0,70.0
2026-08-24,IBCT,v8b,HOLD,medium,56.2,5,2026-08-24,13.06,,,,,,pending,,50.0,75.0,50.0,50.0
2026-08-24,IBCT,v8b,HOLD,medium,56.2,21,2026-08-24,13.06,,,,,,pending,,50.0,75.0,50.0,50.0
2026-08-24,ICFC,v8b,HOLD,medium,56.2,5,2026-08-24,21.46,,,,,,pending,,50.0,75.0,50.0,50.0
2026-08-24,ICFC,v8b,HOLD,medium,56.2,21,2026-08-24,21.46,,,,,,pending,,50.0,75.0,50.0,50.0
2026-08-24,ICID,v8b,HOLD,medium,51.2,5,2026-08-24,16.94,,,,,,pending,,50.0,55.0,50.0,50.0
2026-08-24,ICID,v8b,HOLD,medium,51.2,21,2026-08-24,16.94,,,,,,pending,,50.0,55.0,50.0,50.0
2026-08-24,IDRE,v8b,HOLD,medium,57.5,5,2026-08-24,51.4,,,,,,pending,,50.0,80.0,50.0,50.0
2026-08-24,IDRE,v8b,HOLD,medium,57.5,21,2026-08-24,51.4,,,,,,pending,,50.0,80.0,50.0,50.0
2026-08-24,IFAP,v8b,REDUCE,medium,46.2,5,2026-08-24,20.91,,,,,,pending,,50.0,35.0,50.0,50.0
2026-08-24,IFAP,v8b,REDUCE,medium,46.2,21,2026-08-24,20.91,,,,,,pending,,50.0,35.0,50.0,50.0
2026-08-24,INEG,v8b,REDUCE,medium,46.2,5,2026-08-24,0.555,,,,,,pending,,50.0,35.0,50.0,50.0
2026-08-24,INEG,v8b,REDUCE,medium,46.2,21,2026-08-24,0.555,,,,,,pending,,50.0,35.0,50.0,50.0
2026-08-24,INFI,v8b,HOLD,medium,59.0,5,2026-08-24,159.0,,,,,,pending,,50.0,86.0,50.0,50.0
2026-08-24,INFI,v8b,HOLD,medium,59.0,21,2026-08-24,159.0,,,,,,pending,,50.0,86.0,50.0,50.0
2026-08-24,IRON,v8b,REDUCE,medium,49.2,5,2026-08-24,30.63,,,,,,pending,,50.0,47.0,50.0,50.0
2026-08-24,IRON,v8b,REDUCE,medium,49.2,21,2026-08-24,30.63,,,,,,pending,,50.0,47.0,50.0,50.0
2026-08-24,ISMA,v8b,HOLD,medium,57.5,5,2026-08-24,36.91,,,,,,pending,,50.0,80.0,50.0,50.0
2026-08-24,ISMA,v8b,HOLD,medium,57.5,21,2026-08-24,36.91,,,,,,pending,,50.0,80.0,50.0,50.0
2026-08-24,ISMQ,v8b,HOLD,medium,58.7,5,2026-08-24,9.08,,,,,,pending,,54.0,80.0,50.0,50.0
2026-08-24,ISMQ,v8b,HOLD,medium,58.7,21,2026-08-24,9.08,,,,,,pending,,54.0,80.0,50.0,50.0
2026-08-24,ISPH,v8b,HOLD,medium,55.0,5,2026-08-24,13.11,,,,,,pending,,50.0,70.0,50.0,50.0
2026-08-24,ISPH,v8b,HOLD,medium,55.0,21,2026-08-24,13.11,,,,,,pending,,50.0,70.0,50.0,50.0
2026-08-24,JUFO,v8b,HOLD,medium,52.2,5,2026-08-24,26.89,,,,,,pending,,50.0,75.0,42.0,40.0
2026-08-24,JUFO,v8b,HOLD,medium,52.2,21,2026-08-24,26.89,,,,,,pending,,50.0,75.0,42.0,40.0
2026-08-24,KABO,v8b,HOLD,medium,56.2,5,2026-08-24,9.0,,,,,,pending,,50.0,75.0,50.0,50.0
2026-08-24,KABO,v8b,HOLD,medium,56.2,21,2026-08-24,9.0,,,,,,pending,,50.0,75.0,50.0,50.0
2026-08-24,KWIN,v8b,HOLD,medium,50.0,5,2026-08-24,112.0,,,,,,pending,,50.0,50.0,50.0,50.0
2026-08-24,KWIN,v8b,HOLD,medium,50.0,21,2026-08-24,112.0,,,,,,pending,,50.0,50.0,50.0,50.0
2026-08-24,KZPC,v8b,HOLD,medium,51.2,5,2026-08-24,13.12,,,,,,pending,,54.0,50.0,50.0,50.0
2026-08-24,KZPC,v8b,HOLD,medium,51.2,21,2026-08-24,13.12,,,,,,pending,,54.0,50.0,50.0,50.0
2026-08-24,LCSW,v8b,HOLD,medium,50.0,5,2026-08-24,34.75,,,,,,pending,,50.0,50.0,50.0,50.0
2026-08-24,LCSW,v8b,HOLD,medium,50.0,21,2026-08-24,34.75,,,,,,pending,,50.0,50.0,50.0,50.0
2026-08-24,MAAL,v8b,HOLD,medium,53.2,5,2026-08-24,9.32,,,,,,pending,,50.0,63.0,50.0,50.0
2026-08-24,MAAL,v8b,HOLD,medium,53.2,21,2026-08-24,9.32,,,,,,pending,,50.0,63.0,50.0,50.0
2026-08-24,MASR,v8b,HOLD,medium,59.2,5,2026-08-24,7.58,,,,,,pending,,50.0,87.0,50.0,50.0
2026-08-24,MASR,v8b,HOLD,medium,59.2,21,2026-08-24,7.58,,,,,,pending,,50.0,87.0,50.0,50.0
2026-08-24,MBEG,v8b,HOLD,medium,50.0,5,2026-08-24,6.64,,,,,,pending,,50.0,50.0,50.0,50.0
2026-08-24,MBEG,v8b,HOLD,medium,50.0,21,2026-08-24,6.64,,,,,,pending,,50.0,50.0,50.0,50.0
2026-08-24,MBSC,v8b,HOLD,medium,59.9,5,2026-08-24,382.34,,,,,,pending,,58.0,80.0,50.0,50.0
2026-08-24,MBSC,v8b,HOLD,medium,59.9,21,2026-08-24,382.34,,,,,,pending,,58.0,80.0,50.0,50.0
2026-08-24,MCQE,v8b,HOLD,medium,58.7,5,2026-08-24,239.48,,,,,,pending,,54.0,80.0,50.0,50.0
2026-08-24,MCQE,v8b,HOLD,medium,58.7,21,2026-08-24,239.48,,,,,,pending,,54.0,80.0,50.0,50.0
2026-08-24,MCRO,v8b,ABSTAIN,none,56.2,5,2026-08-24,1.51,,,,,,pending,,50.0,75.0,50.0,50.0
2026-08-24,MCRO,v8b,ABSTAIN,none,56.2,21,2026-08-24,1.51,,,,,,pending,,50.0,75.0,50.0,50.0
2026-08-24,MENA,v8b,HOLD,medium,57.5,5,2026-08-24,6.97,,,,,,pending,,50.0,80.0,50.0,50.0
2026-08-24,MENA,v8b,HOLD,medium,57.5,21,2026-08-24,6.97,,,,,,pending,,50.0,80.0,50.0,50.0
2026-08-24,MEPA,v8b,HOLD,medium,57.5,5,2026-08-24,1.81,,,,,,pending,,50.0,80.0,50.0,50.0
2026-08-24,MEPA,v8b,HOLD,medium,57.5,21,2026-08-24,1.81,,,,,,pending,,50.0,80.0,50.0,50.0
2026-08-24,MFPC,v8b,HOLD,medium,62.1,5,2026-08-24,39.4,,,,,,pending,,83.0,67.0,50.0,40.0
2026-08-24,MFPC,v8b,HOLD,medium,62.1,21,2026-08-24,39.4,,,,,,pending,,83.0,67.0,50.0,40.0
2026-08-24,MFSC,v8b,HOLD,medium,58.7,5,2026-08-24,49.61,,,,,,pending,,54.0,80.0,50.0,50.0
2026-08-24,MFSC,v8b,HOLD,medium,58.7,21,2026-08-24,49.61,,,,,,pending,,54.0,80.0,50.0,50.0
2026-08-24,MHOT,v8b,HOLD,medium,61.7,5,2026-08-24,17.88,,,,,,pending,,54.0,92.0,50.0,50.0
2026-08-24,MHOT,v8b,HOLD,medium,61.7,21,2026-08-24,17.88,,,,,,pending,,54.0,92.0,50.0,50.0
2026-08-24,MICH,v8b,HOLD,medium,62.9,5,2026-08-24,49.4,,,,,,pending,,58.0,92.0,50.0,50.0
2026-08-24,MICH,v8b,HOLD,medium,62.9,21,2026-08-24,49.4,,,,,,pending,,58.0,92.0,50.0,50.0
2026-08-24,MILS,v8b,HOLD,medium,57.5,5,2026-08-24,221.02,,,,,,pending,,50.0,80.0,50.0,50.0
2026-08-24,MILS,v8b,HOLD,medium,57.5,21,2026-08-24,221.02,,,,,,pending,,50.0,80.0,50.0,50.0
2026-08-24,MIPH,v8b,REDUCE,medium,46.2,5,2026-08-24,766.83,,,,,,pending,,50.0,35.0,50.0,50.0
2026-08-24,MIPH,v8b,REDUCE,medium,46.2,21,2026-08-24,766.83,,,,,,pending,,50.0,35.0,50.0,50.0
2026-08-24,MISR,v8b,HOLD,medium,53.0,5,2026-08-24,5.51,2026-08-31,5.51,0.0,3.56,-3.56,graded,,50.0,62.0,50.0,50.0
2026-08-24,MISR,v8b,HOLD,medium,53.0,21,2026-08-24,5.51,,,,,,pending,,50.0,62.0,50.0,50.0
2026-08-24,MOED,v8b,HOLD,medium,51.2,5,2026-08-24,0.776,,,,,,pending,,50.0,55.0,50.0,50.0
2026-08-24,MOED,v8b,HOLD,medium,51.2,21,2026-08-24,0.776,,,,,,pending,,50.0,55.0,50.0,50.0
2026-08-24,MOIL,v8b,HOLD,medium,56.2,5,2026-08-24,0.674,,,,,,pending,,50.0,75.0,50.0,50.0
2026-08-24,MOIL,v8b,HOLD,medium,56.2,21,2026-08-24,0.674,,,,,,pending,,50.0,75.0,50.0,50.0
2026-08-24,MOIN,v8b,HOLD,medium,59.0,5,2026-08-24,33.82,,,,,,pending,,50.0,86.0,50.0,50.0
2026-08-24,MOIN,v8b,HOLD,medium,59.0,21,2026-08-24,33.82,,,,,,pending,,50.0,86.0,50.0,50.0
2026-08-24,MOSC,v8b,HOLD,medium,57.5,5,2026-08-24,332.51,,,,,,pending,,50.0,80.0,50.0,50.0
2026-08-24,MOSC,v8b,HOLD,medium,57.5,21,2026-08-24,332.51,,,,,,pending,,50.0,80.0,50.0,50.0
2026-08-24,MPCI,v8b,HOLD,medium,61.7,5,2026-08-24,402.99,,,,,,pending,,54.0,92.0,50.0,50.0
2026-08-24,MPCI,v8b,HOLD,medium,61.7,21,2026-08-24,402.99,,,,,,pending,,54.0,92.0,50.0,50.0
2026-08-24,MPCO,v8b,HOLD,medium,56.2,5,2026-08-24,2.26,,,,,,pending,,50.0,75.0,50.0,50.0
2026-08-24,MPCO,v8b,HOLD,medium,56.2,21,2026-08-24,2.26,,,,,,pending,,50.0,75.0,50.0,50.0
2026-08-24,MPRC,v8b,HOLD,medium,60.5,5,2026-08-24,42.0,,,,,,pending,,50.0,92.0,50.0,50.0
2026-08-24,MPRC,v8b,HOLD,medium,60.5,21,2026-08-24,42.0,,,,,,pending,,50.0,92.0,50.0,50.0
2026-08-24,MTIE,v8b,HOLD,medium,57.5,5,2026-08-24,8.6,,,,,,pending,,50.0,80.0,50.0,50.0
2026-08-24,MTIE,v8b,HOLD,medium,57.5,21,2026-08-24,8.6,,,,,,pending,,50.0,80.0,50.0,50.0
2026-08-24,NCCW,v8b,REDUCE,medium,47.5,5,2026-08-24,5.83,,,,,,pending,,50.0,40.0,50.0,50.0
2026-08-24,NCCW,v8b,REDUCE,medium,47.5,21,2026-08-24,5.83,,,,,,pending,,50.0,40.0,50.0,50.0
2026-08-24,NEDA,v8b,REDUCE,medium,47.5,5,2026-08-24,2.72,,,,,,pending,,50.0,40.0,50.0,50.0
2026-08-24,NEDA,v8b,REDUCE,medium,47.5,21,2026-08-24,2.72,,,,,,pending,,50.0,40.0,50.0,50.0
2026-08-24,NHPS,v8b,HOLD,medium,52.5,5,2026-08-24,93.21,,,,,,pending,,54.0,55.0,50.0,50.0
2026-08-24,NHPS,v8b,HOLD,medium,52.5,21,2026-08-24,93.21,,,,,,pending,,54.0,55.0,50.0,50.0
2026-08-24,NINH,v8b,HOLD,medium,60.5,5,2026-08-24,25.53,,,,,,pending,,50.0,92.0,50.0,50.0
2026-08-24,NINH,v8b,HOLD,medium,60.5,21,2026-08-24,25.53,,,,,,pending,,50.0,92.0,50.0,50.0
2026-08-24,NIPH,v8b,HOLD,medium,57.8,5,2026-08-24,365.01,,,,,,pending,,50.0,81.0,50.0,50.0
2026-08-24,NIPH,v8b,HOLD,medium,57.8,21,2026-08-24,365.01,,,,,,pending,,50.0,81.0,50.0,50.0
2026-08-24,OBRI,v8b,HOLD,medium,57.5,5,2026-08-24,32.01,,,,,,pending,,50.0,80.0,50.0,50.0
2026-08-24,OBRI,v8b,HOLD,medium,57.5,21,2026-08-24,32.01,,,,,,pending,,50.0,80.0,50.0,50.0
2026-08-24,OCDI,v8b,HOLD,medium,57.7,5,2026-08-24,32.35,,,,,,pending,,50.0,62.0,68.8,50.0
2026-08-24,OCDI,v8b,HOLD,medium,57.7,21,2026-08-24,32.35,,,,,,pending,,50.0,62.0,68.8,50.0
2026-08-24,OCPH,v8b,HOLD,medium,56.2,5,2026-08-24,256.07,,,,,,pending,,50.0,75.0,50.0,50.0
2026-08-24,OCPH,v8b,HOLD,medium,56.2,21,2026-08-24,256.07,,,,,,pending,,50.0,75.0,50.0,50.0
2026-08-24,ODIN,v8b,HOLD,medium,57.5,5,2026-08-24,3.2,,,,,,pending,,50.0,80.0,50.0,50.0
2026-08-24,ODIN,v8b,HOLD,medium,57.5,21,2026-08-24,3.2,,,,,,pending,,50.0,80.0,50.0,50.0
2026-08-24,OFH,v8b,HOLD,medium,57.5,5,2026-08-24,1.004,,,,,,pending,,50.0,80.0,50.0,50.0
2026-08-24,OFH,v8b,HOLD,medium,57.5,21,2026-08-24,1.004,,,,,,pending,,50.0,80.0,50.0,50.0
2026-08-24,OIH,v8b,HOLD,medium,56.2,5,2026-08-24,1.95,,,,,,pending,,50.0,75.0,50.0,50.0
2026-08-24,OIH,v8b,HOLD,medium,56.2,21,2026-08-24,1.95,,,,,,pending,,50.0,75.0,50.0,50.0
2026-08-24,OLFI,v8b,HOLD,medium,57.5,5,2026-08-24,23.12,,,,,,pending,,54.0,75.0,50.0,50.0
2026-08-24,OLFI,v8b,HOLD,medium,57.5,21,2026-08-24,23.12,,,,,,pending,,54.0,75.0,50.0,50.0
2026-08-24,ORAS,v8b,HOLD,medium,56.2,5,2026-08-24,71.05,2026-08-31,71.05,0.0,3.56,-3.56,graded,,50.0,75.0,50.0,50.0
2026-08-24,ORAS,v8b,HOLD,medium,56.2,21,2026-08-24,71.05,,,,,,pending,,50.0,75.0,50.0,50.0
2026-08-24,ORHD,v8b,ABSTAIN,none,74.8,5,2026-08-24,42.2,,,,,,pending,,75.0,92.0,73.1,55.0
2026-08-24,ORHD,v8b,ABSTAIN,none,74.8,21,2026-08-24,42.2,,,,,,pending,,75.0,92.0,73.1,55.0
2026-08-24,ORWE,v8b,ABSTAIN,none,74.7,5,2026-08-24,26.01,,,,,,pending,,89.0,62.0,62.0,85.0
2026-08-24,ORWE,v8b,ABSTAIN,none,74.7,21,2026-08-24,26.01,,,,,,pending,,89.0,62.0,62.0,85.0
2026-08-24,PHAR,v8b,HOLD,medium,59.9,5,2026-08-24,131.5,,,,,,pending,,50.0,81.0,70.5,35.0
2026-08-24,PHAR,v8b,HOLD,medium,59.9,21,2026-08-24,131.5,,,,,,pending,,50.0,81.0,70.5,35.0
2026-08-24,PHDC,v8b,ABSTAIN,none,74.4,5,2026-08-24,14.85,,,,,,pending,,85.0,86.0,69.5,50.0
2026-08-24,PHDC,v8b,ABSTAIN,none,74.4,21,2026-08-24,14.85,,,,,,pending,,85.0,86.0,69.5,50.0
2026-08-24,PHTV,v8b,HOLD,medium,56.2,5,2026-08-24,345.36,,,,,,pending,,50.0,75.0,50.0,50.0
2026-08-24,PHTV,v8b,HOLD,medium,56.2,21,2026-08-24,345.36,,,,,,pending,,50.0,75.0,50.0,50.0
2026-08-24,POUL,v8b,HOLD,medium,56.2,5,2026-08-24,37.5,,,,,,pending,,50.0,75.0,50.0,50.0
2026-08-24,POUL,v8b,HOLD,medium,56.2,21,2026-08-24,37.5,,,,,,pending,,50.0,75.0,50.0,50.0
2026-08-24,PRCL,v8b,HOLD,medium,56.2,5,2026-08-24,33.61,,,,,,pending,,50.0,75.0,50.0,50.0
2026-08-24,PRCL,v8b,HOLD,medium,56.2,21,2026-08-24,33.61,,,,,,pending,,50.0,75.0,50.0,50.0
2026-08-24,PRDC,v8b,HOLD,medium,50.0,5,2026-08-24,9.1,,,,,,pending,,50.0,50.0,50.0,50.0
2026-08-24,PRDC,v8b,HOLD,medium,50.0,21,2026-08-24,9.1,,,,,,pending,,50.0,50.0,50.0,50.0
2026-08-24,PRMH,v8b,HOLD,medium,54.2,5,2026-08-24,2.47,,,,,,pending,,50.0,67.0,50.0,50.0
2026-08-24,PRMH,v8b,HOLD,medium,54.2,21,2026-08-24,2.47,,,,,,pending,,50.0,67.0,50.0,50.0
2026-08-24,RACC,v8b,HOLD,medium,56.2,5,2026-08-24,9.73,,,,,,pending,,50.0,75.0,50.0,50.0
2026-08-24,RACC,v8b,HOLD,medium,56.2,21,2026-08-24,9.73,,,,,,pending,,50.0,75.0,50.0,50.0
2026-08-24,RAKT,v8b,ABSTAIN,none,50.0,5,2026-08-24,22.25,,,,,,pending,,50.0,50.0,50.0,50.0
2026-08-24,RAKT,v8b,ABSTAIN,none,50.0,21,2026-08-24,22.25,,,,,,pending,,50.0,50.0,50.0,50.0
2026-08-24,RAYA,v8b,HOLD,medium,56.2,5,2026-08-24,7.25,,,,,,pending,,50.0,75.0,50.0,50.0
2026-08-24,RAYA,v8b,HOLD,medium,56.2,21,2026-08-24,7.25,,,,,,pending,,50.0,75.0,50.0,50.0
2026-08-24,RKAZ,v8b,HOLD,medium,54.2,5,2026-08-24,4.41,,,,,,pending,,50.0,67.0,50.0,50.0
2026-08-24,RKAZ,v8b,HOLD,medium,54.2,21,2026-08-24,4.41,,,,,,pending,,50.0,67.0,50.0,50.0
2026-08-24,RMDA,v8b,HOLD,medium,53.0,5,2026-08-24,6.15,,,,,,pending,,50.0,62.0,50.0,50.0
2026-08-24,RMDA,v8b,HOLD,medium,53.0,21,2026-08-24,6.15,,,,,,pending,,50.0,62.0,50.0,50.0
2026-08-24,ROTO,v8b,HOLD,medium,57.8,5,2026-08-24,45.16,,,,,,pending,,50.0,81.0,50.0,50.0
2026-08-24,ROTO,v8b,HOLD,medium,57.8,21,2026-08-24,45.16,,,,,,pending,,50.0,81.0,50.0,50.0
2026-08-24,RREI,v8b,HOLD,medium,50.0,5,2026-08-24,4.3,,,,,,pending,,50.0,50.0,50.0,50.0
2026-08-24,RREI,v8b,HOLD,medium,50.0,21,2026-08-24,4.3,,,,,,pending,,50.0,50.0,50.0,50.0
2026-08-24,RTVC,v8b,HOLD,medium,56.2,5,2026-08-24,4.12,,,,,,pending,,50.0,75.0,50.0,50.0
2026-08-24,RTVC,v8b,HOLD,medium,56.2,21,2026-08-24,4.12,,,,,,pending,,50.0,75.0,50.0,50.0
2026-08-24,RUBX,v8b,HOLD,medium,50.0,5,2026-08-24,13.0,,,,,,pending,,50.0,50.0,50.0,50.0
2026-08-24,RUBX,v8b,HOLD,medium,50.0,21,2026-08-24,13.0,,,,,,pending,,50.0,50.0,50.0,50.0
2026-08-24,SAUD,v8b,HOLD,medium,61.7,5,2026-08-24,23.32,,,,,,pending,,54.0,92.0,50.0,50.0
2026-08-24,SAUD,v8b,HOLD,medium,61.7,21,2026-08-24,23.32,,,,,,pending,,54.0,92.0,50.0,50.0
2026-08-24,SCEM,v8b,HOLD,medium,56.2,5,2026-08-24,95.0,,,,,,pending,,50.0,75.0,50.0,50.0
2026-08-24,SCEM,v8b,HOLD,medium,56.2,21,2026-08-24,95.0,,,,,,pending,,50.0,75.0,50.0,50.0
2026-08-24,SCFM,v8b,HOLD,medium,57.5,5,2026-08-24,282.64,,,,,,pending,,50.0,80.0,50.0,50.0
2026-08-24,SCFM,v8b,HOLD,medium,57.5,21,2026-08-24,282.64,,,,,,pending,,50.0,80.0,50.0,50.0
2026-08-24,SCTS,v8b,HOLD,medium,57.5,5,2026-08-24,623.5,,,,,,pending,,50.0,80.0,50.0,50.0
2026-08-24,SCTS,v8b,HOLD,medium,57.5,21,2026-08-24,623.5,,,,,,pending,,50.0,80.0,50.0,50.0
2026-08-24,SDTI,v8b,HOLD,medium,57.5,5,2026-08-24,67.01,,,,,,pending,,50.0,80.0,50.0,50.0
2026-08-24,SDTI,v8b,HOLD,medium,57.5,21,2026-08-24,67.01,,,,,,pending,,50.0,80.0,50.0,50.0
2026-08-24,SEIG,v8b,HOLD,medium,54.2,5,2026-08-24,264.04,,,,,,pending,,50.0,67.0,50.0,50.0
2026-08-24,SEIG,v8b,HOLD,medium,54.2,21,2026-08-24,264.04,,,,,,pending,,50.0,67.0,50.0,50.0
2026-08-24,SEIGA,v8b,ABSTAIN,none,50.0,5,2026-08-24,63.29,2026-08-31,63.29,0.0,3.56,-3.56,graded,,50.0,50.0,50.0,50.0
2026-08-24,SEIGA,v8b,ABSTAIN,none,50.0,21,2026-08-24,63.29,,,,,,pending,,50.0,50.0,50.0,50.0
2026-08-24,SIPC,v8b,HOLD,medium,57.5,5,2026-08-24,4.83,,,,,,pending,,50.0,80.0,50.0,50.0
2026-08-24,SIPC,v8b,HOLD,medium,57.5,21,2026-08-24,4.83,,,,,,pending,,50.0,80.0,50.0,50.0
2026-08-24,SKPC,v8b,HOLD,medium,57.5,5,2026-08-24,17.46,,,,,,pending,,54.0,75.0,50.0,50.0
2026-08-24,SKPC,v8b,HOLD,medium,57.5,21,2026-08-24,17.46,,,,,,pending,,54.0,75.0,50.0,50.0
2026-08-24,SMFR,v8b,REDUCE,medium,47.5,5,2026-08-24,261.83,,,,,,pending,,50.0,40.0,50.0,50.0
2026-08-24,SMFR,v8b,REDUCE,medium,47.5,21,2026-08-24,261.83,,,,,,pending,,50.0,40.0,50.0,50.0
2026-08-24,SNFC,v8b,HOLD,medium,51.2,5,2026-08-24,10.68,,,,,,pending,,50.0,55.0,50.0,50.0
2026-08-24,SNFC,v8b,HOLD,medium,51.2,21,2026-08-24,10.68,,,,,,pending,,50.0,55.0,50.0,50.0
2026-08-24,SODIC,v8b,HOLD,low,51.7,5,2026-08-24,32.35,,,,,,pending,,30.0,62.0,68.8,50.0
2026-08-24,SODIC,v8b,HOLD,low,51.7,21,2026-08-24,32.35,,,,,,pending,,30.0,62.0,68.8,50.0
2026-08-24,SPIN,v8b,HOLD,medium,50.0,5,2026-08-24,18.62,,,,,,pending,,50.0,50.0,50.0,50.0
2026-08-24,SPIN,v8b,HOLD,medium,50.0,21,2026-08-24,18.62,,,,,,pending,,50.0,50.0,50.0,50.0
2026-08-24,SPMD,v8b,ABSTAIN,none,56.2,5,2026-08-24,0.455,,,,,,pending,,50.0,75.0,50.0,50.0
2026-08-24,SPMD,v8b,ABSTAIN,none,56.2,21,2026-08-24,0.455,,,,,,pending,,50.0,75.0,50.0,50.0
2026-08-24,SUGR,v8b,REDUCE,medium,46.8,5,2026-08-24,57.11,,,,,,pending,,50.0,37.0,50.0,50.0
2026-08-24,SUGR,v8b,REDUCE,medium,46.8,21,2026-08-24,57.11,,,,,,pending,,50.0,37.0,50.0,50.0
2026-08-24,SVCE,v8b,HOLD,medium,56.2,5,2026-08-24,10.9,2026-08-31,12.47,14.4,3.56,10.85,graded,,50.0,75.0,50.0,50.0
2026-08-24,SVCE,v8b,HOLD,medium,56.2,21,2026-08-24,10.9,,,,,,pending,,50.0,75.0,50.0,50.0
2026-08-24,SWDY,v8b,HOLD,medium,56.2,5,2026-08-24,126.6,,,,,,pending,,50.0,75.0,50.0,50.0
2026-08-24,SWDY,v8b,HOLD,medium,56.2,21,2026-08-24,126.6,,,,,,pending,,50.0,75.0,50.0,50.0
2026-08-24,TALM,v8b,HOLD,medium,59.2,5,2026-08-24,18.4,,,,,,pending,,50.0,87.0,50.0,50.0
2026-08-24,TALM,v8b,HOLD,medium,59.2,21,2026-08-24,18.4,,,,,,pending,,50.0,87.0,50.0,50.0
2026-08-24,TMGH,v8b,HOLD,medium,57.0,5,2026-08-24,98.5,,,,,,pending,,50.0,74.0,50.0,55.0
2026-08-24,TMGH,v8b,HOLD,medium,57.0,21,2026-08-24,98.5,,,,,,pending,,50.0,74.0,50.0,55.0
2026-08-24,TRTO,v8b,HOLD,medium,51.2,5,2026-08-24,0.051,,,,,,pending,,50.0,55.0,50.0,50.0
2026-08-24,TRTO,v8b,HOLD,medium,51.2,21,2026-08-24,0.051,,,,,,pending,,50.0,55.0,50.0,50.0
2026-08-24,UEFM,v8b,HOLD,medium,58.7,5,2026-08-24,542.87,,,,,,pending,,54.0,80.0,50.0,50.0
2026-08-24,UEFM,v8b,HOLD,medium,58.7,21,2026-08-24,542.87,,,,,,pending,,54.0,80.0,50.0,50.0
2026-08-24,UEGC,v8b,HOLD,medium,50.0,5,2026-08-24,1.99,,,,,,pending,,50.0,50.0,50.0,50.0
2026-08-24,UEGC,v8b,HOLD,medium,50.0,21,2026-08-24,1.99,,,,,,pending,,50.0,50.0,50.0,50.0
2026-08-24,UNIP,v8b,HOLD,medium,50.0,5,2026-08-24,0.368,,,,,,pending,,50.0,50.0,50.0,50.0
2026-08-24,UNIP,v8b,HOLD,medium,50.0,21,2026-08-24,0.368,,,,,,pending,,50.0,50.0,50.0,50.0
2026-08-24,UNIT,v8b,HOLD,medium,53.0,5,2026-08-24,18.91,,,,,,pending,,50.0,62.0,50.0,50.0
2026-08-24,UNIT,v8b,HOLD,medium,53.0,21,2026-08-24,18.91,,,,,,pending,,50.0,62.0,50.0,50.0
2026-08-24,WCDF,v8b,HOLD,medium,57.5,5,2026-08-24,642.73,,,,,,pending,,54.0,75.0,50.0,50.0
2026-08-24,WCDF,v8b,HOLD,medium,57.5,21,2026-08-24,642.73,,,,,,pending,,54.0,75.0,50.0,50.0
2026-08-24,WKOL,v8b,HOLD,medium,61.7,5,2026-08-24,345.16,,,,,,pending,,54.0,92.0,50.0,50.0
2026-08-24,WKOL,v8b,HOLD,medium,61.7,21,2026-08-24,345.16,,,,,,pending,,54.0,92.0,50.0,50.0
2026-08-24,ZEOT,v8b,HOLD,medium,56.2,5,2026-08-24,13.42,,,,,,pending,,50.0,75.0,50.0,50.0
2026-08-24,ZEOT,v8b,HOLD,medium,56.2,21,2026-08-24,13.42,,,,,,pending,,50.0,75.0,50.0,50.0
2026-08-24,ZMID,v8b,HOLD,medium,57.5,5,2026-08-24,7.9,,,,,,pending,,50.0,80.0,50.0,50.0
2026-08-24,ZMID,v8b,HOLD,medium,57.5,21,2026-08-24,7.9,,,,,,pending,,50.0,80.0,50.0,50.0
2026-08-24,LUTS,w1,WEEKLY_BUY,weekly,97.87,5,2026-08-24,0.9887,2026-08-31,1.03,4.18,3.56,0.62,graded,True,,,,
2026-08-24,LUTS,w1,WEEKLY_BUY,weekly,97.87,21,2026-08-24,0.9887,,,,,,pending,,,,,
2026-08-24,CAED,w1,WEEKLY_BUY,weekly,43.17,5,2026-08-24,152.29,,,,,,pending,,,,,
2026-08-24,CAED,w1,WEEKLY_BUY,weekly,43.17,21,2026-08-24,152.29,,,,,,pending,,,,,
2026-08-24,NAHO,w1,WEEKLY_BUY,weekly,43.14,5,2026-08-24,0.142,,,,,,pending,,,,,
2026-08-24,NAHO,w1,WEEKLY_BUY,weekly,43.14,21,2026-08-24,0.142,,,,,,pending,,,,,
2026-08-24,AMES,w1,WEEKLY_BUY,weekly,36.07,5,2026-08-24,147.22,2026-08-31,104.59,-28.96,3.56,-32.51,graded,False,,,,
2026-08-24,AMES,w1,WEEKLY_BUY,weekly,36.07,21,2026-08-24,147.22,,,,,,pending,,,,,
2026-08-24,AMIA,w1,WEEKLY_BUY,weekly,33.68,5,2026-08-24,19.7,,,,,,pending,,,,,
2026-08-24,AMIA,w1,WEEKLY_BUY,weekly,33.68,21,2026-08-24,19.7,,,,,,pending,,,,,
2026-08-25,LUTS,v8b,REDUCE,medium,38.4,5,2026-08-25,0.9704,,,,,,pending,,50.0,75.0,18.9,15.0
2026-08-25,LUTS,v8b,REDUCE,medium,38.4,21,2026-08-25,0.9704,,,,,,pending,,50.0,75.0,18.9,15.0
2026-08-25,AMIA,v8b,AVOID,medium,34.0,5,2026-08-25,19.0,,,,,,pending,,50.0,69.0,0,35.0
2026-08-25,AMIA,v8b,AVOID,medium,34.0,21,2026-08-25,19.0,,,,,,pending,,50.0,69.0,0,35.0
2026-08-25,CAED,v8b,REDUCE,medium,44.1,5,2026-08-25,149.95,,,,,,pending,,50.0,80.0,26.9,25.0
2026-08-25,CAED,v8b,REDUCE,medium,44.1,21,2026-08-25,149.95,,,,,,pending,,50.0,80.0,26.9,25.0
2026-08-25,AMES,v8b,REDUCE,medium,35.1,5,2026-08-25,147.75,,,,,,pending,,50.0,62.0,23.2,5.0
2026-08-25,AMES,v8b,REDUCE,medium,35.1,21,2026-08-25,147.75,,,,,,pending,,50.0,62.0,23.2,5.0
2026-08-25,FIRE,v8b,REDUCE,medium,47.5,5,2026-08-25,5.74,,,,,,pending,,50.0,62.0,42.9,35.0
2026-08-25,FIRE,v8b,REDUCE,medium,47.5,21,2026-08-25,5.74,,,,,,pending,,50.0,62.0,42.9,35.0
2026-08-25,AALR,v8b,HOLD,medium,53.0,5,2026-08-25,306.44,,,,,,pending,,50.0,50.0,71.4,25.0
2026-08-25,AALR,v8b,HOLD,medium,53.0,21,2026-08-25,306.44,,,,,,pending,,50.0,50.0,71.4,25.0
2026-08-25,ABUK,v8b,HOLD,medium,64.6,5,2026-08-25,75.76,,,,,,pending,,44.0,87.0,77.0,40.0
2026-08-25,ABUK,v8b,HOLD,medium,64.6,21,2026-08-25,75.76,,,,,,pending,,44.0,87.0,77.0,40.0
2026-08-25,ACAMD,v8b,ABSTAIN,none,65.7,5,2026-08-25,2.06,,,,,,pending,,50.0,92.0,65.0,55.0
2026-08-25,ACAMD,v8b,ABSTAIN,none,65.7,21,2026-08-25,2.06,,,,,,pending,,50.0,92.0,65.0,55.0
2026-08-25,ACGC,v8b,HOLD,medium,57.3,5,2026-08-25,14.64,,,,,,pending,,50.0,50.0,70.7,50.0
2026-08-25,ACGC,v8b,HOLD,medium,57.3,21,2026-08-25,14.64,,,,,,pending,,50.0,50.0,70.7,50.0
2026-08-25,ADCI,v8b,HOLD,medium,63.6,5,2026-08-25,292.35,,,,,,pending,,50.0,81.0,68.8,50.0
2026-08-25,ADCI,v8b,HOLD,medium,63.6,21,2026-08-25,292.35,,,,,,pending,,50.0,81.0,68.8,50.0
2026-08-25,ADIB,v8b,ABSTAIN,none,71.6,5,2026-08-25,53.89,,,,,,pending,,50.0,87.0,85.0,55.0
2026-08-25,ADIB,v8b,ABSTAIN,none,71.6,21,2026-08-25,53.89,,,,,,pending,,50.0,87.0,85.0,55.0
2026-08-25,ADPC,v8b,HOLD,medium,61.4,5,2026-08-25,3.87,,,,,,pending,,50.0,62.0,72.0,55.0
2026-08-25,ADPC,v8b,HOLD,medium,61.4,21,2026-08-25,3.87,,,,,,pending,,50.0,62.0,72.0,55.0
2026-08-25,AFDI,v8b,REDUCE,medium,49.9,5,2026-08-25,55.3,,,,,,pending,,50.0,35.0,59.4,50.0
2026-08-25,AFDI,v8b,REDUCE,medium,49.9,21,2026-08-25,55.3,,,,,,pending,,50.0,35.0,59.4,50.0
2026-08-25,AFMC,v8b,REDUCE,medium,36.0,5,2026-08-25,218.79,,,,,,pending,,50.0,86.0,0,25.0
2026-08-25,AFMC,v8b,REDUCE,medium,36.0,21,2026-08-25,218.79,,,,,,pending,,50.0,86.0,0,25.0
2026-08-25,AIFI,v8b,ABSTAIN,none,73.3,5,2026-08-25,2.4,,,,,,pending,,50.0,75.0,90.0,70.0
2026-08-25,AIFI,v8b,ABSTAIN,none,73.3,21,2026-08-25,2.4,,,,,,pending,,50.0,75.0,90.0,70.0
2026-08-25,AJWA,v8b,HOLD,medium,55.9,5,2026-08-25,181.83,,,,,,pending,,50.0,50.0,66.7,50.0
2026-08-25,AJWA,v8b,HOLD,medium,55.9,21,2026-08-25,181.83,,,,,,pending,,50.0,50.0,66.7,50.0
2026-08-25,ALCN,v8b,ABSTAIN,none,74.5,5,2026-08-25,30.26,,,,,,pending,,50.0,92.0,90.0,55.0
2026-08-25,ALCN,v8b,ABSTAIN,none,74.5,21,2026-08-25,30.26,,,,,,pending,,50.0,92.0,90.0,55.0
2026-08-25,ALUM,v8b,HOLD,medium,60.6,5,2026-08-25,29.6,,,,,,pending,,50.0,35.0,89.9,50.0
2026-08-25,ALUM,v8b,HOLD,medium,60.6,21,2026-08-25,29.6,,,,,,pending,,50.0,35.0,89.9,50.0
2026-08-25,AMER,v8b,AVOID,medium,34.6,5,2026-08-25,6.33,,,,,,pending,,50.0,62.0,11.3,25.0
2026-08-25,AMER,v8b,AVOID,medium,34.6,21,2026-08-25,6.33,,,,,,pending,,50.0,62.0,11.3,25.0
2026-08-25,AMOC,v8b,HOLD,medium,64.5,5,2026-08-25,10.91,,,,,,pending,,54.0,67.0,77.6,50.0
2026-08-25,AMOC,v8b,HOLD,medium,64.5,21,2026-08-25,10.91,,,,,,pending,,54.0,67.0,77.6,50.0
2026-08-25,AMPI,v8b,HOLD,medium,64.3,5,2026-08-25,2.92,,,,,,pending,,50.0,75.0,72.0,55.0
2026-08-25,AMPI,v8b,HOLD,medium,64.3,21,2026-08-25,2.92,,,,,,pending,,50.0,75.0,72.0,55.0
2026-08-25,APSW,v8b,REDUCE,medium,46.8,5,2026-08-25,8.51,,,,,,pending,,50.0,55.0,35.0,55.0
2026-08-25,APSW,v8b,REDUCE,medium,46.8,21,2026-08-25,8.51,,,,,,pending,,50.0,55.0,35.0,55.0
2026-08-25,ARAB,v8b,HOLD,medium,58.6,5,2026-08-25,0.262,,,,,,pending,,50.0,62.0,72.0,40.0
2026-08-25,ARAB,v8b,HOLD,medium,58.6,21,2026-08-25,0.262,,,,,,pending,,50.0,62.0,72.0,40.0
2026-08-25,ARCC,v8b,ABSTAIN,none,69.3,5,2026-08-25,75.63,,,,,,pending,,58.0,92.0,80.0,35.0
2026-08-25,ARCC,v8b,ABSTAIN,none,69.3,21,2026-08-25,75.63,,,,,,pending,,58.0,92.0,80.0,35.0
2026-08-25,AREH,v8b,HOLD,medium,60.1,5,2026-08-25,1.46,,,,,,pending,,50.0,40.0,85.0,50.0
2026-08-25,AREH,v8b,HOLD,medium,60.1,21,2026-08-25,1.46,,,,,,pending,,50.0,40.0,85.0,50.0
2026-08-25,ARVA,v8b,HOLD,medium,54.4,5,2026-08-25,12.35,,,,,,pending,,50.0,35.0,62.0,70.0
2026-08-25,ARVA,v8b,HOLD,medium,54.4,21,2026-08-25,12.35,,,,,,pending,,50.0,35.0,62.0,70.0
2026-08-25,ASCM,v8b,ABSTAIN,none,66.6,5,2026-08-25,62.41,,,,,,pending,,50.0,75.0,81.0,50.0
2026-08-25,ASCM,v8b,ABSTAIN,none,66.6,21,2026-08-25,62.41,,,,,,pending,,50.0,75.0,81.0,50.0
2026-08-25,ASPI,v8b,HOLD,medium,53.6,5,2026-08-25,0.48,,,,,,pending,,50.0,50.0,73.1,25.0
2026-08-25,ASPI,v8b,HOLD,medium,53.6,21,2026-08-25,0.48,,,,,,pending,,50.0,50.0,73.1,25.0
2026-08-25,ATLC,v8b,HOLD,medium,64.6,5,2026-08-25,5.48,,,,,,pending,,54.0,56.0,85.0,50.0
2026-08-25,ATLC,v8b,HOLD,medium,64.6,21,2026-08-25,5.48,,,,,,pending,,54.0,56.0,85.0,50.0
2026-08-25,ATQA,v8b,HOLD,medium,57.0,5,2026-08-25,11.6,,,,,,pending,,50.0,35.0,77.0,55.0
2026-08-25,ATQA,v8b,HOLD,medium,57.0,21,2026-08-25,11.6,,,,,,pending,,50.0,35.0,77.0,55.0
2026-08-25,AXPH,v8b,HOLD,medium,63.6,5,2026-08-25,1687.5,,,,,,pending,,50.0,80.0,61.6,65.0
2026-08-25,AXPH,v8b,HOLD,medium,63.6,21,2026-08-25,1687.5,,,,,,pending,,50.0,80.0,61.6,65.0
2026-08-25,BIDI,v8b,HOLD,medium,60.7,5,2026-08-25,2.12,,,,,,pending,,50.0,62.0,72.7,50.0
2026-08-25,BIDI,v8b,HOLD,medium,60.7,21,2026-08-25,2.12,,,,,,pending,,50.0,62.0,72.7,50.0
2026-08-25,BIGP,v8b,HOLD,medium,55.1,5,2026-08-25,0.246,,,,,,pending,,50.0,62.0,80.0,5.0
2026-08-25,BIGP,v8b,HOLD,medium,55.1,21,2026-08-25,0.246,,,,,,pending,,50.0,62.0,80.0,5.0
2026-08-25,BINV,v8b,ABSTAIN,none,67.9,5,2026-08-25,48.9,,,,,,pending,,50.0,79.0,72.0,70.0
2026-08-25,BINV,v8b,ABSTAIN,none,67.9,21,2026-08-25,48.9,,,,,,pending,,50.0,79.0,72.0,70.0
2026-08-25,BIOC,v8b,AVOID,medium,30.6,5,2026-08-25,445.0,,,,,,pending,,50.0,62.0,0,25.0
2026-08-25,BIOC,v8b,AVOID,medium,30.6,21,2026-08-25,445.0,,,,,,pending,,50.0,62.0,0,25.0
2026-08-25,BTFH,v8b,HOLD,medium,51.1,5,2026-08-25,2.99,,,,,,pending,,50.0,50.0,35.0,85.0
2026-08-25,BTFH,v8b,HOLD,medium,51.1,21,2026-08-25,2.99,,,,,,pending,,50.0,50.0,35.0,85.0
2026-08-25,CANA,v8b,REDUCE,medium,44.9,5,2026-08-25,41.92,,,,,,pending,,50.0,87.0,35.0,5.0
2026-08-25,CANA,v8b,REDUCE,medium,44.9,21,2026-08-25,41.92,,,,,,pending,,50.0,87.0,35.0,5.0
2026-08-25,CCAP,v8b,HOLD,medium,62.9,5,2026-08-25,5.75,,,,,,pending,,50.0,62.0,79.1,50.0
2026-08-25,CCAP,v8b,HOLD,medium,62.9,21,2026-08-25,5.75,,,,,,pending,,50.0,62.0,79.1,50.0
2026-08-25,CCRS,v8b,HOLD,medium,57.7,5,2026-08-25,2.87,,,,,,pending,,50.0,55.0,66.1,55.0
2026-08-25,CCRS,v8b,HOLD,medium,57.7,21,2026-08-25,2.87,,,,,,pending,,50.0,55.0,66.1,55.0
2026-08-25,CEFM,v8b,ABSTAIN,none,68.0,5,2026-08-25,144.24,,,,,,pending,,54.0,80.0,86.9,35.0
2026-08-25,CEFM,v8b,ABSTAIN,none,68.0,21,2026-08-25,144.24,,,,,,pending,,54.0,80.0,86.9,35.0
2026-08-25,CERA,v8b,HOLD,medium,52.5,5,2026-08-25,1.29,,,,,,pending,,50.0,23.0,72.0,55.0
2026-08-25,CERA,v8b,HOLD,medium,52.5,21,2026-08-25,1.29,,,,,,pending,,50.0,23.0,72.0,55.0
2026-08-25,CFGH,v8b,HOLD,medium,56.3,5,2026-08-25,0.114,,,,,,pending,,50.0,63.0,57.0,55.0
2026-08-25,CFGH,v8b,HOLD,medium,56.3,21,2026-08-25,0.114,,,,,,pending,,50.0,63.0,57.0,55.0
2026-08-25,CICH,v8b,HOLD,medium,63.9,5,2026-08-25,12.3,,,,,,pending,,54.0,69.0,72.0,55.0
2026-08-25,CICH,v8b,HOLD,medium,63.9,21,2026-08-25,12.3,,,,,,pending,,54.0,69.0,72.0,55.0
2026-08-25,CIEB,v8b,ABSTAIN,none,69.4,5,2026-08-25,24.99,,,,,,pending,,58.0,92.0,70.0,55.0
2026-08-25,CIEB,v8b,ABSTAIN,none,69.4,21,2026-08-25,24.99,,,,,,pending,,58.0,92.0,70.0,55.0
2026-08-25,CIRA,v8b,HOLD,medium,58.7,5,2026-08-25,34.3,,,,,,pending,,50.0,63.0,58.6,65.0
2026-08-25,CIRA,v8b,HOLD,medium,58.7,21,2026-08-25,34.3,,,,,,pending,,50.0,63.0,58.6,65.0
2026-08-25,CLHO,v8b,HOLD,medium,61.1,5,2026-08-25,17.5,,,,,,pending,,30.0,62.0,85.0,55.0
2026-08-25,CLHO,v8b,HOLD,medium,61.1,21,2026-08-25,17.5,,,,,,pending,,30.0,62.0,85.0,55.0
2026-08-25,CNFN,v8b,HOLD,medium,64.3,5,2026-08-25,4.78,,,,,,pending,,50.0,75.0,72.0,55.0
2026-08-25,CNFN,v8b,HOLD,medium,64.3,21,2026-08-25,4.78,,,,,,pending,,50.0,75.0,72.0,55.0
2026-08-25,COMI,v8b,HOLD,medium,63.1,5,2026-08-25,139.28,,,,,,pending,,54.0,92.0,55.0,55.0
2026-08-25,COMI,v8b,HOLD,medium,63.1,21,2026-08-25,139.28,,,,,,pending,,54.0,92.0,55.0,55.0
2026-08-25,COPR,v8b,REDUCE,medium,46.3,5,2026-08-25,0.538,,,,,,pending,,50.0,40.0,46.0,50.0
2026-08-25,COPR,v8b,REDUCE,medium,46.3,21,2026-08-25,0.538,,,,,,pending,,50.0,40.0,46.0,50.0
2026-08-25,COSG,v8b,ABSTAIN,none,70.6,5,2026-08-25,1.82,,,,,,pending,,50.0,75.0,90.0,55.0
2026-08-25,COSG,v8b,ABSTAIN,none,70.6,21,2026-08-25,1.82,,,,,,pending,,50.0,75.0,90.0,55.0
2026-08-25,CPCI,v8b,HOLD,medium,61.4,5,2026-08-25,544.16,,,,,,pending,,54.0,80.0,52.6,65.0
2026-08-25,CPCI,v8b,HOLD,medium,61.4,21,2026-08-25,544.16,,,,,,pending,,54.0,80.0,52.6,65.0
2026-08-25,CSAG,v8b,ABSTAIN,none,70.2,5,2026-08-25,39.8,,,,,,pending,,58.0,80.0,80.0,55.0
2026-08-25,CSAG,v8b,ABSTAIN,none,70.2,21,2026-08-25,39.8,,,,,,pending,,58.0,80.0,80.0,55.0
2026-08-25,DAPH,v8b,HOLD,medium,52.0,5,2026-08-25,118.0,,,,,,pending,,50.0,10.0,89.1,35.0
2026-08-25,DAPH,v8b,HOLD,medium,52.0,21,2026-08-25,118.0,,,,,,pending,,50.0,10.0,89.1,35.0
2026-08-25,DOMT,v8b,ABSTAIN,none,67.2,5,2026-08-25,28.78,,,,,,pending,,60.0,65.0,72.0,70.0
2026-08-25,DOMT,v8b,ABSTAIN,none,67.2,21,2026-08-25,28.78,,,,,,pending,,60.0,65.0,72.0,70.0
2026-08-25,DSCW,v8b,HOLD,medium,64.3,5,2026-08-25,1.89,,,,,,pending,,50.0,75.0,72.0,55.0
2026-08-25,DSCW,v8b,HOLD,medium,64.3,21,2026-08-25,1.89,,,,,,pending,,50.0,75.0,72.0,55.0
2026-08-25,DTPP,v8b,REDUCE,medium,40.2,5,2026-08-25,297.1,,,,,,pending,,54.0,75.0,16.2,25.0
2026-08-25,DTPP,v8b,REDUCE,medium,40.2,21,2026-08-25,297.1,,,,,,pending,,54.0,75.0,16.2,25.0
2026-08-25,EALR,v8b,HOLD,medium,58.5,5,2026-08-25,402.29,,,,,,pending,,50.0,50.0,82.0,35.0
2026-08-25,EALR,v8b,HOLD,medium,58.5,21,2026-08-25,402.29,,,,,,pending,,50.0,50.0,82.0,35.0
2026-08-25,EASB,v8b,REDUCE,medium,44.0,5,2026-08-25,7.66,,,,,,pending,,50.0,55.0,42.6,25.0
2026-08-25,EASB,v8b,REDUCE,medium,44.0,21,2026-08-25,7.66,,,,,,pending,,50.0,55.0,42.6,25.0
2026-08-25,EAST,v8b,HOLD,low,51.0,5,2026-08-25,35.15,,,,,,pending,,30.0,92.0,37.0,55.0
2026-08-25,EAST,v8b,HOLD,low,51.0,21,2026-08-25,35.15,,,,,,pending,,30.0,92.0,37.0,55.0
2026-08-25,EBSC,v8b,HOLD,medium,58.9,5,2026-08-25,2.06,,,,,,pending,,50.0,55.0,72.0,50.0
2026-08-25,EBSC,v8b,HOLD,medium,58.9,21,2026-08-25,2.06,,,,,,pending,,50.0,55.0,72.0,50.0
2026-08-25,ECAP,v8b,ABSTAIN,none,68.0,5,2026-08-25,33.02,,,,,,pending,,50.0,75.0,85.0,50.0
2026-08-25,ECAP,v8b,ABSTAIN,none,68.0,21,2026-08-25,33.02,,,,,,pending,,50.0,75.0,85.0,50.0
2026-08-25,EDFM,v8b,ABSTAIN,none,74.6,5,2026-08-25,400.84,,,,,,pending,,54.0,80.0,80.0,85.0
2026-08-25,EDFM,v8b,ABSTAIN,none,74.6,21,2026-08-25,400.84,,,,,,pending,,54.0,80.0,80.0,85.0
2026-08-25,EEII,v8b,HOLD,medium,60.3,5,2026-08-25,2.92,,,,,,pending,,50.0,35.0,88.9,50.0
2026-08-25,EEII,v8b,HOLD,medium,60.3,21,2026-08-25,2.92,,,,,,pending,,50.0,35.0,88.9,50.0
2026-08-25,EFIC,v8b,HOLD,medium,56.6,5,2026-08-25,200.0,,,,,,pending,,50.0,75.0,50.0,55.0
2026-08-25,EFIC,v8b,HOLD,medium,56.6,21,2026-08-25,200.0,,,,,,pending,,50.0,75.0,50.0,55.0
2026-08-25,EFID,v8b,HOLD,medium,60.2,5,2026-08-25,32.47,,,,,,pending,,30.0,86.0,67.0,55.0
2026-08-25,EFID,v8b,HOLD,medium,60.2,21,2026-08-25,32.47,,,,,,pending,,30.0,86.0,67.0,55.0
2026-08-25,EFIH,v8b,ABSTAIN,none,65.6,5,2026-08-25,24.0,,,,,,pending,,20.0,97.0,82.0,55.0
2026-08-25,EFIH,v8b,ABSTAIN,none,65.6,21,2026-08-25,24.0,,,,,,pending,,20.0,97.0,82.0,55.0
2026-08-25,EGAL,v8b,ABSTAIN,none,70.0,5,2026-08-25,365.0,,,,,,pending,,50.0,92.0,79.9,50.0
2026-08-25,EGAL,v8b,ABSTAIN,none,70.0,21,2026-08-25,365.0,,,,,,pending,,50.0,92.0,79.9,50.0
2026-08-25,EGAS,v8b,HOLD,medium,61.8,5,2026-08-25,57.0,,,,,,pending,,50.0,55.0,70.0,70.0
2026-08-25,EGAS,v8b,HOLD,medium,61.8,21,2026-08-25,57.0,,,,,,pending,,50.0,55.0,70.0,70.0
2026-08-25,EGBE,v8b,ABSTAIN,none,76.1,5,2026-08-25,0.536,,,,,,pending,,50.0,87.0,90.0,70.0
2026-08-25,EGBE,v8b,ABSTAIN,none,76.1,21,2026-08-25,0.536,,,,,,pending,,50.0,87.0,90.0,70.0
2026-08-25,EGCH,v8b,HOLD,medium,59.7,5,2026-08-25,13.51,,,,,,pending,,50.0,81.0,55.0,55.0
2026-08-25,EGCH,v8b,HOLD,medium,59.7,21,2026-08-25,13.51,,,,,,pending,,50.0,81.0,55.0,55.0
2026-08-25,EGREF,v8b,ABSTAIN,none,56.1,5,2026-08-25,34.64,,,,,,pending,,50.0,55.0,77.0,25.0
2026-08-25,EGREF,v8b,ABSTAIN,none,56.1,21,2026-08-25,34.64,,,,,,pending,,50.0,55.0,77.0,25.0
2026-08-25,EGSA,v8b,HOLD,medium,63.7,5,2026-08-25,8.69,,,,,,pending,,54.0,52.0,67.0,85.0
2026-08-25,EGSA,v8b,HOLD,medium,63.7,21,2026-08-25,8.69,,,,,,pending,,54.0,52.0,67.0,85.0
2026-08-25,EGTS,v8b,REDUCE,medium,44.4,5,2026-08-25,17.0,,,,,,pending,,50.0,55.0,48.9,15.0
2026-08-25,EGTS,v8b,REDUCE,medium,44.4,21,2026-08-25,17.0,,,,,,pending,,50.0,55.0,48.9,15.0
2026-08-25,EHDR,v8b,HOLD,medium,63.4,5,2026-08-25,2.85,,,,,,pending,,50.0,55.0,85.0,50.0
2026-08-25,EHDR,v8b,HOLD,medium,63.4,21,2026-08-25,2.85,,,,,,pending,,50.0,55.0,85.0,50.0
2026-08-25,EIPI,v8b,ABSTAIN,none,69.8,5,2026-08-25,131.2,,,,,,pending,,85.0,81.0,70.1,35.0
2026-08-25,EIPI,v8b,ABSTAIN,none,69.8,21,2026-08-25,131.2,,,,,,pending,,85.0,81.0,70.1,35.0
2026-08-25,ELEC,v8b,REDUCE,medium,47.7,5,2026-08-25,2.08,,,,,,pending,,50.0,35.0,35.0,85.0
2026-08-25,ELEC,v8b,REDUCE,medium,47.7,21,2026-08-25,2.08,,,,,,pending,,50.0,35.0,35.0,85.0
2026-08-25,ELKA,v8b,REDUCE,medium,49.0,5,2026-08-25,1.77,,,,,,pending,,50.0,35.0,56.7,50.0
2026-08-25,ELKA,v8b,REDUCE,medium,49.0,21,2026-08-25,1.77,,,,,,pending,,50.0,35.0,56.7,50.0
2026-08-25,ELNA,v8b,REDUCE,medium,46.8,5,2026-08-25,37.01,,,,,,pending,,50.0,55.0,35.0,55.0
2026-08-25,ELNA,v8b,REDUCE,medium,46.8,21,2026-08-25,37.01,,,,,,pending,,50.0,55.0,35.0,55.0
2026-08-25,ELSH,v8b,REDUCE,medium,46.2,5,2026-08-25,13.26,,,,,,pending,,50.0,35.0,61.8,25.0
2026-08-25,ELSH,v8b,REDUCE,medium,46.2,21,2026-08-25,13.26,,,,,,pending,,50.0,35.0,61.8,25.0
2026-08-25,ELWA,v8b,HOLD,medium,63.3,5,2026-08-25,1.85,,,,,,pending,,50.0,35.0,95.0,55.0
2026-08-25,ELWA,v8b,HOLD,medium,63.3,21,2026-08-25,1.85,,,,,,pending,,50.0,35.0,95.0,55.0
2026-08-25,EMFD,v8b,HOLD,medium,59.2,5,2026-08-25,12.17,,,,,,pending,,40.0,35.0,90.0,55.0
2026-08-25,EMFD,v8b,HOLD,medium,59.2,21,2026-08-25,12.17,,,,,,pending,,40.0,35.0,90.0,55.0
2026-08-25,ENGC,v8b,HOLD,medium,63.2,5,2026-08-25,45.15,,,,,,pending,,50.0,50.0,85.0,55.0
2026-08-25,ENGC,v8b,HOLD,medium,63.2,21,2026-08-25,45.15,,,,,,pending,,50.0,50.0,85.0,55.0
2026-08-25,EOSB,v8b,ABSTAIN,none,69.0,5,2026-08-25,1.57,,,,,,pending,,50.0,75.0,70.0,85.0
2026-08-25,EOSB,v8b,ABSTAIN,none,69.0,21,2026-08-25,1.57,,,,,,pending,,50.0,75.0,70.0,85.0
2026-08-25,EPCO,v8b,HOLD,medium,62.5,5,2026-08-25,11.19,,,,,,pending,,50.0,67.0,72.0,55.0
2026-08-25,EPCO,v8b,HOLD,medium,62.5,21,2026-08-25,11.19,,,,,,pending,,50.0,67.0,72.0,55.0
2026-08-25,EPPK,v8b,ABSTAIN,none,65.2,5,2026-08-25,13.3,,,,,,pending,,50.0,75.0,77.0,50.0
2026-08-25,EPPK,v8b,ABSTAIN,none,65.2,21,2026-08-25,13.3,,,,,,pending,,50.0,75.0,77.0,50.0
2026-08-25,ETEL,v8b,ABSTAIN,none,75.1,5,2026-08-25,116.0,,,,,,pending,,50.0,87.0,95.0,55.0
2026-08-25,ETEL,v8b,ABSTAIN,none,75.1,21,2026-08-25,116.0,,,,,,pending,,50.0,87.0,95.0,55.0
2026-08-25,ETRS,v8b,ABSTAIN,none,73.9,5,2026-08-25,10.91,,,,,,pending,,50.0,80.0,91.0,65.0
2026-08-25,ETRS,v8b,ABSTAIN,none,73.9,21,2026-08-25,10.91,,,,,,pending,,50.0,80.0,91.0,65.0
2026-08-25,EXPA,v8b,ABSTAIN,none,72.4,5,2026-08-25,19.98,,,,,,pending,,50.0,87.0,72.0,85.0
2026-08-25,EXPA,v8b,ABSTAIN,none,72.4,21,2026-08-25,19.98,,,,,,pending,,50.0,87.0,72.0,85.0
2026-08-25,FAIT,v8b,ABSTAIN,none,70.1,5,2026-08-25,43.52,,,,,,pending,,89.0,55.0,67.0,70.0
2026-08-25,FAIT,v8b,ABSTAIN,none,70.1,21,2026-08-25,43.52,,,,,,pending,,89.0,55.0,67.0,70.0
2026-08-25,FAITA,v8b,HOLD,medium,55.6,5,2026-08-25,1.02,,,,,,pending,,54.0,55.0,42.0,85.0
2026-08-25,FAITA,v8b,HOLD,medium,55.6,21,2026-08-25,1.02,,,,,,pending,,54.0,55.0,42.0,85.0
2026-08-25,FNAR,v8b,REDUCE,medium,48.3,5,2026-08-25,12.44,,,,,,pending,,50.0,40.0,59.4,35.0
2026-08-25,FNAR,v8b,REDUCE,medium,48.3,21,2026-08-25,12.44,,,,,,pending,,50.0,40.0,59.4,35.0
2026-08-25,FTNS,v8b,HOLD,medium,54.5,5,2026-08-25,1.39,,,,,,pending,,50.0,35.0,70.0,55.0
2026-08-25,FTNS,v8b,HOLD,medium,54.5,21,2026-08-25,1.39,,,,,,pending,,50.0,35.0,70.0,55.0
2026-08-25,FWRY,v8b,ABSTAIN,none,66.3,5,2026-08-25,18.85,,,,,,pending,,50.0,87.0,70.0,55.0
2026-08-25,FWRY,v8b,ABSTAIN,none,66.3,21,2026-08-25,18.85,,,,,,pending,,50.0,87.0,70.0,55.0
2026-08-25,GBCO,v8b,HOLD,medium,52.7,5,2026-08-25,28.59,,,,,,pending,,50.0,50.0,55.0,55.0
2026-08-25,GBCO,v8b,HOLD,medium,52.7,21,2026-08-25,28.59,,,,,,pending,,50.0,50.0,55.0,55.0
2026-08-25,GDWA,v8b,REDUCE,medium,42.1,5,2026-08-25,0.787,,,,,,pending,,50.0,35.0,27.0,70.0
2026-08-25,GDWA,v8b,REDUCE,medium,42.1,21,2026-08-25,0.787,,,,,,pending,,50.0,35.0,27.0,70.0
2026-08-25,GGCC,v8b,HOLD,medium,53.2,5,2026-08-25,0.962,,,,,,pending,,50.0,68.0,70.6,5.0
2026-08-25,GGCC,v8b,HOLD,medium,53.2,21,2026-08-25,0.962,,,,,,pending,,50.0,68.0,70.6,5.0
2026-08-25,GIHD,v8b,HOLD,medium,63.4,5,2026-08-25,64.9,,,,,,pending,,50.0,80.0,76.6,35.0
2026-08-25,GIHD,v8b,HOLD,medium,63.4,21,2026-08-25,64.9,,,,,,pending,,50.0,80.0,76.6,35.0
2026-08-25,GMCI,v8b,HOLD,medium,62.5,5,2026-08-25,1.91,,,,,,pending,,50.0,75.0,67.0,55.0
2026-08-25,GMCI,v8b,HOLD,medium,62.5,21,2026-08-25,1.91,,,,,,pending,,50.0,75.0,67.0,55.0
2026-08-25,GRCA,v8b,HOLD,medium,58.4,5,2026-08-25,72.64,,,,,,pending,,50.0,52.0,80.2,35.0
2026-08-25,GRCA,v8b,HOLD,medium,58.4,21,2026-08-25,72.64,,,,,,pending,,50.0,52.0,80.2,35.0
2026-08-25,GSSC,v8b,HOLD,medium,64.3,5,2026-08-25,286.29,,,,,,pending,,50.0,75.0,72.0,55.0
2026-08-25,GSSC,v8b,HOLD,medium,64.3,21,2026-08-25,286.29,,,,,,pending,,50.0,75.0,72.0,55.0
2026-08-25,GTWL,v8b,HOLD,medium,52.7,5,2026-08-25,218.9,,,,,,pending,,50.0,62.0,50.0,50.0
2026-08-25,GTWL,v8b,HOLD,medium,52.7,21,2026-08-25,218.9,,,,,,pending,,50.0,62.0,50.0,50.0
2026-08-25,HDBK,v8b,REDUCE,medium,37.6,5,2026-08-25,96.4,,,,,,pending,,64.0,52.0,27.0,5.0
2026-08-25,HDBK,v8b,REDUCE,medium,37.6,21,2026-08-25,96.4,,,,,,pending,,64.0,52.0,27.0,5.0
2026-08-25,HELI,v8b,HOLD,low,52.1,5,2026-08-25,7.66,,,,,,pending,,24.0,50.0,73.8,50.0
2026-08-25,HELI,v8b,HOLD,low,52.1,21,2026-08-25,7.66,,,,,,pending,,24.0,50.0,73.8,50.0
2026-08-25,HRHO,v8b,HOLD,medium,55.3,5,2026-08-25,25.9,,,,,,pending,,85.0,56.0,27.0,70.0
2026-08-25,HRHO,v8b,HOLD,medium,55.3,21,2026-08-25,25.9,,,,,,pending,,85.0,56.0,27.0,70.0
2026-08-25,IBCT,v8b,HOLD,medium,61.6,5,2026-08-25,12.75,,,,,,pending,,50.0,75.0,67.0,50.0
2026-08-25,IBCT,v8b,HOLD,medium,61.6,21,2026-08-25,12.75,,,,,,pending,,50.0,75.0,67.0,50.0
2026-08-25,ICFC,v8b,ABSTAIN,none,67.1,5,2026-08-25,21.29,,,,,,pending,,50.0,75.0,80.0,55.0
2026-08-25,ICFC,v8b,ABSTAIN,none,67.1,21,2026-08-25,21.29,,,,,,pending,,50.0,75.0,80.0,55.0
2026-08-25,ICID,v8b,AVOID,medium,31.7,5,2026-08-25,16.88,,,,,,pending,,50.0,55.0,0,40.0
2026-08-25,ICID,v8b,AVOID,medium,31.7,21,2026-08-25,16.88,,,,,,pending,,50.0,55.0,0,40.0
2026-08-25,IDRE,v8b,ABSTAIN,none,68.0,5,2026-08-25,52.6,,,,,,pending,,50.0,80.0,82.0,50.0
2026-08-25,IDRE,v8b,ABSTAIN,none,68.0,21,2026-08-25,52.6,,,,,,pending,,50.0,80.0,82.0,50.0
2026-08-25,IFAP,v8b,HOLD,medium,55.3,5,2026-08-25,20.87,,,,,,pending,,50.0,35.0,72.0,55.0
2026-08-25,IFAP,v8b,HOLD,medium,55.3,21,2026-08-25,20.87,,,,,,pending,,50.0,35.0,72.0,55.0
2026-08-25,INEG,v8b,REDUCE,medium,47.3,5,2026-08-25,0.55,,,,,,pending,,50.0,35.0,52.0,50.0
2026-08-25,INEG,v8b,REDUCE,medium,47.3,21,2026-08-25,0.55,,,,,,pending,,50.0,35.0,52.0,50.0
2026-08-25,INFI,v8b,HOLD,medium,61.4,5,2026-08-25,157.03,,,,,,pending,,50.0,86.0,67.0,35.0
2026-08-25,INFI,v8b,HOLD,medium,61.4,21,2026-08-25,157.03,,,,,,pending,,50.0,86.0,67.0,35.0
2026-08-25,IRON,v8b,REDUCE,medium,43.9,5,2026-08-25,30.77,,,,,,pending,,50.0,47.0,32.0,55.0
2026-08-25,IRON,v8b,REDUCE,medium,43.9,21,2026-08-25,30.77,,,,,,pending,,50.0,47.0,32.0,55.0
2026-08-25,ISMA,v8b,HOLD,medium,51.6,5,2026-08-25,39.42,,,,,,pending,,50.0,80.0,35.3,50.0
2026-08-25,ISMA,v8b,HOLD,medium,51.6,21,2026-08-25,39.42,,,,,,pending,,50.0,80.0,35.3,50.0
2026-08-25,ISMQ,v8b,ABSTAIN,none,67.3,5,2026-08-25,9.13,,,,,,pending,,54.0,80.0,67.0,70.0
2026-08-25,ISMQ,v8b,ABSTAIN,none,67.3,21,2026-08-25,9.13,,,,,,pending,,54.0,80.0,67.0,70.0
2026-08-25,ISPH,v8b,HOLD,medium,62.3,5,2026-08-25,12.92,,,,,,pending,,50.0,70.0,72.0,50.0
2026-08-25,ISPH,v8b,HOLD,medium,62.3,21,2026-08-25,12.92,,,,,,pending,,50.0,70.0,72.0,50.0
2026-08-25,JUFO,v8b,HOLD,medium,55.6,5,2026-08-25,27.25,,,,,,pending,,50.0,75.0,55.0,40.0
2026-08-25,JUFO,v8b,HOLD,medium,55.6,21,2026-08-25,27.25,,,,,,pending,,50.0,75.0,55.0,40.0
2026-08-25,KABO,v8b,ABSTAIN,none,69.8,5,2026-08-25,9.11,,,,,,pending,,50.0,75.0,87.7,55.0
2026-08-25,KABO,v8b,ABSTAIN,none,69.8,21,2026-08-25,9.11,,,,,,pending,,50.0,75.0,87.7,55.0
2026-08-25,KWIN,v8b,HOLD,medium,54.5,5,2026-08-25,108.5,,,,,,pending,,50.0,50.0,75.7,25.0
2026-08-25,KWIN,v8b,HOLD,medium,54.5,21,2026-08-25,108.5,,,,,,pending,,50.0,50.0,75.7,25.0
2026-08-25,KZPC,v8b,HOLD,medium,50.0,5,2026-08-25,12.8,,,,,,pending,,54.0,50.0,60.0,25.0
2026-08-25,KZPC,v8b,HOLD,medium,50.0,21,2026-08-25,12.8,,,,,,pending,,54.0,50.0,60.0,25.0
2026-08-25,LCSW,v8b,HOLD,medium,61.5,5,2026-08-25,34.0,,,,,,pending,,50.0,50.0,80.0,55.0
2026-08-25,LCSW,v8b,HOLD,medium,61.5,21,2026-08-25,34.0,,,,,,pending,,50.0,50.0,80.0,55.0
2026-08-25,MAAL,v8b,HOLD,medium,50.3,5,2026-08-25,9.48,,,,,,pending,,50.0,63.0,42.5,50.0
2026-08-25,MAAL,v8b,HOLD,medium,50.3,21,2026-08-25,9.48,,,,,,pending,,50.0,63.0,42.5,50.0
2026-08-25,MASR,v8b,ABSTAIN,none,69.8,5,2026-08-25,7.55,,,,,,pending,,50.0,87.0,80.0,55.0
2026-08-25,MASR,v8b,ABSTAIN,none,69.8,21,2026-08-25,7.55,,,,,,pending,,50.0,87.0,80.0,55.0
2026-08-25,MBEG,v8b,HOLD,medium,56.1,5,2026-08-25,6.95,,,,,,pending,,50.0,50.0,75.0,35.0
2026-08-25,MBEG,v8b,HOLD,medium,56.1,21,2026-08-25,6.95,,,,,,pending,,50.0,50.0,75.0,35.0
2026-08-25,MBSC,v8b,ABSTAIN,none,66.6,5,2026-08-25,392.52,,,,,,pending,,58.0,80.0,80.0,35.0
2026-08-25,MBSC,v8b,ABSTAIN,none,66.6,21,2026-08-25,392.52,,,,,,pending,,58.0,80.0,80.0,35.0
2026-08-25,MCQE,v8b,ABSTAIN,none,66.3,5,2026-08-25,233.0,,,,,,pending,,54.0,80.0,82.0,35.0
2026-08-25,MCQE,v8b,ABSTAIN,none,66.3,21,2026-08-25,233.0,,,,,,pending,,54.0,80.0,82.0,35.0
2026-08-25,MCRO,v8b,HOLD,medium,56.4,5,2026-08-25,1.5,,,,,,pending,,50.0,75.0,52.0,50.0
2026-08-25,MCRO,v8b,HOLD,medium,56.4,21,2026-08-25,1.5,,,,,,pending,,50.0,75.0,52.0,50.0
2026-08-25,MENA,v8b,ABSTAIN,none,67.6,5,2026-08-25,6.9,,,,,,pending,,50.0,80.0,72.9,65.0
2026-08-25,MENA,v8b,ABSTAIN,none,67.6,21,2026-08-25,6.9,,,,,,pending,,50.0,80.0,72.9,65.0
2026-08-25,MEPA,v8b,ABSTAIN,none,65.4,5,2026-08-25,1.8,,,,,,pending,,50.0,80.0,72.0,55.0
2026-08-25,MEPA,v8b,ABSTAIN,none,65.4,21,2026-08-25,1.8,,,,,,pending,,50.0,80.0,72.0,55.0
2026-08-25,MFPC,v8b,ABSTAIN,none,66.0,5,2026-08-25,39.34,,,,,,pending,,83.0,67.0,67.0,40.0
2026-08-25,MFPC,v8b,ABSTAIN,none,66.0,21,2026-08-25,39.34,,,,,,pending,,83.0,67.0,67.0,40.0
2026-08-25,MFSC,v8b,ABSTAIN,none,65.2,5,2026-08-25,49.32,,,,,,pending,,54.0,80.0,84.0,25.0
2026-08-25,MFSC,v8b,ABSTAIN,none,65.2,21,2026-08-25,49.32,,,,,,pending,,54.0,80.0,84.0,25.0
2026-08-25,MHOT,v8b,REDUCE,medium,45.3,5,2026-08-25,18.3,,,,,,pending,,54.0,92.0,30.0,5.0
2026-08-25,MHOT,v8b,REDUCE,medium,45.3,21,2026-08-25,18.3,,,,,,pending,,54.0,92.0,30.0,5.0
2026-08-25,MICH,v8b,ABSTAIN,none,72.5,5,2026-08-25,49.01,,,,,,pending,,58.0,92.0,81.5,50.0
2026-08-25,MICH,v8b,ABSTAIN,none,72.5,21,2026-08-25,49.01,,,,,,pending,,58.0,92.0,81.5,50.0
2026-08-25,MILS,v8b,HOLD,medium,60.4,5,2026-08-25,216.04,,,,,,pending,,50.0,80.0,73.1,25.0
2026-08-25,MILS,v8b,HOLD,medium,60.4,21,2026-08-25,216.04,,,,,,pending,,50.0,80.0,73.1,25.0
2026-08-25,MIPH,v8b,HOLD,medium,53.4,5,2026-08-25,790.75,,,,,,pending,,50.0,35.0,69.3,50.0
2026-08-25,MIPH,v8b,HOLD,medium,53.4,21,2026-08-25,790.75,,,,,,pending,,50.0,35.0,69.3,50.0
2026-08-25,MISR,v8b,HOLD,medium,55.4,5,2026-08-25,5.51,,,,,,pending,,50.0,62.0,50.0,65.0
2026-08-25,MISR,v8b,HOLD,medium,55.4,21,2026-08-25,5.51,,,,,,pending,,50.0,62.0,50.0,65.0
2026-08-25,MOED,v8b,REDUCE,medium,42.1,5,2026-08-25,0.783,,,,,,pending,,50.0,55.0,27.0,45.0
2026-08-25,MOED,v8b,REDUCE,medium,42.1,21,2026-08-25,0.783,,,,,,pending,,50.0,55.0,27.0,45.0
2026-08-25,MOIL,v8b,ABSTAIN,none,66.9,5,2026-08-25,0.663,,,,,,pending,,50.0,75.0,79.4,55.0
2026-08-25,MOIL,v8b,ABSTAIN,none,66.9,21,2026-08-25,0.663,,,,,,pending,,50.0,75.0,79.4,55.0
2026-08-25,MOIN,v8b,ABSTAIN,none,68.1,5,2026-08-25,34.89,,,,,,pending,,50.0,86.0,78.4,50.0
2026-08-25,MOIN,v8b,ABSTAIN,none,68.1,21,2026-08-25,34.89,,,,,,pending,,50.0,86.0,78.4,50.0
2026-08-25,MOSC,v8b,HOLD,medium,54.3,5,2026-08-25,328.57,,,,,,pending,,50.0,80.0,55.9,25.0
2026-08-25,MOSC,v8b,HOLD,medium,54.3,21,2026-08-25,328.57,,,,,,pending,,50.0,80.0,55.9,25.0
2026-08-25,MPCI,v8b,REDUCE,medium,49.4,5,2026-08-25,402.54,,,,,,pending,,54.0,92.0,23.8,40.0
2026-08-25,MPCI,v8b,REDUCE,medium,49.4,21,2026-08-25,402.54,,,,,,pending,,54.0,92.0,23.8,40.0
2026-08-25,MPCO,v8b,ABSTAIN,none,65.2,5,2026-08-25,2.23,,,,,,pending,,50.0,75.0,77.2,50.0
2026-08-25,MPCO,v8b,ABSTAIN,none,65.2,21,2026-08-25,2.23,,,,,,pending,,50.0,75.0,77.2,50.0
2026-08-25,MPRC,v8b,ABSTAIN,none,68.2,5,2026-08-25,42.35,,,,,,pending,,50.0,92.0,74.8,50.0
2026-08-25,MPRC,v8b,ABSTAIN,none,68.2,21,2026-08-25,42.35,,,,,,pending,,50.0,92.0,74.8,50.0
2026-08-25,MTIE,v8b,HOLD,medium,55.7,5,2026-08-25,8.51,,,,,,pending,,50.0,80.0,47.0,50.0
2026-08-25,MTIE,v8b,HOLD,medium,55.7,21,2026-08-25,8.51,,,,,,pending,,50.0,80.0,47.0,50.0
2026-08-25,NAHO,v8b,HOLD,medium,55.5,5,2026-08-25,0.141,,,,,,pending,,50.0,75.0,47.0,55.0
2026-08-25,NAHO,v8b,HOLD,medium,55.5,21,2026-08-25,0.141,,,,,,pending,,50.0,75.0,47.0,55.0
2026-08-25,NCCW,v8b,HOLD,medium,55.5,5,2026-08-25,5.87,,,,,,pending,,50.0,40.0,72.0,50.0
2026-08-25,NCCW,v8b,HOLD,medium,55.5,21,2026-08-25,5.87,,,,,,pending,,50.0,40.0,72.0,50.0
2026-08-25,NEDA,v8b,HOLD,medium,59.9,5,2026-08-25,2.78,,,,,,pending,,50.0,40.0,82.0,55.0
2026-08-25,NEDA,v8b,HOLD,medium,59.9,21,2026-08-25,2.78,,,,,,pending,,50.0,40.0,82.0,55.0
2026-08-25,NHPS,v8b,HOLD,medium,63.8,5,2026-08-25,91.58,,,,,,pending,,54.0,55.0,83.2,50.0
2026-08-25,NHPS,v8b,HOLD,medium,63.8,21,2026-08-25,91.58,,,,,,pending,,54.0,55.0,83.2,50.0
2026-08-25,NINH,v8b,HOLD,medium,61.7,5,2026-08-25,24.5,,,,,,pending,,50.0,92.0,74.3,15.0
2026-08-25,NINH,v8b,HOLD,medium,61.7,21,2026-08-25,24.5,,,,,,pending,,50.0,92.0,74.3,15.0
2026-08-25,NIPH,v8b,AVOID,medium,34.9,5,2026-08-25,372.3,,,,,,pending,,50.0,81.0,0,25.0
2026-08-25,NIPH,v8b,AVOID,medium,34.9,21,2026-08-25,372.3,,,,,,pending,,50.0,81.0,0,25.0
2026-08-25,OBRI,v8b,HOLD,medium,62.1,5,2026-08-25,32.2,,,,,,pending,,50.0,80.0,65.0,50.0
2026-08-25,OBRI,v8b,HOLD,medium,62.1,21,2026-08-25,32.2,,,,,,pending,,50.0,80.0,65.0,50.0
2026-08-25,OCDI,v8b,HOLD,medium,58.9,5,2026-08-25,31.5,,,,,,pending,,50.0,62.0,67.6,50.0
2026-08-25,OCDI,v8b,HOLD,medium,58.9,21,2026-08-25,31.5,,,,,,pending,,50.0,62.0,67.6,50.0
2026-08-25,OCPH,v8b,HOLD,medium,59.8,5,2026-08-25,257.08,,,,,,pending,,50.0,75.0,85.0,5.0
2026-08-25,OCPH,v8b,HOLD,medium,59.8,21,2026-08-25,257.08,,,,,,pending,,50.0,75.0,85.0,5.0
2026-08-25,ODIN,v8b,HOLD,medium,62.2,5,2026-08-25,3.28,,,,,,pending,,50.0,80.0,73.1,35.0
2026-08-25,ODIN,v8b,HOLD,medium,62.2,21,2026-08-25,3.28,,,,,,pending,,50.0,80.0,73.1,35.0
2026-08-25,OFH,v8b,HOLD,medium,64.3,5,2026-08-25,1.1,,,,,,pending,,50.0,80.0,68.9,55.0
2026-08-25,OFH,v8b,HOLD,medium,64.3,21,2026-08-25,1.1,,,,,,pending,,50.0,80.0,68.9,55.0
2026-08-25,OIH,v8b,ABSTAIN,none,66.7,5,2026-08-25,2.0,,,,,,pending,,50.0,75.0,78.9,55.0
2026-08-25,OIH,v8b,ABSTAIN,none,66.7,21,2026-08-25,2.0,,,,,,pending,,50.0,75.0,78.9,55.0
2026-08-25,OLFI,v8b,ABSTAIN,none,65.3,5,2026-08-25,23.3,,,,,,pending,,54.0,75.0,72.0,55.0
2026-08-25,OLFI,v8b,ABSTAIN,none,65.3,21,2026-08-25,23.3,,,,,,pending,,54.0,75.0,72.0,55.0
2026-08-25,ORAS,v8b,HOLD,medium,58.4,5,2026-08-25,71.05,,,,,,pending,,50.0,75.0,50.0,65.0
2026-08-25,ORAS,v8b,HOLD,medium,58.4,21,2026-08-25,71.05,,,,,,pending,,50.0,75.0,50.0,65.0
2026-08-25,ORHD,v8b,ABSTAIN,none,77.9,5,2026-08-25,42.48,,,,,,pending,,75.0,92.0,75.0,70.0
2026-08-25,ORHD,v8b,ABSTAIN,none,77.9,21,2026-08-25,42.48,,,,,,pending,,75.0,92.0,75.0,70.0
2026-08-25,ORWE,v8b,ABSTAIN,none,74.4,5,2026-08-25,25.6,,,,,,pending,,89.0,62.0,67.0,85.0
2026-08-25,ORWE,v8b,ABSTAIN,none,74.4,21,2026-08-25,25.6,,,,,,pending,,89.0,62.0,67.0,85.0
2026-08-25,PHAR,v8b,HOLD,medium,61.4,5,2026-08-25,131.2,,,,,,pending,,50.0,81.0,70.1,35.0
2026-08-25,PHAR,v8b,HOLD,medium,61.4,21,2026-08-25,131.2,,,,,,pending,,50.0,81.0,70.1,35.0
2026-08-25,PHDC,v8b,ABSTAIN,none,76.2,5,2026-08-25,14.67,,,,,,pending,,85.0,86.0,77.4,50.0
2026-08-25,PHDC,v8b,ABSTAIN,none,76.2,21,2026-08-25,14.67,,,,,,pending,,85.0,86.0,77.4,50.0
2026-08-25,PHTV,v8b,HOLD,medium,60.5,5,2026-08-25,347.01,,,,,,pending,,50.0,75.0,63.7,50.0
2026-08-25,PHTV,v8b,HOLD,medium,60.5,21,2026-08-25,347.01,,,,,,pending,,50.0,75.0,63.7,50.0
2026-08-25,POUL,v8b,ABSTAIN,none,65.3,5,2026-08-25,38.44,,,,,,pending,,50.0,75.0,67.0,70.0
2026-08-25,POUL,v8b,ABSTAIN,none,65.3,21,2026-08-25,38.44,,,,,,pending,,50.0,75.0,67.0,70.0
2026-08-25,PRCL,v8b,HOLD,medium,52.2,5,2026-08-25,33.2,,,,,,pending,,50.0,75.0,53.1,25.0
2026-08-25,PRCL,v8b,HOLD,medium,52.2,21,2026-08-25,33.2,,,,,,pending,,50.0,75.0,53.1,25.0
2026-08-25,PRDC,v8b,REDUCE,medium,46.6,5,2026-08-25,9.4,,,,,,pending,,50.0,50.0,48.1,35.0
2026-08-25,PRDC,v8b,REDUCE,medium,46.6,21,2026-08-25,9.4,,,,,,pending,,50.0,50.0,48.1,35.0
2026-08-25,PRMH,v8b,HOLD,medium,61.7,5,2026-08-25,2.46,,,,,,pending,,50.0,67.0,80.0,35.0
2026-08-25,PRMH,v8b,HOLD,medium,61.7,21,2026-08-25,2.46,,,,,,pending,,50.0,67.0,80.0,35.0
2026-08-25,RACC,v8b,HOLD,medium,62.5,5,2026-08-25,9.76,,,,,,pending,,50.0,75.0,67.0,55.0
2026-08-25,RACC,v8b,HOLD,medium,62.5,21,2026-08-25,9.76,,,,,,pending,,50.0,75.0,67.0,55.0
2026-08-25,RAKT,v8b,ABSTAIN,none,45.6,5,2026-08-25,22.25,,,,,,pending,,50.0,50.0,35.0,55.0
2026-08-25,RAKT,v8b,ABSTAIN,none,45.6,21,2026-08-25,22.25,,,,,,pending,,50.0,50.0,35.0,55.0
2026-08-25,RAYA,v8b,ABSTAIN,none,65.2,5,2026-08-25,7.39,,,,,,pending,,50.0,75.0,77.0,50.0
2026-08-25,RAYA,v8b,ABSTAIN,none,65.2,21,2026-08-25,7.39,,,,,,pending,,50.0,75.0,77.0,50.0
2026-08-25,RKAZ,v8b,HOLD,medium,59.2,5,2026-08-25,4.24,,,,,,pending,,50.0,67.0,78.1,25.0
2026-08-25,RKAZ,v8b,HOLD,medium,59.2,21,2026-08-25,4.24,,,,,,pending,,50.0,67.0,78.1,25.0
2026-08-25,RMDA,v8b,ABSTAIN,none,66.8,5,2026-08-25,6.14,,,,,,pending,,50.0,62.0,90.0,50.0
2026-08-25,RMDA,v8b,ABSTAIN,none,66.8,21,2026-08-25,6.14,,,,,,pending,,50.0,62.0,90.0,50.0
2026-08-25,ROTO,v8b,ABSTAIN,none,68.5,5,2026-08-25,44.43,,,,,,pending,,50.0,81.0,82.8,50.0
2026-08-25,ROTO,v8b,ABSTAIN,none,68.5,21,2026-08-25,44.43,,,,,,pending,,50.0,81.0,82.8,50.0
2026-08-25,RREI,v8b,HOLD,medium,52.5,5,2026-08-25,4.28,,,,,,pending,,50.0,50.0,64.8,35.0
2026-08-25,RREI,v8b,HOLD,medium,52.5,21,2026-08-25,4.28,,,,,,pending,,50.0,50.0,64.8,35.0
2026-08-25,RTVC,v8b,ABSTAIN,none,67.8,5,2026-08-25,4.13,,,,,,pending,,50.0,75.0,82.0,55.0
2026-08-25,RTVC,v8b,ABSTAIN,none,67.8,21,2026-08-25,4.13,,,,,,pending,,50.0,75.0,82.0,55.0
2026-08-25,RUBX,v8b,HOLD,medium,60.6,5,2026-08-25,12.9,,,,,,pending,,50.0,50.0,80.0,50.0
2026-08-25,RUBX,v8b,HOLD,medium,60.6,21,2026-08-25,12.9,,,,,,pending,,50.0,50.0,80.0,50.0
2026-08-25,SAUD,v8b,ABSTAIN,none,71.9,5,2026-08-25,23.03,,,,,,pending,,54.0,92.0,80.0,55.0
2026-08-25,SAUD,v8b,ABSTAIN,none,71.9,21,2026-08-25,23.03,,,,,,pending,,54.0,92.0,80.0,55.0
2026-08-25,SCEM,v8b,ABSTAIN,none,67.0,5,2026-08-25,98.0,,,,,,pending,,50.0,75.0,89.9,35.0
2026-08-25,SCEM,v8b,ABSTAIN,none,67.0,21,2026-08-25,98.0,,,,,,pending,,50.0,75.0,89.9,35.0
2026-08-25,SCFM,v8b,HOLD,medium,60.1,5,2026-08-25,288.1,,,,,,pending,,50.0,80.0,67.0,35.0
2026-08-25,SCFM,v8b,HOLD,medium,60.1,21,2026-08-25,288.1,,,,,,pending,,50.0,80.0,67.0,35.0
2026-08-25,SCTS,v8b,HOLD,medium,55.9,5,2026-08-25,620.69,,,,,,pending,,50.0,80.0,60.3,25.0
2026-08-25,SCTS,v8b,HOLD,medium,55.9,21,2026-08-25,620.69,,,,,,pending,,50.0,80.0,60.3,25.0
2026-08-25,SDTI,v8b,ABSTAIN,none,66.5,5,2026-08-25,70.0,,,,,,pending,,50.0,80.0,67.3,70.0
2026-08-25,SDTI,v8b,ABSTAIN,none,66.5,21,2026-08-25,70.0,,,,,,pending,,50.0,80.0,67.3,70.0
2026-08-25,SEIG,v8b,HOLD,medium,59.7,5,2026-08-25,259.1,,,,,,pending,,50.0,67.0,74.3,35.0
2026-08-25,SEIG,v8b,HOLD,medium,59.7,21,2026-08-25,259.1,,,,,,pending,,50.0,67.0,74.3,35.0
2026-08-25,SEIGA,v8b,HOLD,medium,52.7,5,2026-08-25,63.29,,,,,,pending,,50.0,50.0,50.0,65.0
2026-08-25,SEIGA,v8b,HOLD,medium,52.7,21,2026-08-25,63.29,,,,,,pending,,50.0,50.0,50.0,65.0
2026-08-25,SIPC,v8b,ABSTAIN,none,69.9,5,2026-08-25,4.9,,,,,,pending,,50.0,80.0,87.4,50.0
2026-08-25,SIPC,v8b,ABSTAIN,none,69.9,21,2026-08-25,4.9,,,,,,pending,,50.0,80.0,87.4,50.0
2026-08-25,SKPC,v8b,HOLD,medium,52.2,5,2026-08-25,17.21,,,,,,pending,,54.0,75.0,35.0,55.0
2026-08-25,SKPC,v8b,HOLD,medium,52.2,21,2026-08-25,17.21,,,,,,pending,,54.0,75.0,35.0,55.0
2026-08-25,SMFR,v8b,HOLD,medium,58.7,5,2026-08-25,260.85,,,,,,pending,,50.0,40.0,88.8,35.0
2026-08-25,SMFR,v8b,HOLD,medium,58.7,21,2026-08-25,260.85,,,,,,pending,,50.0,40.0,88.8,35.0
2026-08-25,SNFC,v8b,HOLD,medium,57.3,5,2026-08-25,10.5,,,,,,pending,,50.0,55.0,65.0,55.0
2026-08-25,SNFC,v8b,HOLD,medium,57.3,21,2026-08-25,10.5,,,,,,pending,,50.0,55.0,65.0,55.0
2026-08-25,SODIC,v8b,HOLD,low,54.1,5,2026-08-25,31.5,,,,,,pending,,30.0,62.0,67.6,50.0
2026-08-25,SODIC,v8b,HOLD,low,54.1,21,2026-08-25,31.5,,,,,,pending,,30.0,62.0,67.6,50.0
2026-08-25,SPIN,v8b,ABSTAIN,none,66.8,5,2026-08-25,19.16,,,,,,pending,,50.0,50.0,90.0,65.0
2026-08-25,SPIN,v8b,ABSTAIN,none,66.8,21,2026-08-25,19.16,,,,,,pending,,50.0,50.0,90.0,65.0
2026-08-25,SPMD,v8b,ABSTAIN,none,71.6,5,2026-08-25,0.459,,,,,,pending,,50.0,75.0,85.0,70.0
2026-08-25,SPMD,v8b,ABSTAIN,none,71.6,21,2026-08-25,0.459,,,,,,pending,,50.0,75.0,85.0,70.0
2026-08-25,SUGR,v8b,HOLD,medium,56.7,5,2026-08-25,57.24,,,,,,pending,,50.0,37.0,67.0,70.0
2026-08-25,SUGR,v8b,HOLD,medium,56.7,21,2026-08-25,57.24,,,,,,pending,,50.0,37.0,67.0,70.0
2026-08-25,SVCE,v8b,ABSTAIN,none,67.0,5,2026-08-25,11.0,,,,,,pending,,50.0,75.0,95.0,25.0
2026-08-25,SVCE,v8b,ABSTAIN,none,67.0,21,2026-08-25,11.0,,,,,,pending,,50.0,75.0,95.0,25.0
2026-08-25,SWDY,v8b,ABSTAIN,none,69.0,5,2026-08-25,127.99,,,,,,pending,,50.0,75.0,77.6,70.0
2026-08-25,SWDY,v8b,ABSTAIN,none,69.0,21,2026-08-25,127.99,,,,,,pending,,50.0,75.0,77.6,70.0
2026-08-25,TALM,v8b,ABSTAIN,none,70.5,5,2026-08-25,17.65,,,,,,pending,,50.0,87.0,82.0,55.0
2026-08-25,TALM,v8b,ABSTAIN,none,70.5,21,2026-08-25,17.65,,,,,,pending,,50.0,87.0,82.0,55.0
2026-08-25,TMGH,v8b,HOLD,medium,64.1,5,2026-08-25,97.51,,,,,,pending,,50.0,74.0,72.0,55.0
2026-08-25,TMGH,v8b,HOLD,medium,64.1,21,2026-08-25,97.51,,,,,,pending,,50.0,74.0,72.0,55.0
2026-08-25,TRTO,v8b,HOLD,medium,57.8,5,2026-08-25,0.051,,,,,,pending,,50.0,55.0,74.2,40.0
2026-08-25,TRTO,v8b,HOLD,medium,57.8,21,2026-08-25,0.051,,,,,,pending,,50.0,55.0,74.2,40.0
2026-08-25,UEFM,v8b,HOLD,medium,64.6,5,2026-08-25,537.75,,,,,,pending,,54.0,80.0,67.0,55.0
2026-08-25,UEFM,v8b,HOLD,medium,64.6,21,2026-08-25,537.75,,,,,,pending,,54.0,80.0,67.0,55.0
2026-08-25,UEGC,v8b,HOLD,medium,55.9,5,2026-08-25,2.04,,,,,,pending,,50.0,50.0,71.8,40.0
2026-08-25,UEGC,v8b,HOLD,medium,55.9,21,2026-08-25,2.04,,,,,,pending,,50.0,50.0,71.8,40.0
2026-08-25,UNIP,v8b,HOLD,medium,61.5,5,2026-08-25,0.372,,,,,,pending,,50.0,50.0,80.0,55.0
2026-08-25,UNIP,v8b,HOLD,medium,61.5,21,2026-08-25,0.372,,,,,,pending,,50.0,50.0,80.0,55.0
2026-08-25,UNIT,v8b,HOLD,medium,54.3,5,2026-08-25,18.61,,,,,,pending,,50.0,62.0,67.3,25.0
2026-08-25,UNIT,v8b,HOLD,medium,54.3,21,2026-08-25,18.61,,,,,,pending,,50.0,62.0,67.3,25.0
2026-08-25,WCDF,v8b,HOLD,medium,63.5,5,2026-08-25,642.05,,,,,,pending,,54.0,75.0,67.0,55.0
2026-08-25,WCDF,v8b,HOLD,medium,63.5,21,2026-08-25,642.05,,,,,,pending,,54.0,75.0,67.0,55.0
2026-08-25,WKOL,v8b,ABSTAIN,none,73.6,5,2026-08-25,347.66,,,,,,pending,,54.0,92.0,95.0,35.0
2026-08-25,WKOL,v8b,ABSTAIN,none,73.6,21,2026-08-25,347.66,,,,,,pending,,54.0,92.0,95.0,35.0
2026-08-25,ZEOT,v8b,HOLD,medium,63.4,5,2026-08-25,13.96,,,,,,pending,,50.0,75.0,71.9,50.0
2026-08-25,ZEOT,v8b,HOLD,medium,63.4,21,2026-08-25,13.96,,,,,,pending,,50.0,75.0,71.9,50.0
2026-08-25,ZMID,v8b,ABSTAIN,none,74.8,5,2026-08-25,8.6,,,,,,pending,,50.0,80.0,90.8,70.0
2026-08-25,ZMID,v8b,ABSTAIN,none,74.8,21,2026-08-25,8.6,,,,,,pending,,50.0,80.0,90.8,70.0
2026-08-25,LUTS,w1,WEEKLY_BUY,weekly,66.24,5,2026-08-25,0.9704,,,,,,pending,,,,,
2026-08-25,LUTS,w1,WEEKLY_BUY,weekly,66.24,21,2026-08-25,0.9704,,,,,,pending,,,,,
2026-08-25,AMIA,w1,WEEKLY_BUY,weekly,53.98,5,2026-08-25,19.0,,,,,,pending,,,,,
2026-08-25,AMIA,w1,WEEKLY_BUY,weekly,53.98,21,2026-08-25,19.0,,,,,,pending,,,,,
2026-08-25,CAED,w1,WEEKLY_BUY,weekly,43.47,5,2026-08-25,149.95,,,,,,pending,,,,,
2026-08-25,CAED,w1,WEEKLY_BUY,weekly,43.47,21,2026-08-25,149.95,,,,,,pending,,,,,
2026-08-25,AMES,w1,WEEKLY_BUY,weekly,36.48,5,2026-08-25,147.75,,,,,,pending,,,,,
2026-08-25,AMES,w1,WEEKLY_BUY,weekly,36.48,21,2026-08-25,147.75,,,,,,pending,,,,,
2026-08-25,FIRE,w1,WEEKLY_BUY,weekly,30.91,5,2026-08-25,5.74,,,,,,pending,,,,,
2026-08-25,FIRE,w1,WEEKLY_BUY,weekly,30.91,21,2026-08-25,5.74,,,,,,pending,,,,,
2026-08-26,AMIA,v8b,AVOID,medium,34.0,5,2026-08-29,19.1,,,,,,pending,,50.0,69.0,0,35.0
2026-08-26,AMIA,v8b,AVOID,medium,34.0,21,2026-08-29,19.1,,,,,,pending,,50.0,69.0,0,35.0
2026-08-26,AMES,v8b,REDUCE,medium,36.4,5,2026-08-26,147.75,,,,,,pending,,50.0,62.0,26.9,5.0
2026-08-26,AMES,v8b,REDUCE,medium,36.4,21,2026-08-26,147.75,,,,,,pending,,50.0,62.0,26.9,5.0
2026-08-26,LUTS,v8b,REDUCE,medium,44.3,5,2026-08-26,0.9704,,,,,,pending,,50.0,75.0,35.7,15.0
2026-08-26,LUTS,v8b,REDUCE,medium,44.3,21,2026-08-26,0.9704,,,,,,pending,,50.0,75.0,35.7,15.0
2026-08-26,ICFC,v8b,ABSTAIN,none,67.1,5,2026-08-29,22.86,,,,,,pending,,50.0,75.0,80.0,55.0
2026-08-26,ICFC,v8b,ABSTAIN,none,67.1,21,2026-08-29,22.86,,,,,,pending,,50.0,75.0,80.0,55.0
2026-08-26,MILS,v8b,HOLD,medium,58.7,5,2026-08-29,216.45,,,,,,pending,,50.0,80.0,68.2,25.0
2026-08-26,MILS,v8b,HOLD,medium,58.7,21,2026-08-29,216.45,,,,,,pending,,50.0,80.0,68.2,25.0
2026-08-26,AALR,v8b,HOLD,medium,52.9,5,2026-08-29,308.3,,,,,,pending,,50.0,50.0,71.0,25.0
2026-08-26,AALR,v8b,HOLD,medium,52.9,21,2026-08-29,308.3,,,,,,pending,,50.0,50.0,71.0,25.0
2026-08-26,ABUK,v8b,ABSTAIN,none,66.4,5,2026-08-29,79.4,,,,,,pending,,44.0,87.0,82.0,40.0
2026-08-26,ABUK,v8b,ABSTAIN,none,66.4,21,2026-08-29,79.4,,,,,,pending,,44.0,87.0,82.0,40.0
2026-08-26,ACAMD,v8b,HOLD,medium,62.9,5,2026-08-29,2.03,,,,,,pending,,50.0,92.0,57.0,55.0
2026-08-26,ACAMD,v8b,HOLD,medium,62.9,21,2026-08-29,2.03,,,,,,pending,,50.0,92.0,57.0,55.0
2026-08-26,ACGC,v8b,HOLD,medium,56.5,5,2026-08-29,14.22,,,,,,pending,,50.0,50.0,68.4,50.0
2026-08-26,ACGC,v8b,HOLD,medium,56.5,21,2026-08-29,14.22,,,,,,pending,,50.0,50.0,68.4,50.0
2026-08-26,ADCI,v8b,HOLD,medium,63.6,5,2026-08-29,292.12,,,,,,pending,,50.0,81.0,68.7,50.0
2026-08-26,ADCI,v8b,HOLD,medium,63.6,21,2026-08-29,292.12,,,,,,pending,,50.0,81.0,68.7,50.0
2026-08-26,ADIB,v8b,ABSTAIN,none,71.6,5,2026-08-29,53.7,,,,,,pending,,50.0,87.0,85.0,55.0
2026-08-26,ADIB,v8b,ABSTAIN,none,71.6,21,2026-08-29,53.7,,,,,,pending,,50.0,87.0,85.0,55.0
2026-08-26,ADPC,v8b,HOLD,medium,61.4,5,2026-08-29,3.92,,,,,,pending,,50.0,62.0,72.0,55.0
2026-08-26,ADPC,v8b,HOLD,medium,61.4,21,2026-08-29,3.92,,,,,,pending,,50.0,62.0,72.0,55.0
2026-08-26,AFDI,v8b,HOLD,medium,51.1,5,2026-08-29,53.6,,,,,,pending,,50.0,35.0,62.9,50.0
2026-08-26,AFDI,v8b,HOLD,medium,51.1,21,2026-08-29,53.6,,,,,,pending,,50.0,35.0,62.9,50.0
2026-08-26,AFMC,v8b,REDUCE,medium,36.0,5,2026-08-29,208.0,,,,,,pending,,50.0,86.0,0,25.0
2026-08-26,AFMC,v8b,REDUCE,medium,36.0,21,2026-08-29,208.0,,,,,,pending,,50.0,86.0,0,25.0
2026-08-26,AIFI,v8b,ABSTAIN,none,75.1,5,2026-08-29,2.45,,,,,,pending,,50.0,75.0,95.0,70.0
2026-08-26,AIFI,v8b,ABSTAIN,none,75.1,21,2026-08-29,2.45,,,,,,pending,,50.0,75.0,95.0,70.0
2026-08-26,AJWA,v8b,HOLD,medium,59.8,5,2026-08-29,180.0,,,,,,pending,,50.0,50.0,77.9,50.0
2026-08-26,AJWA,v8b,HOLD,medium,59.8,21,2026-08-29,180.0,,,,,,pending,,50.0,50.0,77.9,50.0
2026-08-26,ALCN,v8b,ABSTAIN,none,71.7,5,2026-08-29,30.51,,,,,,pending,,50.0,92.0,82.0,55.0
2026-08-26,ALCN,v8b,ABSTAIN,none,71.7,21,2026-08-29,30.51,,,,,,pending,,50.0,92.0,82.0,55.0
2026-08-26,ALUM,v8b,HOLD,medium,57.2,5,2026-08-29,28.99,,,,,,pending,,50.0,35.0,80.0,50.0
2026-08-26,ALUM,v8b,HOLD,medium,57.2,21,2026-08-29,28.99,,,,,,pending,,50.0,35.0,80.0,50.0
2026-08-26,AMER,v8b,REDUCE,medium,37.4,5,2026-08-29,6.52,,,,,,pending,,50.0,62.0,19.2,25.0
2026-08-26,AMER,v8b,REDUCE,medium,37.4,21,2026-08-29,6.52,,,,,,pending,,50.0,62.0,19.2,25.0
2026-08-26,AMOC,v8b,HOLD,medium,64.5,5,2026-08-29,11.44,,,,,,pending,,54.0,67.0,77.6,50.0
2026-08-26,AMOC,v8b,HOLD,medium,64.5,21,2026-08-29,11.44,,,,,,pending,,54.0,67.0,77.6,50.0
2026-08-26,AMPI,v8b,HOLD,medium,64.3,5,2026-08-29,2.99,,,,,,pending,,50.0,75.0,72.0,55.0
2026-08-26,AMPI,v8b,HOLD,medium,64.3,21,2026-08-29,2.99,,,,,,pending,,50.0,75.0,72.0,55.0
2026-08-26,APSW,v8b,REDUCE,medium,46.8,5,2026-08-29,8.56,,,,,,pending,,50.0,55.0,35.0,55.0
2026-08-26,APSW,v8b,REDUCE,medium,46.8,21,2026-08-29,8.56,,,,,,pending,,50.0,55.0,35.0,55.0
2026-08-26,ARAB,v8b,HOLD,medium,58.6,5,2026-08-29,0.263,,,,,,pending,,50.0,62.0,72.0,40.0
2026-08-26,ARAB,v8b,HOLD,medium,58.6,21,2026-08-29,0.263,,,,,,pending,,50.0,62.0,72.0,40.0
2026-08-26,ARCC,v8b,ABSTAIN,none,69.3,5,2026-08-29,76.37,,,,,,pending,,58.0,92.0,80.0,35.0
2026-08-26,ARCC,v8b,ABSTAIN,none,69.3,21,2026-08-29,76.37,,,,,,pending,,58.0,92.0,80.0,35.0
2026-08-26,AREH,v8b,HOLD,medium,60.1,5,2026-08-29,1.44,,,,,,pending,,50.0,40.0,85.0,50.0
2026-08-26,AREH,v8b,HOLD,medium,60.1,21,2026-08-29,1.44,,,,,,pending,,50.0,40.0,85.0,50.0
2026-08-26,ARVA,v8b,HOLD,medium,54.4,5,2026-08-26,12.35,,,,,,pending,,50.0,35.0,62.0,70.0
2026-08-26,ARVA,v8b,HOLD,medium,54.4,21,2026-08-26,12.35,,,,,,pending,,50.0,35.0,62.0,70.0
2026-08-26,ASCM,v8b,ABSTAIN,none,66.9,5,2026-08-29,62.5,,,,,,pending,,50.0,75.0,81.9,50.0
2026-08-26,ASCM,v8b,ABSTAIN,none,66.9,21,2026-08-29,62.5,,,,,,pending,,50.0,75.0,81.9,50.0
2026-08-26,ASPI,v8b,HOLD,medium,57.0,5,2026-08-29,0.475,,,,,,pending,,50.0,50.0,82.7,25.0
2026-08-26,ASPI,v8b,HOLD,medium,57.0,21,2026-08-29,0.475,,,,,,pending,,50.0,50.0,82.7,25.0
2026-08-26,ATLC,v8b,HOLD,medium,64.6,5,2026-08-29,5.45,,,,,,pending,,54.0,56.0,85.0,50.0
2026-08-26,ATLC,v8b,HOLD,medium,64.6,21,2026-08-29,5.45,,,,,,pending,,54.0,56.0,85.0,50.0
2026-08-26,ATQA,v8b,HOLD,medium,53.5,5,2026-08-29,11.79,,,,,,pending,,50.0,35.0,67.0,55.0
2026-08-26,ATQA,v8b,HOLD,medium,53.5,21,2026-08-29,11.79,,,,,,pending,,50.0,35.0,67.0,55.0
2026-08-26,AXPH,v8b,HOLD,medium,64.0,5,2026-08-29,1703.38,,,,,,pending,,50.0,80.0,62.8,65.0
2026-08-26,AXPH,v8b,HOLD,medium,64.0,21,2026-08-29,1703.38,,,,,,pending,,50.0,80.0,62.8,65.0
2026-08-26,BIDI,v8b,HOLD,medium,61.6,5,2026-08-26,2.12,,,,,,pending,,50.0,62.0,75.3,50.0
2026-08-26,BIDI,v8b,HOLD,medium,61.6,21,2026-08-26,2.12,,,,,,pending,,50.0,62.0,75.3,50.0
2026-08-26,BIGP,v8b,HOLD,medium,55.1,5,2026-08-29,0.244,,,,,,pending,,50.0,62.0,80.0,5.0
2026-08-26,BIGP,v8b,HOLD,medium,55.1,21,2026-08-29,0.244,,,,,,pending,,50.0,62.0,80.0,5.0
2026-08-26,BINV,v8b,ABSTAIN,none,67.9,5,2026-08-29,52.5,,,,,,pending,,50.0,79.0,72.0,70.0
2026-08-26,BINV,v8b,ABSTAIN,none,67.9,21,2026-08-29,52.5,,,,,,pending,,50.0,79.0,72.0,70.0
2026-08-26,BIOC,v8b,AVOID,medium,30.6,5,2026-08-29,413.02,,,,,,pending,,50.0,62.0,0,25.0
2026-08-26,BIOC,v8b,AVOID,medium,30.6,21,2026-08-29,413.02,,,,,,pending,,50.0,62.0,0,25.0
2026-08-26,BTFH,v8b,REDUCE,medium,48.2,5,2026-08-29,2.99,,,,,,pending,,50.0,50.0,27.0,85.0
2026-08-26,BTFH,v8b,REDUCE,medium,48.2,21,2026-08-29,2.99,,,,,,pending,,50.0,50.0,27.0,85.0
2026-08-26,CAED,v8b,HOLD,medium,50.2,5,2026-08-29,144.05,,,,,,pending,,50.0,80.0,44.2,25.0
2026-08-26,CAED,v8b,HOLD,medium,50.2,21,2026-08-29,144.05,,,,,,pending,,50.0,80.0,44.2,25.0
2026-08-26,CANA,v8b,REDUCE,medium,44.9,5,2026-08-29,41.87,,,,,,pending,,50.0,87.0,35.0,5.0
2026-08-26,CANA,v8b,REDUCE,medium,44.9,21,2026-08-29,41.87,,,,,,pending,,50.0,87.0,35.0,5.0
2026-08-26,CCAP,v8b,HOLD,medium,62.7,5,2026-08-29,5.78,,,,,,pending,,50.0,62.0,78.4,50.0
2026-08-26,CCAP,v8b,HOLD,medium,62.7,21,2026-08-29,5.78,,,,,,pending,,50.0,62.0,78.4,50.0
2026-08-26,CCRS,v8b,HOLD,medium,56.1,5,2026-08-29,2.73,,,,,,pending,,50.0,55.0,64.1,50.0
2026-08-26,CCRS,v8b,HOLD,medium,56.1,21,2026-08-29,2.73,,,,,,pending,,50.0,55.0,64.1,50.0
2026-08-26,CEFM,v8b,ABSTAIN,none,67.6,5,2026-08-29,143.76,,,,,,pending,,54.0,80.0,85.8,35.0
2026-08-26,CEFM,v8b,ABSTAIN,none,67.6,21,2026-08-29,143.76,,,,,,pending,,54.0,80.0,85.8,35.0
2026-08-26,CERA,v8b,HOLD,medium,52.5,5,2026-08-29,1.28,,,,,,pending,,50.0,23.0,72.0,55.0
2026-08-26,CERA,v8b,HOLD,medium,52.5,21,2026-08-29,1.28,,,,,,pending,,50.0,23.0,72.0,55.0
2026-08-26,CFGH,v8b,HOLD,medium,52.8,5,2026-08-29,0.115,,,,,,pending,,50.0,63.0,47.0,55.0
2026-08-26,CFGH,v8b,HOLD,medium,52.8,21,2026-08-29,0.115,,,,,,pending,,50.0,63.0,47.0,55.0
2026-08-26,CICH,v8b,HOLD,medium,63.9,5,2026-08-29,12.15,,,,,,pending,,54.0,69.0,72.0,55.0
2026-08-26,CICH,v8b,HOLD,medium,63.9,21,2026-08-29,12.15,,,,,,pending,,54.0,69.0,72.0,55.0
2026-08-26,CIEB,v8b,ABSTAIN,none,69.4,5,2026-08-29,24.71,,,,,,pending,,58.0,92.0,70.0,55.0
2026-08-26,CIEB,v8b,ABSTAIN,none,69.4,21,2026-08-29,24.71,,,,,,pending,,58.0,92.0,70.0,55.0
2026-08-26,CIRA,v8b,HOLD,medium,59.5,5,2026-08-29,33.74,,,,,,pending,,50.0,63.0,60.8,65.0
2026-08-26,CIRA,v8b,HOLD,medium,59.5,21,2026-08-29,33.74,,,,,,pending,,50.0,63.0,60.8,65.0
2026-08-26,CLHO,v8b,HOLD,medium,61.1,5,2026-08-29,17.29,,,,,,pending,,30.0,62.0,85.0,55.0
2026-08-26,CLHO,v8b,HOLD,medium,61.1,21,2026-08-29,17.29,,,,,,pending,,30.0,62.0,85.0,55.0
2026-08-26,CNFN,v8b,HOLD,medium,64.3,5,2026-08-29,4.76,,,,,,pending,,50.0,75.0,72.0,55.0
2026-08-26,CNFN,v8b,HOLD,medium,64.3,21,2026-08-29,4.76,,,,,,pending,,50.0,75.0,72.0,55.0
2026-08-26,COMI,v8b,HOLD,medium,63.1,5,2026-08-29,138.1,,,,,,pending,,54.0,92.0,55.0,55.0
2026-08-26,COMI,v8b,HOLD,medium,63.1,21,2026-08-29,138.1,,,,,,pending,,54.0,92.0,55.0,55.0
2026-08-26,COPR,v8b,REDUCE,medium,48.9,5,2026-08-29,0.525,,,,,,pending,,50.0,40.0,53.3,50.0
2026-08-26,COPR,v8b,REDUCE,medium,48.9,21,2026-08-29,0.525,,,,,,pending,,50.0,40.0,53.3,50.0
2026-08-26,COSG,v8b,ABSTAIN,none,67.1,5,2026-08-29,1.8,,,,,,pending,,50.0,75.0,80.0,55.0
2026-08-26,COSG,v8b,ABSTAIN,none,67.1,21,2026-08-29,1.8,,,,,,pending,,50.0,75.0,80.0,55.0
2026-08-26,CPCI,v8b,HOLD,medium,61.9,5,2026-08-29,546.27,,,,,,pending,,54.0,80.0,54.0,65.0
2026-08-26,CPCI,v8b,HOLD,medium,61.9,21,2026-08-29,546.27,,,,,,pending,,54.0,80.0,54.0,65.0
2026-08-26,CSAG,v8b,ABSTAIN,none,70.2,5,2026-08-29,39.84,,,,,,pending,,58.0,80.0,80.0,55.0
2026-08-26,CSAG,v8b,ABSTAIN,none,70.2,21,2026-08-29,39.84,,,,,,pending,,58.0,80.0,80.0,55.0
2026-08-26,DAPH,v8b,REDUCE,medium,49.8,5,2026-08-29,141.6,,,,,,pending,,50.0,10.0,83.0,35.0
2026-08-26,DAPH,v8b,REDUCE,medium,49.8,21,2026-08-29,141.6,,,,,,pending,,50.0,10.0,83.0,35.0
2026-08-26,DOMT,v8b,ABSTAIN,none,67.2,5,2026-08-29,28.4,,,,,,pending,,60.0,65.0,72.0,70.0
2026-08-26,DOMT,v8b,ABSTAIN,none,67.2,21,2026-08-29,28.4,,,,,,pending,,60.0,65.0,72.0,70.0
2026-08-26,DSCW,v8b,HOLD,medium,62.5,5,2026-08-29,1.89,,,,,,pending,,50.0,75.0,67.0,55.0
2026-08-26,DSCW,v8b,HOLD,medium,62.5,21,2026-08-29,1.89,,,,,,pending,,50.0,75.0,67.0,55.0
2026-08-26,DTPP,v8b,REDUCE,medium,39.9,5,2026-08-29,306.4,,,,,,pending,,54.0,75.0,15.4,25.0
2026-08-26,DTPP,v8b,REDUCE,medium,39.9,21,2026-08-29,306.4,,,,,,pending,,54.0,75.0,15.4,25.0
2026-08-26,EALR,v8b,HOLD,medium,58.5,5,2026-08-29,400.18,,,,,,pending,,50.0,50.0,82.0,35.0
2026-08-26,EALR,v8b,HOLD,medium,58.5,21,2026-08-29,400.18,,,,,,pending,,50.0,50.0,82.0,35.0
2026-08-26,EASB,v8b,REDUCE,medium,45.3,5,2026-08-29,7.54,,,,,,pending,,50.0,55.0,46.2,25.0
2026-08-26,EASB,v8b,REDUCE,medium,45.3,21,2026-08-29,7.54,,,,,,pending,,50.0,55.0,46.2,25.0
2026-08-26,EAST,v8b,HOLD,low,51.0,5,2026-08-29,35.07,,,,,,pending,,30.0,92.0,37.0,55.0
2026-08-26,EAST,v8b,HOLD,low,51.0,21,2026-08-29,35.07,,,,,,pending,,30.0,92.0,37.0,55.0
2026-08-26,EBSC,v8b,HOLD,medium,58.9,5,2026-08-29,1.97,,,,,,pending,,50.0,55.0,72.0,50.0
2026-08-26,EBSC,v8b,HOLD,medium,58.9,21,2026-08-29,1.97,,,,,,pending,,50.0,55.0,72.0,50.0
2026-08-26,ECAP,v8b,ABSTAIN,none,68.0,5,2026-08-29,33.41,,,,,,pending,,50.0,75.0,85.0,50.0
2026-08-26,ECAP,v8b,ABSTAIN,none,68.0,21,2026-08-29,33.41,,,,,,pending,,50.0,75.0,85.0,50.0
2026-08-26,EDFM,v8b,ABSTAIN,none,74.6,5,2026-08-29,402.77,,,,,,pending,,54.0,80.0,80.0,85.0
2026-08-26,EDFM,v8b,ABSTAIN,none,74.6,21,2026-08-29,402.77,,,,,,pending,,54.0,80.0,80.0,85.0
2026-08-26,EEII,v8b,HOLD,medium,59.8,5,2026-08-29,3.12,,,,,,pending,,50.0,35.0,87.6,50.0
2026-08-26,EEII,v8b,HOLD,medium,59.8,21,2026-08-29,3.12,,,,,,pending,,50.0,35.0,87.6,50.0
2026-08-26,EFIC,v8b,HOLD,medium,56.6,5,2026-08-29,200.21,,,,,,pending,,50.0,75.0,50.0,55.0
2026-08-26,EFIC,v8b,HOLD,medium,56.6,21,2026-08-29,200.21,,,,,,pending,,50.0,75.0,50.0,55.0
2026-08-26,EFID,v8b,HOLD,medium,60.2,5,2026-08-29,31.26,,,,,,pending,,30.0,86.0,67.0,55.0
2026-08-26,EFID,v8b,HOLD,medium,60.2,21,2026-08-29,31.26,,,,,,pending,,30.0,86.0,67.0,55.0
2026-08-26,EFIH,v8b,HOLD,medium,62.0,5,2026-08-29,23.35,,,,,,pending,,20.0,97.0,72.0,55.0
2026-08-26,EFIH,v8b,HOLD,medium,62.0,21,2026-08-29,23.35,,,,,,pending,,20.0,97.0,72.0,55.0
2026-08-26,EGAL,v8b,ABSTAIN,none,70.1,5,2026-08-29,366.99,,,,,,pending,,50.0,92.0,80.0,50.0
2026-08-26,EGAL,v8b,ABSTAIN,none,70.1,21,2026-08-29,366.99,,,,,,pending,,50.0,92.0,80.0,50.0
2026-08-26,EGAS,v8b,ABSTAIN,none,67.1,5,2026-08-29,57.79,,,,,,pending,,50.0,55.0,85.0,70.0
2026-08-26,EGAS,v8b,ABSTAIN,none,67.1,21,2026-08-29,57.79,,,,,,pending,,50.0,55.0,85.0,70.0
2026-08-26,EGBE,v8b,ABSTAIN,none,77.8,5,2026-08-29,0.538,,,,,,pending,,50.0,87.0,95.0,70.0
2026-08-26,EGBE,v8b,ABSTAIN,none,77.8,21,2026-08-29,0.538,,,,,,pending,,50.0,87.0,95.0,70.0
2026-08-26,EGCH,v8b,HOLD,medium,61.4,5,2026-08-29,13.86,,,,,,pending,,50.0,81.0,60.0,55.0
2026-08-26,EGCH,v8b,HOLD,medium,61.4,21,2026-08-29,13.86,,,,,,pending,,50.0,81.0,60.0,55.0
2026-08-26,EGREF,v8b,ABSTAIN,none,51.7,5,2026-08-29,41.56,,,,,,pending,,50.0,55.0,64.5,25.0
2026-08-26,EGREF,v8b,ABSTAIN,none,51.7,21,2026-08-29,41.56,,,,,,pending,,50.0,55.0,64.5,25.0
2026-08-26,EGSA,v8b,HOLD,medium,63.7,5,2026-08-26,8.69,,,,,,pending,,54.0,52.0,67.0,85.0
2026-08-26,EGSA,v8b,HOLD,medium,63.7,21,2026-08-26,8.69,,,,,,pending,,54.0,52.0,67.0,85.0
2026-08-26,EGTS,v8b,REDUCE,medium,43.9,5,2026-08-29,17.44,,,,,,pending,,50.0,55.0,47.4,15.0
2026-08-26,EGTS,v8b,REDUCE,medium,43.9,21,2026-08-29,17.44,,,,,,pending,,50.0,55.0,47.4,15.0
2026-08-26,EHDR,v8b,HOLD,medium,63.4,5,2026-08-29,2.88,,,,,,pending,,50.0,55.0,85.0,50.0
2026-08-26,EHDR,v8b,HOLD,medium,63.4,21,2026-08-29,2.88,,,,,,pending,,50.0,55.0,85.0,50.0
2026-08-26,EIPI,v8b,ABSTAIN,none,72.3,5,2026-08-29,131.21,,,,,,pending,,85.0,81.0,77.3,35.0
2026-08-26,EIPI,v8b,ABSTAIN,none,72.3,21,2026-08-29,131.21,,,,,,pending,,85.0,81.0,77.3,35.0
2026-08-26,ELEC,v8b,REDUCE,medium,47.7,5,2026-08-29,2.1,,,,,,pending,,50.0,35.0,35.0,85.0
2026-08-26,ELEC,v8b,REDUCE,medium,47.7,21,2026-08-29,2.1,,,,,,pending,,50.0,35.0,35.0,85.0
2026-08-26,ELKA,v8b,HOLD,medium,50.9,5,2026-08-29,1.88,,,,,,pending,,50.0,35.0,62.1,50.0
2026-08-26,ELKA,v8b,HOLD,medium,50.9,21,2026-08-29,1.88,,,,,,pending,,50.0,35.0,62.1,50.0
2026-08-26,ELNA,v8b,REDUCE,medium,46.8,5,2026-08-29,37.0,,,,,,pending,,50.0,55.0,35.0,55.0
2026-08-26,ELNA,v8b,REDUCE,medium,46.8,21,2026-08-29,37.0,,,,,,pending,,50.0,55.0,35.0,55.0
2026-08-26,ELSH,v8b,REDUCE,medium,46.9,5,2026-08-29,14.0,,,,,,pending,,50.0,35.0,63.7,25.0
2026-08-26,ELSH,v8b,REDUCE,medium,46.9,21,2026-08-29,14.0,,,,,,pending,,50.0,35.0,63.7,25.0
2026-08-26,ELWA,v8b,HOLD,medium,58.8,5,2026-08-29,1.94,,,,,,pending,,50.0,35.0,82.0,55.0
2026-08-26,ELWA,v8b,HOLD,medium,58.8,21,2026-08-29,1.94,,,,,,pending,,50.0,35.0,82.0,55.0
2026-08-26,EMFD,v8b,HOLD,low,55.7,5,2026-08-29,12.7,,,,,,pending,,40.0,35.0,80.0,55.0
2026-08-26,EMFD,v8b,HOLD,low,55.7,21,2026-08-29,12.7,,,,,,pending,,40.0,35.0,80.0,55.0
2026-08-26,ENGC,v8b,HOLD,medium,63.2,5,2026-08-29,45.72,,,,,,pending,,50.0,50.0,85.0,55.0
2026-08-26,ENGC,v8b,HOLD,medium,63.2,21,2026-08-29,45.72,,,,,,pending,,50.0,50.0,85.0,55.0
2026-08-26,EOSB,v8b,ABSTAIN,none,69.0,5,2026-08-29,1.57,,,,,,pending,,50.0,75.0,70.0,85.0
2026-08-26,EOSB,v8b,ABSTAIN,none,69.0,21,2026-08-29,1.57,,,,,,pending,,50.0,75.0,70.0,85.0
2026-08-26,EPCO,v8b,HOLD,medium,62.5,5,2026-08-29,11.46,,,,,,pending,,50.0,67.0,72.0,55.0
2026-08-26,EPCO,v8b,HOLD,medium,62.5,21,2026-08-29,11.46,,,,,,pending,,50.0,67.0,72.0,55.0
2026-08-26,EPPK,v8b,HOLD,medium,61.6,5,2026-08-29,12.64,,,,,,pending,,50.0,75.0,67.0,50.0
2026-08-26,EPPK,v8b,HOLD,medium,61.6,21,2026-08-29,12.64,,,,,,pending,,50.0,75.0,67.0,50.0
2026-08-26,ETEL,v8b,ABSTAIN,none,70.5,5,2026-08-29,116.16,,,,,,pending,,50.0,87.0,82.0,55.0
2026-08-26,ETEL,v8b,ABSTAIN,none,70.5,21,2026-08-29,116.16,,,,,,pending,,50.0,87.0,82.0,55.0
2026-08-26,ETRS,v8b,ABSTAIN,none,70.8,5,2026-08-29,11.0,,,,,,pending,,50.0,80.0,82.1,65.0
2026-08-26,ETRS,v8b,ABSTAIN,none,70.8,21,2026-08-29,11.0,,,,,,pending,,50.0,80.0,82.1,65.0
2026-08-26,EXPA,v8b,ABSTAIN,none,70.7,5,2026-08-29,20.41,,,,,,pending,,50.0,87.0,67.0,85.0
2026-08-26,EXPA,v8b,ABSTAIN,none,70.7,21,2026-08-29,20.41,,,,,,pending,,50.0,87.0,67.0,85.0
2026-08-26,FAIT,v8b,ABSTAIN,none,70.1,5,2026-08-29,43.72,,,,,,pending,,89.0,55.0,67.0,70.0
2026-08-26,FAIT,v8b,ABSTAIN,none,70.1,21,2026-08-29,43.72,,,,,,pending,,89.0,55.0,67.0,70.0
2026-08-26,FAITA,v8b,HOLD,medium,53.9,5,2026-08-29,0.99,,,,,,pending,,54.0,55.0,37.0,85.0
2026-08-26,FAITA,v8b,HOLD,medium,53.9,21,2026-08-29,0.99,,,,,,pending,,54.0,55.0,37.0,85.0
2026-08-26,FIRE,v8b,REDUCE,medium,44.8,5,2026-08-29,5.46,,,,,,pending,,50.0,62.0,35.1,35.0
2026-08-26,FIRE,v8b,REDUCE,medium,44.8,21,2026-08-29,5.46,,,,,,pending,,50.0,62.0,35.1,35.0
2026-08-26,FNAR,v8b,REDUCE,medium,48.6,5,2026-08-29,12.31,,,,,,pending,,50.0,40.0,60.3,35.0
2026-08-26,FNAR,v8b,REDUCE,medium,48.6,21,2026-08-29,12.31,,,,,,pending,,50.0,40.0,60.3,35.0
2026-08-26,FTNS,v8b,HOLD,medium,55.3,5,2026-08-29,1.4,,,,,,pending,,50.0,35.0,72.0,55.0
2026-08-26,FTNS,v8b,HOLD,medium,55.3,21,2026-08-29,1.4,,,,,,pending,,50.0,35.0,72.0,55.0
2026-08-26,FWRY,v8b,ABSTAIN,none,66.3,5,2026-08-29,18.99,,,,,,pending,,50.0,87.0,70.0,55.0
2026-08-26,FWRY,v8b,ABSTAIN,none,66.3,21,2026-08-29,18.99,,,,,,pending,,50.0,87.0,70.0,55.0
2026-08-26,GBCO,v8b,HOLD,medium,54.4,5,2026-08-29,28.3,,,,,,pending,,50.0,50.0,60.0,55.0
2026-08-26,GBCO,v8b,HOLD,medium,54.4,21,2026-08-29,28.3,,,,,,pending,,50.0,50.0,60.0,55.0
2026-08-26,GDWA,v8b,REDUCE,medium,42.1,5,2026-08-29,0.807,,,,,,pending,,50.0,35.0,27.0,70.0
2026-08-26,GDWA,v8b,REDUCE,medium,42.1,21,2026-08-29,0.807,,,,,,pending,,50.0,35.0,27.0,70.0
2026-08-26,GGCC,v8b,HOLD,medium,53.7,5,2026-08-29,0.944,,,,,,pending,,50.0,68.0,72.1,5.0
2026-08-26,GGCC,v8b,HOLD,medium,53.7,21,2026-08-29,0.944,,,,,,pending,,50.0,68.0,72.1,5.0
2026-08-26,GIHD,v8b,HOLD,medium,63.0,5,2026-08-29,64.21,,,,,,pending,,50.0,80.0,75.4,35.0
2026-08-26,GIHD,v8b,HOLD,medium,63.0,21,2026-08-29,64.21,,,,,,pending,,50.0,80.0,75.4,35.0
2026-08-26,GMCI,v8b,HOLD,medium,62.5,5,2026-08-29,1.87,,,,,,pending,,50.0,75.0,67.0,55.0
2026-08-26,GMCI,v8b,HOLD,medium,62.5,21,2026-08-29,1.87,,,,,,pending,,50.0,75.0,67.0,55.0
2026-08-26,GRCA,v8b,HOLD,medium,54.1,5,2026-08-26,72.64,,,,,,pending,,50.0,52.0,68.0,35.0
2026-08-26,GRCA,v8b,HOLD,medium,54.1,21,2026-08-26,72.64,,,,,,pending,,50.0,52.0,68.0,35.0
2026-08-26,GSSC,v8b,HOLD,medium,64.3,5,2026-08-29,283.16,,,,,,pending,,50.0,75.0,72.0,55.0
2026-08-26,GSSC,v8b,HOLD,medium,64.3,21,2026-08-29,283.16,,,,,,pending,,50.0,75.0,72.0,55.0
2026-08-26,GTWL,v8b,HOLD,medium,52.7,5,2026-08-29,237.01,,,,,,pending,,50.0,62.0,50.0,50.0
2026-08-26,GTWL,v8b,HOLD,medium,52.7,21,2026-08-29,237.01,,,,,,pending,,50.0,62.0,50.0,50.0
2026-08-26,HDBK,v8b,AVOID,medium,33.4,5,2026-08-29,98.84,,,,,,pending,,64.0,52.0,15.0,5.0
2026-08-26,HDBK,v8b,AVOID,medium,33.4,21,2026-08-29,98.84,,,,,,pending,,64.0,52.0,15.0,5.0
2026-08-26,HELI,v8b,HOLD,low,53.5,5,2026-08-29,7.85,,,,,,pending,,24.0,50.0,77.9,50.0
2026-08-26,HELI,v8b,HOLD,low,53.5,21,2026-08-29,7.85,,,,,,pending,,24.0,50.0,77.9,50.0
2026-08-26,HRHO,v8b,HOLD,medium,55.3,5,2026-08-29,25.69,,,,,,pending,,85.0,56.0,27.0,70.0
2026-08-26,HRHO,v8b,HOLD,medium,55.3,21,2026-08-29,25.69,,,,,,pending,,85.0,56.0,27.0,70.0
2026-08-26,IBCT,v8b,HOLD,medium,63.4,5,2026-08-29,12.82,,,,,,pending,,50.0,75.0,72.0,50.0
2026-08-26,IBCT,v8b,HOLD,medium,63.4,21,2026-08-29,12.82,,,,,,pending,,50.0,75.0,72.0,50.0
2026-08-26,ICID,v8b,AVOID,medium,31.7,5,2026-08-29,16.64,,,,,,pending,,50.0,55.0,0,40.0
2026-08-26,ICID,v8b,AVOID,medium,31.7,21,2026-08-29,16.64,,,,,,pending,,50.0,55.0,0,40.0
2026-08-26,IDRE,v8b,ABSTAIN,none,66.6,5,2026-08-29,51.67,,,,,,pending,,50.0,80.0,77.9,50.0
2026-08-26,IDRE,v8b,ABSTAIN,none,66.6,21,2026-08-29,51.67,,,,,,pending,,50.0,80.0,77.9,50.0
2026-08-26,IFAP,v8b,HOLD,medium,55.3,5,2026-08-29,20.74,,,,,,pending,,50.0,35.0,72.0,55.0
2026-08-26,IFAP,v8b,HOLD,medium,55.3,21,2026-08-29,20.74,,,,,,pending,,50.0,35.0,72.0,55.0
2026-08-26,INEG,v8b,REDUCE,medium,47.3,5,2026-08-29,0.538,,,,,,pending,,50.0,35.0,52.0,50.0
2026-08-26,INEG,v8b,REDUCE,medium,47.3,21,2026-08-29,0.538,,,,,,pending,,50.0,35.0,52.0,50.0
2026-08-26,INFI,v8b,HOLD,medium,60.5,5,2026-08-29,156.63,,,,,,pending,,50.0,86.0,64.5,35.0
2026-08-26,INFI,v8b,HOLD,medium,60.5,21,2026-08-29,156.63,,,,,,pending,,50.0,86.0,64.5,35.0
2026-08-26,IRON,v8b,REDUCE,medium,42.1,5,2026-08-29,30.68,,,,,,pending,,50.0,47.0,27.0,55.0
2026-08-26,IRON,v8b,REDUCE,medium,42.1,21,2026-08-29,30.68,,,,,,pending,,50.0,47.0,27.0,55.0
2026-08-26,ISMA,v8b,HOLD,medium,52.6,5,2026-08-29,38.6,,,,,,pending,,50.0,80.0,38.0,50.0
2026-08-26,ISMA,v8b,HOLD,medium,52.6,21,2026-08-29,38.6,,,,,,pending,,50.0,80.0,38.0,50.0
2026-08-26,ISMQ,v8b,ABSTAIN,none,69.1,5,2026-08-29,9.12,,,,,,pending,,54.0,80.0,72.0,70.0
2026-08-26,ISMQ,v8b,ABSTAIN,none,69.1,21,2026-08-29,9.12,,,,,,pending,,54.0,80.0,72.0,70.0
2026-08-26,ISPH,v8b,HOLD,medium,62.3,5,2026-08-29,12.9,,,,,,pending,,50.0,70.0,72.0,50.0
2026-08-26,ISPH,v8b,HOLD,medium,62.3,21,2026-08-29,12.9,,,,,,pending,,50.0,70.0,72.0,50.0
2026-08-26,JUFO,v8b,HOLD,medium,55.6,5,2026-08-29,27.39,,,,,,pending,,50.0,75.0,55.0,40.0
2026-08-26,JUFO,v8b,HOLD,medium,55.6,21,2026-08-29,27.39,,,,,,pending,,50.0,75.0,55.0,40.0
2026-08-26,KABO,v8b,ABSTAIN,none,71.9,5,2026-08-29,9.21,,,,,,pending,,50.0,75.0,93.5,55.0
2026-08-26,KABO,v8b,ABSTAIN,none,71.9,21,2026-08-29,9.21,,,,,,pending,,50.0,75.0,93.5,55.0
2026-08-26,KWIN,v8b,HOLD,medium,58.3,5,2026-08-29,120.7,,,,,,pending,,50.0,50.0,86.4,25.0
2026-08-26,KWIN,v8b,HOLD,medium,58.3,21,2026-08-29,120.7,,,,,,pending,,50.0,50.0,86.4,25.0
2026-08-26,KZPC,v8b,HOLD,medium,50.0,5,2026-08-29,12.73,,,,,,pending,,54.0,50.0,60.0,25.0
2026-08-26,KZPC,v8b,HOLD,medium,50.0,21,2026-08-29,12.73,,,,,,pending,,54.0,50.0,60.0,25.0
2026-08-26,LCSW,v8b,HOLD,medium,63.2,5,2026-08-29,34.88,,,,,,pending,,50.0,50.0,85.0,55.0
2026-08-26,LCSW,v8b,HOLD,medium,63.2,21,2026-08-29,34.88,,,,,,pending,,50.0,50.0,85.0,55.0
2026-08-26,MAAL,v8b,HOLD,medium,52.0,5,2026-08-29,9.32,,,,,,pending,,50.0,63.0,47.3,50.0
2026-08-26,MAAL,v8b,HOLD,medium,52.0,21,2026-08-29,9.32,,,,,,pending,,50.0,63.0,47.3,50.0
2026-08-26,MASR,v8b,ABSTAIN,none,69.8,5,2026-08-29,7.74,,,,,,pending,,50.0,87.0,80.0,55.0
2026-08-26,MASR,v8b,ABSTAIN,none,69.8,21,2026-08-29,7.74,,,,,,pending,,50.0,87.0,80.0,55.0
2026-08-26,MBEG,v8b,HOLD,medium,56.7,5,2026-08-29,6.64,,,,,,pending,,50.0,50.0,76.7,35.0
2026-08-26,MBEG,v8b,HOLD,medium,56.7,21,2026-08-29,6.64,,,,,,pending,,50.0,50.0,76.7,35.0
2026-08-26,MBSC,v8b,ABSTAIN,none,66.6,5,2026-08-29,403.01,,,,,,pending,,58.0,80.0,80.0,35.0
2026-08-26,MBSC,v8b,ABSTAIN,none,66.6,21,2026-08-29,403.01,,,,,,pending,,58.0,80.0,80.0,35.0
2026-08-26,MCQE,v8b,HOLD,medium,64.5,5,2026-08-29,232.0,,,,,,pending,,54.0,80.0,77.0,35.0
2026-08-26,MCQE,v8b,HOLD,medium,64.5,21,2026-08-29,232.0,,,,,,pending,,54.0,80.0,77.0,35.0
2026-08-26,MCRO,v8b,HOLD,medium,56.4,5,2026-08-29,1.49,,,,,,pending,,50.0,75.0,52.0,50.0
2026-08-26,MCRO,v8b,HOLD,medium,56.4,21,2026-08-29,1.49,,,,,,pending,,50.0,75.0,52.0,50.0
2026-08-26,MENA,v8b,ABSTAIN,none,69.2,5,2026-08-29,6.85,,,,,,pending,,50.0,80.0,77.5,65.0
2026-08-26,MENA,v8b,ABSTAIN,none,69.2,21,2026-08-29,6.85,,,,,,pending,,50.0,80.0,77.5,65.0
2026-08-26,MEPA,v8b,ABSTAIN,none,65.4,5,2026-08-29,1.82,,,,,,pending,,50.0,80.0,72.0,55.0
2026-08-26,MEPA,v8b,ABSTAIN,none,65.4,21,2026-08-29,1.82,,,,,,pending,,50.0,80.0,72.0,55.0
2026-08-26,MFPC,v8b,HOLD,medium,61.8,5,2026-08-29,40.86,,,,,,pending,,83.0,67.0,55.0,40.0
2026-08-26,MFPC,v8b,HOLD,medium,61.8,21,2026-08-29,40.86,,,,,,pending,,83.0,67.0,55.0,40.0
2026-08-26,MFSC,v8b,ABSTAIN,none,65.4,5,2026-08-29,50.15,,,,,,pending,,54.0,80.0,84.7,25.0
2026-08-26,MFSC,v8b,ABSTAIN,none,65.4,21,2026-08-29,50.15,,,,,,pending,,54.0,80.0,84.7,25.0
2026-08-26,MHOT,v8b,REDUCE,medium,45.3,5,2026-08-29,18.5,,,,,,pending,,54.0,92.0,30.0,5.0
2026-08-26,MHOT,v8b,REDUCE,medium,45.3,21,2026-08-29,18.5,,,,,,pending,,54.0,92.0,30.0,5.0
2026-08-26,MICH,v8b,ABSTAIN,none,69.0,5,2026-08-29,49.71,,,,,,pending,,58.0,92.0,71.4,50.0
2026-08-26,MICH,v8b,ABSTAIN,none,69.0,21,2026-08-29,49.71,,,,,,pending,,58.0,92.0,71.4,50.0
2026-08-26,MIPH,v8b,HOLD,medium,55.8,5,2026-08-29,802.43,,,,,,pending,,50.0,35.0,76.2,50.0
2026-08-26,MIPH,v8b,HOLD,medium,55.8,21,2026-08-29,802.43,,,,,,pending,,50.0,35.0,76.2,50.0
2026-08-26,MISR,v8b,HOLD,medium,55.4,5,2026-08-26,5.51,,,,,,pending,,50.0,62.0,50.0,65.0
2026-08-26,MISR,v8b,HOLD,medium,55.4,21,2026-08-26,5.51,,,,,,pending,,50.0,62.0,50.0,65.0
2026-08-26,MOED,v8b,REDUCE,medium,42.1,5,2026-08-29,0.81,,,,,,pending,,50.0,55.0,27.0,45.0
2026-08-26,MOED,v8b,REDUCE,medium,42.1,21,2026-08-29,0.81,,,,,,pending,,50.0,55.0,27.0,45.0
2026-08-26,MOIL,v8b,ABSTAIN,none,65.5,5,2026-08-29,0.69,,,,,,pending,,50.0,75.0,75.5,55.0
2026-08-26,MOIL,v8b,ABSTAIN,none,65.5,21,2026-08-29,0.69,,,,,,pending,,50.0,75.0,75.5,55.0
2026-08-26,MOIN,v8b,ABSTAIN,none,72.1,5,2026-08-29,34.33,,,,,,pending,,50.0,86.0,89.8,50.0
2026-08-26,MOIN,v8b,ABSTAIN,none,72.1,21,2026-08-29,34.33,,,,,,pending,,50.0,86.0,89.8,50.0
2026-08-26,MOSC,v8b,HOLD,medium,54.1,5,2026-08-29,317.62,,,,,,pending,,50.0,80.0,55.2,25.0
2026-08-26,MOSC,v8b,HOLD,medium,54.1,21,2026-08-29,317.62,,,,,,pending,,50.0,80.0,55.2,25.0
2026-08-26,MPCI,v8b,HOLD,medium,50.8,5,2026-08-29,409.05,,,,,,pending,,54.0,92.0,27.7,40.0
2026-08-26,MPCI,v8b,HOLD,medium,50.8,21,2026-08-29,409.05,,,,,,pending,,54.0,92.0,27.7,40.0
2026-08-26,MPCO,v8b,ABSTAIN,none,69.7,5,2026-08-29,2.19,,,,,,pending,,50.0,75.0,90.0,50.0
2026-08-26,MPCO,v8b,ABSTAIN,none,69.7,21,2026-08-29,2.19,,,,,,pending,,50.0,75.0,90.0,50.0
2026-08-26,MPRC,v8b,ABSTAIN,none,68.5,5,2026-08-29,44.84,,,,,,pending,,50.0,92.0,75.6,50.0
2026-08-26,MPRC,v8b,ABSTAIN,none,68.5,21,2026-08-29,44.84,,,,,,pending,,50.0,92.0,75.6,50.0
2026-08-26,MTIE,v8b,HOLD,medium,58.5,5,2026-08-29,8.41,,,,,,pending,,50.0,80.0,55.0,50.0
2026-08-26,MTIE,v8b,HOLD,medium,58.5,21,2026-08-29,8.41,,,,,,pending,,50.0,80.0,55.0,50.0
2026-08-26,NAHO,v8b,HOLD,medium,55.5,5,2026-08-29,0.143,,,,,,pending,,50.0,75.0,47.0,55.0
2026-08-26,NAHO,v8b,HOLD,medium,55.5,21,2026-08-29,0.143,,,,,,pending,,50.0,75.0,47.0,55.0
2026-08-26,NCCW,v8b,HOLD,medium,55.5,5,2026-08-29,5.8,,,,,,pending,,50.0,40.0,72.0,50.0
2026-08-26,NCCW,v8b,HOLD,medium,55.5,21,2026-08-29,5.8,,,,,,pending,,50.0,40.0,72.0,50.0
2026-08-26,NEDA,v8b,HOLD,medium,59.9,5,2026-08-29,2.79,,,,,,pending,,50.0,40.0,82.0,55.0
2026-08-26,NEDA,v8b,HOLD,medium,59.9,21,2026-08-29,2.79,,,,,,pending,,50.0,40.0,82.0,55.0
2026-08-26,NHPS,v8b,HOLD,medium,63.8,5,2026-08-29,91.06,,,,,,pending,,54.0,55.0,83.3,50.0
2026-08-26,NHPS,v8b,HOLD,medium,63.8,21,2026-08-29,91.06,,,,,,pending,,54.0,55.0,83.3,50.0
2026-08-26,NINH,v8b,HOLD,medium,62.7,5,2026-08-29,24.0,,,,,,pending,,50.0,92.0,77.1,15.0
2026-08-26,NINH,v8b,HOLD,medium,62.7,21,2026-08-29,24.0,,,,,,pending,,50.0,92.0,77.1,15.0
2026-08-26,NIPH,v8b,AVOID,medium,34.9,5,2026-08-29,370.01,,,,,,pending,,50.0,81.0,0,25.0
2026-08-26,NIPH,v8b,AVOID,medium,34.9,21,2026-08-29,370.01,,,,,,pending,,50.0,81.0,0,25.0
2026-08-26,OBRI,v8b,HOLD,medium,59.2,5,2026-08-29,32.54,,,,,,pending,,50.0,80.0,57.0,50.0
2026-08-26,OBRI,v8b,HOLD,medium,59.2,21,2026-08-29,32.54,,,,,,pending,,50.0,80.0,57.0,50.0
2026-08-26,OCDI,v8b,HOLD,medium,59.3,5,2026-08-29,31.5,,,,,,pending,,50.0,62.0,68.7,50.0
2026-08-26,OCDI,v8b,HOLD,medium,59.3,21,2026-08-29,31.5,,,,,,pending,,50.0,62.0,68.7,50.0
2026-08-26,OCPH,v8b,HOLD,medium,63.3,5,2026-08-29,253.29,,,,,,pending,,50.0,75.0,95.0,5.0
2026-08-26,OCPH,v8b,HOLD,medium,63.3,21,2026-08-29,253.29,,,,,,pending,,50.0,75.0,95.0,5.0
2026-08-26,ODIN,v8b,HOLD,medium,62.5,5,2026-08-29,3.23,,,,,,pending,,50.0,80.0,74.1,35.0
2026-08-26,ODIN,v8b,HOLD,medium,62.5,21,2026-08-29,3.23,,,,,,pending,,50.0,80.0,74.1,35.0
2026-08-26,OFH,v8b,HOLD,medium,64.2,5,2026-08-29,1.03,,,,,,pending,,50.0,80.0,68.5,55.0
2026-08-26,OFH,v8b,HOLD,medium,64.2,21,2026-08-29,1.03,,,,,,pending,,50.0,80.0,68.5,55.0
2026-08-26,OIH,v8b,ABSTAIN,none,66.5,5,2026-08-29,2.11,,,,,,pending,,50.0,75.0,78.4,55.0
2026-08-26,OIH,v8b,ABSTAIN,none,66.5,21,2026-08-29,2.11,,,,,,pending,,50.0,75.0,78.4,55.0
2026-08-26,OLFI,v8b,HOLD,medium,61.0,5,2026-08-29,23.52,,,,,,pending,,54.0,75.0,60.0,55.0
2026-08-26,OLFI,v8b,HOLD,medium,61.0,21,2026-08-29,23.52,,,,,,pending,,54.0,75.0,60.0,55.0
2026-08-26,ORAS,v8b,HOLD,medium,58.4,5,2026-08-26,71.05,,,,,,pending,,50.0,75.0,50.0,65.0
2026-08-26,ORAS,v8b,HOLD,medium,58.4,21,2026-08-26,71.05,,,,,,pending,,50.0,75.0,50.0,65.0
2026-08-26,ORHD,v8b,ABSTAIN,none,77.9,5,2026-08-29,42.1,,,,,,pending,,75.0,92.0,74.9,70.0
2026-08-26,ORHD,v8b,ABSTAIN,none,77.9,21,2026-08-29,42.1,,,,,,pending,,75.0,92.0,74.9,70.0
2026-08-26,ORWE,v8b,ABSTAIN,none,74.4,5,2026-08-29,26.35,,,,,,pending,,89.0,62.0,67.0,85.0
2026-08-26,ORWE,v8b,ABSTAIN,none,74.4,21,2026-08-29,26.35,,,,,,pending,,89.0,62.0,67.0,85.0
2026-08-26,PHAR,v8b,HOLD,medium,63.9,5,2026-08-29,131.21,,,,,,pending,,50.0,81.0,77.3,35.0
2026-08-26,PHAR,v8b,HOLD,medium,63.9,21,2026-08-29,131.21,,,,,,pending,,50.0,81.0,77.3,35.0
2026-08-26,PHDC,v8b,ABSTAIN,none,77.1,5,2026-08-29,14.86,,,,,,pending,,85.0,86.0,79.8,50.0
2026-08-26,PHDC,v8b,ABSTAIN,none,77.1,21,2026-08-29,14.86,,,,,,pending,,85.0,86.0,79.8,50.0
2026-08-26,PHTV,v8b,HOLD,medium,61.1,5,2026-08-29,340.16,,,,,,pending,,50.0,75.0,65.4,50.0
2026-08-26,PHTV,v8b,HOLD,medium,61.1,21,2026-08-29,340.16,,,,,,pending,,50.0,75.0,65.4,50.0
2026-08-26,POUL,v8b,ABSTAIN,none,65.3,5,2026-08-29,38.43,,,,,,pending,,50.0,75.0,67.0,70.0
2026-08-26,POUL,v8b,ABSTAIN,none,65.3,21,2026-08-29,38.43,,,,,,pending,,50.0,75.0,67.0,70.0
2026-08-26,PRCL,v8b,HOLD,medium,51.7,5,2026-08-29,32.84,,,,,,pending,,50.0,75.0,51.6,25.0
2026-08-26,PRCL,v8b,HOLD,medium,51.7,21,2026-08-29,32.84,,,,,,pending,,50.0,75.0,51.6,25.0
2026-08-26,PRDC,v8b,REDUCE,medium,47.6,5,2026-08-29,9.35,,,,,,pending,,50.0,50.0,50.9,35.0
2026-08-26,PRDC,v8b,REDUCE,medium,47.6,21,2026-08-29,9.35,,,,,,pending,,50.0,50.0,50.9,35.0
2026-08-26,PRMH,v8b,HOLD,medium,57.1,5,2026-08-29,2.6,,,,,,pending,,50.0,67.0,67.0,35.0
2026-08-26,PRMH,v8b,HOLD,medium,57.1,21,2026-08-29,2.6,,,,,,pending,,50.0,67.0,67.0,35.0
2026-08-26,RACC,v8b,HOLD,medium,62.5,5,2026-08-29,9.48,,,,,,pending,,50.0,75.0,67.0,55.0
2026-08-26,RACC,v8b,HOLD,medium,62.5,21,2026-08-29,9.48,,,,,,pending,,50.0,75.0,67.0,55.0
2026-08-26,RAKT,v8b,ABSTAIN,none,45.6,5,2026-08-29,22.62,,,,,,pending,,50.0,50.0,35.0,55.0
2026-08-26,RAKT,v8b,ABSTAIN,none,45.6,21,2026-08-29,22.62,,,,,,pending,,50.0,50.0,35.0,55.0
2026-08-26,RAYA,v8b,ABSTAIN,none,65.2,5,2026-08-29,7.21,,,,,,pending,,50.0,75.0,77.0,50.0
2026-08-26,RAYA,v8b,ABSTAIN,none,65.2,21,2026-08-29,7.21,,,,,,pending,,50.0,75.0,77.0,50.0
2026-08-26,RKAZ,v8b,HOLD,medium,57.6,5,2026-08-29,4.1,,,,,,pending,,50.0,67.0,73.5,25.0
2026-08-26,RKAZ,v8b,HOLD,medium,57.6,21,2026-08-29,4.1,,,,,,pending,,50.0,67.0,73.5,25.0
2026-08-26,RMDA,v8b,ABSTAIN,none,65.0,5,2026-08-29,6.08,,,,,,pending,,50.0,62.0,85.0,50.0
2026-08-26,RMDA,v8b,ABSTAIN,none,65.0,21,2026-08-29,6.08,,,,,,pending,,50.0,62.0,85.0,50.0
2026-08-26,ROTO,v8b,ABSTAIN,none,68.5,5,2026-08-29,44.41,,,,,,pending,,50.0,81.0,82.8,50.0
2026-08-26,ROTO,v8b,ABSTAIN,none,68.5,21,2026-08-29,44.41,,,,,,pending,,50.0,81.0,82.8,50.0
2026-08-26,RREI,v8b,HOLD,medium,53.2,5,2026-08-29,4.32,,,,,,pending,,50.0,50.0,66.7,35.0
2026-08-26,RREI,v8b,HOLD,medium,53.2,21,2026-08-29,4.32,,,,,,pending,,50.0,50.0,66.7,35.0
2026-08-26,RTVC,v8b,ABSTAIN,none,66.1,5,2026-08-29,4.23,,,,,,pending,,50.0,75.0,77.0,55.0
2026-08-26,RTVC,v8b,ABSTAIN,none,66.1,21,2026-08-29,4.23,,,,,,pending,,50.0,75.0,77.0,55.0
2026-08-26,RUBX,v8b,HOLD,medium,62.3,5,2026-08-29,12.85,,,,,,pending,,50.0,50.0,85.0,50.0
2026-08-26,RUBX,v8b,HOLD,medium,62.3,21,2026-08-29,12.85,,,,,,pending,,50.0,50.0,85.0,50.0
2026-08-26,SAUD,v8b,ABSTAIN,none,70.9,5,2026-08-29,22.9,,,,,,pending,,54.0,92.0,77.0,55.0
2026-08-26,SAUD,v8b,ABSTAIN,none,70.9,21,2026-08-29,22.9,,,,,,pending,,54.0,92.0,77.0,55.0
2026-08-26,SCEM,v8b,ABSTAIN,none,67.3,5,2026-08-29,99.95,,,,,,pending,,50.0,75.0,90.7,35.0
2026-08-26,SCEM,v8b,ABSTAIN,none,67.3,21,2026-08-29,99.95,,,,,,pending,,50.0,75.0,90.7,35.0
2026-08-26,SCFM,v8b,HOLD,medium,64.6,5,2026-08-29,289.03,,,,,,pending,,50.0,80.0,80.0,35.0
2026-08-26,SCFM,v8b,HOLD,medium,64.6,21,2026-08-29,289.03,,,,,,pending,,50.0,80.0,80.0,35.0
2026-08-26,SCTS,v8b,HOLD,medium,51.5,5,2026-08-29,618.56,,,,,,pending,,50.0,80.0,47.8,25.0
2026-08-26,SCTS,v8b,HOLD,medium,51.5,21,2026-08-29,618.56,,,,,,pending,,50.0,80.0,47.8,25.0
2026-08-26,SDTI,v8b,HOLD,medium,64.0,5,2026-08-29,69.74,,,,,,pending,,50.0,80.0,60.2,70.0
2026-08-26,SDTI,v8b,HOLD,medium,64.0,21,2026-08-29,69.74,,,,,,pending,,50.0,80.0,60.2,70.0
2026-08-26,SEIG,v8b,HOLD,medium,58.9,5,2026-08-29,271.05,,,,,,pending,,50.0,67.0,72.0,35.0
2026-08-26,SEIG,v8b,HOLD,medium,58.9,21,2026-08-29,271.05,,,,,,pending,,50.0,67.0,72.0,35.0
2026-08-26,SEIGA,v8b,HOLD,medium,52.7,5,2026-08-26,63.29,,,,,,pending,,50.0,50.0,50.0,65.0
2026-08-26,SEIGA,v8b,HOLD,medium,52.7,21,2026-08-26,63.29,,,,,,pending,,50.0,50.0,50.0,65.0
2026-08-26,SIPC,v8b,ABSTAIN,none,69.9,5,2026-08-29,4.77,,,,,,pending,,50.0,80.0,87.4,50.0
2026-08-26,SIPC,v8b,ABSTAIN,none,69.9,21,2026-08-29,4.77,,,,,,pending,,50.0,80.0,87.4,50.0
2026-08-26,SKPC,v8b,HOLD,medium,52.2,5,2026-08-29,17.33,,,,,,pending,,54.0,75.0,35.0,55.0
2026-08-26,SKPC,v8b,HOLD,medium,52.2,21,2026-08-29,17.33,,,,,,pending,,54.0,75.0,35.0,55.0
2026-08-26,SMFR,v8b,HOLD,medium,55.6,5,2026-08-29,261.87,,,,,,pending,,50.0,40.0,80.0,35.0
2026-08-26,SMFR,v8b,HOLD,medium,55.6,21,2026-08-29,261.87,,,,,,pending,,50.0,40.0,80.0,35.0
2026-08-26,SNFC,v8b,HOLD,medium,57.3,5,2026-08-29,10.59,,,,,,pending,,50.0,55.0,65.0,55.0
2026-08-26,SNFC,v8b,HOLD,medium,57.3,21,2026-08-29,10.59,,,,,,pending,,50.0,55.0,65.0,55.0
2026-08-26,SODIC,v8b,HOLD,low,54.5,5,2026-08-29,31.5,,,,,,pending,,30.0,62.0,68.7,50.0
2026-08-26,SODIC,v8b,HOLD,low,54.5,21,2026-08-29,31.5,,,,,,pending,,30.0,62.0,68.7,50.0
2026-08-26,SPIN,v8b,ABSTAIN,none,67.7,5,2026-08-29,19.69,,,,,,pending,,50.0,50.0,90.0,70.0
2026-08-26,SPIN,v8b,ABSTAIN,none,67.7,21,2026-08-29,19.69,,,,,,pending,,50.0,50.0,90.0,70.0
2026-08-26,SPMD,v8b,ABSTAIN,none,71.6,5,2026-08-29,0.455,,,,,,pending,,50.0,75.0,85.0,70.0
2026-08-26,SPMD,v8b,ABSTAIN,none,71.6,21,2026-08-29,0.455,,,,,,pending,,50.0,75.0,85.0,70.0
2026-08-26,SUGR,v8b,HOLD,medium,53.9,5,2026-08-29,58.3,,,,,,pending,,50.0,37.0,67.0,55.0
2026-08-26,SUGR,v8b,HOLD,medium,53.9,21,2026-08-29,58.3,,,,,,pending,,50.0,37.0,67.0,55.0
2026-08-26,SVCE,v8b,ABSTAIN,none,65.2,5,2026-08-26,11.0,,,,,,pending,,50.0,75.0,90.0,25.0
2026-08-26,SVCE,v8b,ABSTAIN,none,65.2,21,2026-08-26,11.0,,,,,,pending,,50.0,75.0,90.0,25.0
2026-08-26,SWDY,v8b,ABSTAIN,none,68.0,5,2026-08-29,126.13,,,,,,pending,,50.0,75.0,74.9,70.0
2026-08-26,SWDY,v8b,ABSTAIN,none,68.0,21,2026-08-29,126.13,,,,,,pending,,50.0,75.0,74.9,70.0
2026-08-26,TALM,v8b,ABSTAIN,none,68.8,5,2026-08-29,17.52,,,,,,pending,,50.0,87.0,77.0,55.0
2026-08-26,TALM,v8b,ABSTAIN,none,68.8,21,2026-08-29,17.52,,,,,,pending,,50.0,87.0,77.0,55.0
2026-08-26,TMGH,v8b,HOLD,medium,64.1,5,2026-08-29,96.2,,,,,,pending,,50.0,74.0,72.0,55.0
2026-08-26,TMGH,v8b,HOLD,medium,64.1,21,2026-08-29,96.2,,,,,,pending,,50.0,74.0,72.0,55.0
2026-08-26,TRTO,v8b,HOLD,medium,57.8,5,2026-08-29,0.051,,,,,,pending,,50.0,55.0,74.2,40.0
2026-08-26,TRTO,v8b,HOLD,medium,57.8,21,2026-08-29,0.051,,,,,,pending,,50.0,55.0,74.2,40.0
2026-08-26,UEFM,v8b,ABSTAIN,none,66.4,5,2026-08-29,549.59,,,,,,pending,,54.0,80.0,72.0,55.0
2026-08-26,UEFM,v8b,ABSTAIN,none,66.4,21,2026-08-29,549.59,,,,,,pending,,54.0,80.0,72.0,55.0
2026-08-26,UEGC,v8b,HOLD,medium,54.7,5,2026-08-29,1.97,,,,,,pending,,50.0,50.0,76.2,25.0
2026-08-26,UEGC,v8b,HOLD,medium,54.7,21,2026-08-29,1.97,,,,,,pending,,50.0,50.0,76.2,25.0
2026-08-26,UNIP,v8b,HOLD,medium,61.5,5,2026-08-29,0.375,,,,,,pending,,50.0,50.0,80.0,55.0
2026-08-26,UNIP,v8b,HOLD,medium,61.5,21,2026-08-29,0.375,,,,,,pending,,50.0,50.0,80.0,55.0
2026-08-26,UNIT,v8b,HOLD,medium,53.3,5,2026-08-29,18.95,,,,,,pending,,50.0,62.0,64.5,25.0
2026-08-26,UNIT,v8b,HOLD,medium,53.3,21,2026-08-29,18.95,,,,,,pending,,50.0,62.0,64.5,25.0
2026-08-26,WCDF,v8b,HOLD,medium,63.5,5,2026-08-29,652.9,,,,,,pending,,54.0,75.0,67.0,55.0
2026-08-26,WCDF,v8b,HOLD,medium,63.5,21,2026-08-29,652.9,,,,,,pending,,54.0,75.0,67.0,55.0
2026-08-26,WKOL,v8b,ABSTAIN,none,73.6,5,2026-08-29,351.81,,,,,,pending,,54.0,92.0,95.0,35.0
2026-08-26,WKOL,v8b,ABSTAIN,none,73.6,21,2026-08-29,351.81,,,,,,pending,,54.0,92.0,95.0,35.0
2026-08-26,ZEOT,v8b,HOLD,medium,64.2,5,2026-08-29,13.7,,,,,,pending,,50.0,75.0,74.3,50.0
2026-08-26,ZEOT,v8b,HOLD,medium,64.2,21,2026-08-29,13.7,,,,,,pending,,50.0,75.0,74.3,50.0
2026-08-26,ZMID,v8b,ABSTAIN,none,70.4,5,2026-08-29,8.9,,,,,,pending,,50.0,80.0,78.5,70.0
2026-08-26,ZMID,v8b,ABSTAIN,none,70.4,21,2026-08-29,8.9,,,,,,pending,,50.0,80.0,78.5,70.0
2026-08-26,AMIA,w1,WEEKLY_BUY,weekly,45.09,5,2026-08-29,19.1,,,,,,pending,,,,,
2026-08-26,AMIA,w1,WEEKLY_BUY,weekly,45.09,21,2026-08-29,19.1,,,,,,pending,,,,,
2026-08-26,AMES,w1,WEEKLY_BUY,weekly,34.59,5,2026-08-26,147.75,,,,,,pending,,,,,
2026-08-26,AMES,w1,WEEKLY_BUY,weekly,34.59,21,2026-08-26,147.75,,,,,,pending,,,,,
2026-08-26,LUTS,w1,WEEKLY_BUY,weekly,32.12,5,2026-08-26,0.9704,,,,,,pending,,,,,
2026-08-26,LUTS,w1,WEEKLY_BUY,weekly,32.12,21,2026-08-26,0.9704,,,,,,pending,,,,,
2026-08-26,ICFC,w1,WEEKLY_BUY,weekly,29.99,5,2026-08-29,22.86,,,,,,pending,,,,,
2026-08-26,ICFC,w1,WEEKLY_BUY,weekly,29.99,21,2026-08-29,22.86,,,,,,pending,,,,,
2026-08-26,MILS,w1,WEEKLY_BUY,weekly,25.78,5,2026-08-29,216.45,,,,,,pending,,,,,
2026-08-26,MILS,w1,WEEKLY_BUY,weekly,25.78,21,2026-08-29,216.45,,,,,,pending,,,,,
2026-08-27,AXPH,v8b,HOLD,medium,60.6,5,2026-08-29,1703.38,,,,,,pending,,50.0,80.0,53.0,65.0
2026-08-27,AXPH,v8b,HOLD,medium,60.6,21,2026-08-29,1703.38,,,,,,pending,,50.0,80.0,53.0,65.0
2026-08-27,OFH,v8b,HOLD,medium,58.8,5,2026-08-29,1.03,,,,,,pending,,50.0,80.0,53.2,55.0
2026-08-27,OFH,v8b,HOLD,medium,58.8,21,2026-08-29,1.03,,,,,,pending,,50.0,80.0,53.2,55.0
2026-08-27,AMIA,v8b,AVOID,medium,34.0,5,2026-08-29,19.1,,,,,,pending,,50.0,69.0,0,35.0
2026-08-27,AMIA,v8b,AVOID,medium,34.0,21,2026-08-29,19.1,,,,,,pending,,50.0,69.0,0,35.0
2026-08-27,FIRE,v8b,REDUCE,medium,39.0,5,2026-08-29,5.46,,,,,,pending,,50.0,62.0,11.0,50.0
2026-08-27,FIRE,v8b,REDUCE,medium,39.0,21,2026-08-29,5.46,,,,,,pending,,50.0,62.0,11.0,50.0
2026-08-27,NINH,v8b,HOLD,medium,60.6,5,2026-08-29,24.0,,,,,,pending,,50.0,92.0,71.2,15.0
2026-08-27,NINH,v8b,HOLD,medium,60.6,21,2026-08-29,24.0,,,,,,pending,,50.0,92.0,71.2,15.0
2026-08-27,AALR,v8b,REDUCE,medium,49.3,5,2026-08-29,308.3,,,,,,pending,,50.0,50.0,60.8,25.0
2026-08-27,AALR,v8b,REDUCE,medium,49.3,21,2026-08-29,308.3,,,,,,pending,,50.0,50.0,60.8,25.0
2026-08-27,ABUK,v8b,ABSTAIN,none,65.6,5,2026-08-29,79.4,,,,,,pending,,44.0,87.0,77.0,40.0
2026-08-27,ABUK,v8b,ABSTAIN,none,65.6,21,2026-08-29,79.4,,,,,,pending,,44.0,87.0,77.0,40.0
2026-08-27,ACAMD,v8b,ABSTAIN,none,65.7,5,2026-08-29,2.03,,,,,,pending,,50.0,92.0,65.0,55.0
2026-08-27,ACAMD,v8b,ABSTAIN,none,65.7,21,2026-08-29,2.03,,,,,,pending,,50.0,92.0,65.0,55.0
2026-08-27,ACGC,v8b,HOLD,medium,54.5,5,2026-08-29,14.22,,,,,,pending,,50.0,50.0,62.7,50.0
2026-08-27,ACGC,v8b,HOLD,medium,54.5,21,2026-08-29,14.22,,,,,,pending,,50.0,50.0,62.7,50.0
2026-08-27,ADCI,v8b,HOLD,medium,60.6,5,2026-08-29,292.12,,,,,,pending,,50.0,81.0,60.3,50.0
2026-08-27,ADCI,v8b,HOLD,medium,60.6,21,2026-08-29,292.12,,,,,,pending,,50.0,81.0,60.3,50.0
2026-08-27,ADIB,v8b,ABSTAIN,none,71.6,5,2026-08-29,53.7,,,,,,pending,,50.0,87.0,85.0,55.0
2026-08-27,ADIB,v8b,ABSTAIN,none,71.6,21,2026-08-29,53.7,,,,,,pending,,50.0,87.0,85.0,55.0
2026-08-27,ADPC,v8b,HOLD,medium,55.4,5,2026-08-29,3.92,,,,,,pending,,50.0,62.0,55.0,55.0
2026-08-27,ADPC,v8b,HOLD,medium,55.4,21,2026-08-29,3.92,,,,,,pending,,50.0,62.0,55.0,55.0
2026-08-27,AFDI,v8b,HOLD,medium,53.3,5,2026-08-29,53.6,,,,,,pending,,50.0,35.0,69.0,50.0
2026-08-27,AFDI,v8b,HOLD,medium,53.3,21,2026-08-29,53.6,,,,,,pending,,50.0,35.0,69.0,50.0
2026-08-27,AFMC,v8b,REDUCE,medium,36.0,5,2026-08-29,208.0,,,,,,pending,,50.0,86.0,0,25.0
2026-08-27,AFMC,v8b,REDUCE,medium,36.0,21,2026-08-29,208.0,,,,,,pending,,50.0,86.0,0,25.0
2026-08-27,AIFI,v8b,ABSTAIN,none,73.1,5,2026-08-29,2.45,,,,,,pending,,50.0,75.0,89.2,70.0
2026-08-27,AIFI,v8b,ABSTAIN,none,73.1,21,2026-08-29,2.45,,,,,,pending,,50.0,75.0,89.2,70.0
2026-08-27,AJWA,v8b,HOLD,medium,59.1,5,2026-08-29,180.0,,,,,,pending,,50.0,50.0,75.8,50.0
2026-08-27,AJWA,v8b,HOLD,medium,59.1,21,2026-08-29,180.0,,,,,,pending,,50.0,50.0,75.8,50.0
2026-08-27,ALCN,v8b,ABSTAIN,none,66.4,5,2026-08-29,30.51,,,,,,pending,,50.0,92.0,67.0,55.0
2026-08-27,ALCN,v8b,ABSTAIN,none,66.4,21,2026-08-29,30.51,,,,,,pending,,50.0,92.0,67.0,55.0
2026-08-27,ALUM,v8b,HOLD,medium,56.0,5,2026-08-29,28.99,,,,,,pending,,50.0,35.0,76.8,50.0
2026-08-27,ALUM,v8b,HOLD,medium,56.0,21,2026-08-29,28.99,,,,,,pending,,50.0,35.0,76.8,50.0
2026-08-27,AMER,v8b,AVOID,medium,31.6,5,2026-08-29,6.52,,,,,,pending,,50.0,62.0,2.8,25.0
2026-08-27,AMER,v8b,AVOID,medium,31.6,21,2026-08-29,6.52,,,,,,pending,,50.0,62.0,2.8,25.0
2026-08-27,AMES,v8b,AVOID,medium,31.3,5,2026-08-29,139.0,,,,,,pending,,50.0,62.0,12.4,5.0
2026-08-27,AMES,v8b,AVOID,medium,31.3,21,2026-08-29,139.0,,,,,,pending,,50.0,62.0,12.4,5.0
2026-08-27,AMOC,v8b,HOLD,medium,64.6,5,2026-08-29,11.44,,,,,,pending,,54.0,67.0,77.9,50.0
2026-08-27,AMOC,v8b,HOLD,medium,64.6,21,2026-08-29,11.44,,,,,,pending,,54.0,67.0,77.9,50.0
2026-08-27,AMPI,v8b,HOLD,medium,64.3,5,2026-08-29,2.99,,,,,,pending,,50.0,75.0,72.0,55.0
2026-08-27,AMPI,v8b,HOLD,medium,64.3,21,2026-08-29,2.99,,,,,,pending,,50.0,75.0,72.0,55.0
2026-08-27,APSW,v8b,REDUCE,medium,46.8,5,2026-08-29,8.56,,,,,,pending,,50.0,55.0,35.0,55.0
2026-08-27,APSW,v8b,REDUCE,medium,46.8,21,2026-08-29,8.56,,,,,,pending,,50.0,55.0,35.0,55.0
2026-08-27,ARAB,v8b,HOLD,medium,61.5,5,2026-08-29,0.263,,,,,,pending,,50.0,62.0,80.0,40.0
2026-08-27,ARAB,v8b,HOLD,medium,61.5,21,2026-08-29,0.263,,,,,,pending,,50.0,62.0,80.0,40.0
2026-08-27,ARCC,v8b,ABSTAIN,none,69.0,5,2026-08-29,76.37,,,,,,pending,,58.0,92.0,79.3,35.0
2026-08-27,ARCC,v8b,ABSTAIN,none,69.0,21,2026-08-29,76.37,,,,,,pending,,58.0,92.0,79.3,35.0
2026-08-27,AREH,v8b,HOLD,medium,58.3,5,2026-08-29,1.44,,,,,,pending,,50.0,40.0,80.0,50.0
2026-08-27,AREH,v8b,HOLD,medium,58.3,21,2026-08-29,1.44,,,,,,pending,,50.0,40.0,80.0,50.0
2026-08-27,ARVA,v8b,HOLD,medium,54.4,5,2026-08-29,12.35,,,,,,pending,,50.0,35.0,62.0,70.0
2026-08-27,ARVA,v8b,HOLD,medium,54.4,21,2026-08-29,12.35,,,,,,pending,,50.0,35.0,62.0,70.0
2026-08-27,ASCM,v8b,ABSTAIN,none,68.0,5,2026-08-29,62.5,,,,,,pending,,50.0,75.0,85.2,50.0
2026-08-27,ASCM,v8b,ABSTAIN,none,68.0,21,2026-08-29,62.5,,,,,,pending,,50.0,75.0,85.2,50.0
2026-08-27,ASPI,v8b,HOLD,medium,54.1,5,2026-08-29,0.475,,,,,,pending,,50.0,50.0,74.4,25.0
2026-08-27,ASPI,v8b,HOLD,medium,54.1,21,2026-08-29,0.475,,,,,,pending,,50.0,50.0,74.4,25.0
2026-08-27,ATLC,v8b,HOLD,medium,64.6,5,2026-08-29,5.45,,,,,,pending,,54.0,56.0,85.0,50.0
2026-08-27,ATLC,v8b,HOLD,medium,64.6,21,2026-08-29,5.45,,,,,,pending,,54.0,56.0,85.0,50.0
2026-08-27,ATQA,v8b,HOLD,medium,58.1,5,2026-08-29,11.79,,,,,,pending,,50.0,35.0,80.0,55.0
2026-08-27,ATQA,v8b,HOLD,medium,58.1,21,2026-08-29,11.79,,,,,,pending,,50.0,35.0,80.0,55.0
2026-08-27,BIDI,v8b,HOLD,medium,60.5,5,2026-08-29,2.12,,,,,,pending,,50.0,62.0,72.2,50.0
2026-08-27,BIDI,v8b,HOLD,medium,60.5,21,2026-08-29,2.12,,,,,,pending,,50.0,62.0,72.2,50.0
2026-08-27,BIGP,v8b,HOLD,medium,54.6,5,2026-08-29,0.244,,,,,,pending,,50.0,62.0,78.5,5.0
2026-08-27,BIGP,v8b,HOLD,medium,54.6,21,2026-08-29,0.244,,,,,,pending,,50.0,62.0,78.5,5.0
2026-08-27,BINV,v8b,ABSTAIN,none,66.2,5,2026-08-29,52.5,,,,,,pending,,50.0,79.0,67.0,70.0
2026-08-27,BINV,v8b,ABSTAIN,none,66.2,21,2026-08-29,52.5,,,,,,pending,,50.0,79.0,67.0,70.0
2026-08-27,BIOC,v8b,AVOID,medium,30.6,5,2026-08-29,413.02,,,,,,pending,,50.0,62.0,0,25.0
2026-08-27,BIOC,v8b,AVOID,medium,30.6,21,2026-08-29,413.02,,,,,,pending,,50.0,62.0,0,25.0
2026-08-27,BTFH,v8b,REDUCE,medium,48.2,5,2026-08-29,2.99,,,,,,pending,,50.0,50.0,27.0,85.0
2026-08-27,BTFH,v8b,REDUCE,medium,48.2,21,2026-08-29,2.99,,,,,,pending,,50.0,50.0,27.0,85.0
2026-08-27,CAED,v8b,REDUCE,medium,48.3,5,2026-08-29,144.05,,,,,,pending,,50.0,80.0,38.8,25.0
2026-08-27,CAED,v8b,REDUCE,medium,48.3,21,2026-08-29,144.05,,,,,,pending,,50.0,80.0,38.8,25.0
2026-08-27,CANA,v8b,REDUCE,medium,44.9,5,2026-08-29,41.87,,,,,,pending,,50.0,87.0,35.0,5.0
2026-08-27,CANA,v8b,REDUCE,medium,44.9,21,2026-08-29,41.87,,,,,,pending,,50.0,87.0,35.0,5.0
2026-08-27,CCAP,v8b,HOLD,medium,57.9,5,2026-08-29,5.78,,,,,,pending,,50.0,62.0,64.8,50.0
2026-08-27,CCAP,v8b,HOLD,medium,57.9,21,2026-08-29,5.78,,,,,,pending,,50.0,62.0,64.8,50.0
2026-08-27,CCRS,v8b,HOLD,medium,57.0,5,2026-08-29,2.73,,,,,,pending,,50.0,55.0,66.7,50.0
2026-08-27,CCRS,v8b,HOLD,medium,57.0,21,2026-08-29,2.73,,,,,,pending,,50.0,55.0,66.7,50.0
2026-08-27,CEFM,v8b,HOLD,medium,63.3,5,2026-08-29,143.76,,,,,,pending,,54.0,80.0,73.5,35.0
2026-08-27,CEFM,v8b,HOLD,medium,63.3,21,2026-08-29,143.76,,,,,,pending,,54.0,80.0,73.5,35.0
2026-08-27,CERA,v8b,HOLD,medium,50.8,5,2026-08-29,1.28,,,,,,pending,,50.0,23.0,67.0,55.0
2026-08-27,CERA,v8b,HOLD,medium,50.8,21,2026-08-29,1.28,,,,,,pending,,50.0,23.0,67.0,55.0
2026-08-27,CFGH,v8b,REDUCE,medium,48.6,5,2026-08-29,0.115,,,,,,pending,,50.0,63.0,35.0,55.0
2026-08-27,CFGH,v8b,REDUCE,medium,48.6,21,2026-08-29,0.115,,,,,,pending,,50.0,63.0,35.0,55.0
2026-08-27,CICH,v8b,HOLD,medium,62.1,5,2026-08-29,12.15,,,,,,pending,,54.0,69.0,67.0,55.0
2026-08-27,CICH,v8b,HOLD,medium,62.1,21,2026-08-29,12.15,,,,,,pending,,54.0,69.0,67.0,55.0
2026-08-27,CIEB,v8b,ABSTAIN,none,73.6,5,2026-08-29,24.71,,,,,,pending,,58.0,92.0,82.0,55.0
2026-08-27,CIEB,v8b,ABSTAIN,none,73.6,21,2026-08-29,24.71,,,,,,pending,,58.0,92.0,82.0,55.0
2026-08-27,CIRA,v8b,HOLD,medium,55.5,5,2026-08-29,33.74,,,,,,pending,,50.0,63.0,57.3,50.0
2026-08-27,CIRA,v8b,HOLD,medium,55.5,21,2026-08-29,33.74,,,,,,pending,,50.0,63.0,57.3,50.0
2026-08-27,CLHO,v8b,HOLD,medium,59.3,5,2026-08-29,17.29,,,,,,pending,,30.0,62.0,80.0,55.0
2026-08-27,CLHO,v8b,HOLD,medium,59.3,21,2026-08-29,17.29,,,,,,pending,,30.0,62.0,80.0,55.0
2026-08-27,CNFN,v8b,HOLD,medium,62.5,5,2026-08-29,4.76,,,,,,pending,,50.0,75.0,67.0,55.0
2026-08-27,CNFN,v8b,HOLD,medium,62.5,21,2026-08-29,4.76,,,,,,pending,,50.0,75.0,67.0,55.0
2026-08-27,COMI,v8b,HOLD,medium,63.1,5,2026-08-29,138.1,,,,,,pending,,54.0,92.0,55.0,55.0
2026-08-27,COMI,v8b,HOLD,medium,63.1,21,2026-08-29,138.1,,,,,,pending,,54.0,92.0,55.0,55.0
2026-08-27,COPR,v8b,HOLD,medium,54.3,5,2026-08-29,0.525,,,,,,pending,,50.0,40.0,68.7,50.0
2026-08-27,COPR,v8b,HOLD,medium,54.3,21,2026-08-29,0.525,,,,,,pending,,50.0,40.0,68.7,50.0
2026-08-27,COSG,v8b,ABSTAIN,none,72.4,5,2026-08-29,1.8,,,,,,pending,,50.0,75.0,95.0,55.0
2026-08-27,COSG,v8b,ABSTAIN,none,72.4,21,2026-08-29,1.8,,,,,,pending,,50.0,75.0,95.0,55.0
2026-08-27,CPCI,v8b,HOLD,medium,63.2,5,2026-08-29,546.27,,,,,,pending,,54.0,80.0,57.8,65.0
2026-08-27,CPCI,v8b,HOLD,medium,63.2,21,2026-08-29,546.27,,,,,,pending,,54.0,80.0,57.8,65.0
2026-08-27,CSAG,v8b,ABSTAIN,none,76.4,5,2026-08-29,39.84,,,,,,pending,,58.0,80.0,90.0,70.0
2026-08-27,CSAG,v8b,ABSTAIN,none,76.4,21,2026-08-29,39.84,,,,,,pending,,58.0,80.0,90.0,70.0
2026-08-27,DAPH,v8b,REDUCE,medium,48.0,5,2026-08-29,141.6,,,,,,pending,,50.0,10.0,77.7,35.0
2026-08-27,DAPH,v8b,REDUCE,medium,48.0,21,2026-08-29,141.6,,,,,,pending,,50.0,10.0,77.7,35.0
2026-08-27,DOMT,v8b,ABSTAIN,none,67.2,5,2026-08-29,28.4,,,,,,pending,,60.0,65.0,72.0,70.0
2026-08-27,DOMT,v8b,ABSTAIN,none,67.2,21,2026-08-29,28.4,,,,,,pending,,60.0,65.0,72.0,70.0
2026-08-27,DSCW,v8b,HOLD,medium,62.5,5,2026-08-29,1.89,,,,,,pending,,50.0,75.0,67.0,55.0
2026-08-27,DSCW,v8b,HOLD,medium,62.5,21,2026-08-29,1.89,,,,,,pending,,50.0,75.0,67.0,55.0
2026-08-27,DTPP,v8b,REDUCE,medium,35.2,5,2026-08-29,306.4,,,,,,pending,,54.0,75.0,2.0,25.0
2026-08-27,DTPP,v8b,REDUCE,medium,35.2,21,2026-08-29,306.4,,,,,,pending,,54.0,75.0,2.0,25.0
2026-08-27,EALR,v8b,HOLD,medium,59.6,5,2026-08-29,400.18,,,,,,pending,,50.0,50.0,85.0,35.0
2026-08-27,EALR,v8b,HOLD,medium,59.6,21,2026-08-29,400.18,,,,,,pending,,50.0,50.0,85.0,35.0
2026-08-27,EASB,v8b,REDUCE,medium,45.2,5,2026-08-29,7.54,,,,,,pending,,50.0,55.0,46.0,25.0
2026-08-27,EASB,v8b,REDUCE,medium,45.2,21,2026-08-29,7.54,,,,,,pending,,50.0,55.0,46.0,25.0
2026-08-27,EAST,v8b,REDUCE,medium,47.5,5,2026-08-29,35.07,,,,,,pending,,30.0,92.0,27.0,55.0
2026-08-27,EAST,v8b,REDUCE,medium,47.5,21,2026-08-29,35.07,,,,,,pending,,30.0,92.0,27.0,55.0
2026-08-27,EBSC,v8b,HOLD,medium,62.4,5,2026-08-29,1.97,,,,,,pending,,50.0,55.0,82.0,50.0
2026-08-27,EBSC,v8b,HOLD,medium,62.4,21,2026-08-29,1.97,,,,,,pending,,50.0,55.0,82.0,50.0
2026-08-27,ECAP,v8b,ABSTAIN,none,66.2,5,2026-08-29,33.41,,,,,,pending,,50.0,75.0,80.0,50.0
2026-08-27,ECAP,v8b,ABSTAIN,none,66.2,21,2026-08-29,33.41,,,,,,pending,,50.0,75.0,80.0,50.0
2026-08-27,EDFM,v8b,ABSTAIN,none,76.4,5,2026-08-29,402.77,,,,,,pending,,54.0,80.0,85.0,85.0
2026-08-27,EDFM,v8b,ABSTAIN,none,76.4,21,2026-08-29,402.77,,,,,,pending,,54.0,80.0,85.0,85.0
2026-08-27,EEII,v8b,HOLD,medium,55.7,5,2026-08-29,3.12,,,,,,pending,,50.0,35.0,75.9,50.0
2026-08-27,EEII,v8b,HOLD,medium,55.7,21,2026-08-29,3.12,,,,,,pending,,50.0,35.0,75.9,50.0
2026-08-27,EFIC,v8b,HOLD,medium,53.0,5,2026-08-29,200.21,,,,,,pending,,50.0,75.0,40.0,55.0
2026-08-27,EFIC,v8b,HOLD,medium,53.0,21,2026-08-29,200.21,,,,,,pending,,50.0,75.0,40.0,55.0
2026-08-27,EFID,v8b,HOLD,medium,60.2,5,2026-08-29,31.26,,,,,,pending,,30.0,86.0,67.0,55.0
2026-08-27,EFID,v8b,HOLD,medium,60.2,21,2026-08-29,31.26,,,,,,pending,,30.0,86.0,67.0,55.0
2026-08-27,EFIH,v8b,HOLD,medium,62.0,5,2026-08-29,23.35,,,,,,pending,,20.0,97.0,72.0,55.0
2026-08-27,EFIH,v8b,HOLD,medium,62.0,21,2026-08-29,23.35,,,,,,pending,,20.0,97.0,72.0,55.0
2026-08-27,EGAL,v8b,ABSTAIN,none,68.2,5,2026-08-29,366.99,,,,,,pending,,50.0,92.0,74.8,50.0
2026-08-27,EGAL,v8b,ABSTAIN,none,68.2,21,2026-08-29,366.99,,,,,,pending,,50.0,92.0,74.8,50.0
2026-08-27,EGAS,v8b,ABSTAIN,none,65.3,5,2026-08-29,57.79,,,,,,pending,,50.0,55.0,80.0,70.0
2026-08-27,EGAS,v8b,ABSTAIN,none,65.3,21,2026-08-29,57.79,,,,,,pending,,50.0,55.0,80.0,70.0
2026-08-27,EGBE,v8b,ABSTAIN,none,74.3,5,2026-08-29,0.538,,,,,,pending,,50.0,87.0,85.0,70.0
2026-08-27,EGBE,v8b,ABSTAIN,none,74.3,21,2026-08-29,0.538,,,,,,pending,,50.0,87.0,85.0,70.0
2026-08-27,EGCH,v8b,HOLD,medium,59.7,5,2026-08-29,13.86,,,,,,pending,,50.0,81.0,55.0,55.0
2026-08-27,EGCH,v8b,HOLD,medium,59.7,21,2026-08-29,13.86,,,,,,pending,,50.0,81.0,55.0,55.0
2026-08-27,EGREF,v8b,ABSTAIN,none,35.7,5,2026-08-29,41.56,,,,,,pending,,50.0,55.0,18.9,25.0
2026-08-27,EGREF,v8b,ABSTAIN,none,35.7,21,2026-08-29,41.56,,,,,,pending,,50.0,55.0,18.9,25.0
2026-08-27,EGSA,v8b,HOLD,medium,63.7,5,2026-08-29,8.69,,,,,,pending,,54.0,52.0,67.0,85.0
2026-08-27,EGSA,v8b,HOLD,medium,63.7,21,2026-08-29,8.69,,,,,,pending,,54.0,52.0,67.0,85.0
2026-08-27,EGTS,v8b,REDUCE,medium,42.0,5,2026-08-29,17.44,,,,,,pending,,50.0,55.0,45.0,15.0
2026-08-27,EGTS,v8b,REDUCE,medium,42.0,21,2026-08-29,17.44,,,,,,pending,,50.0,55.0,45.0,15.0
2026-08-27,EHDR,v8b,HOLD,medium,63.4,5,2026-08-29,2.88,,,,,,pending,,50.0,55.0,85.0,50.0
2026-08-27,EHDR,v8b,HOLD,medium,63.4,21,2026-08-29,2.88,,,,,,pending,,50.0,55.0,85.0,50.0
2026-08-27,EIPI,v8b,ABSTAIN,none,70.7,5,2026-08-29,131.21,,,,,,pending,,85.0,81.0,72.7,35.0
2026-08-27,EIPI,v8b,ABSTAIN,none,70.7,21,2026-08-29,131.21,,,,,,pending,,85.0,81.0,72.7,35.0
2026-08-27,ELEC,v8b,REDUCE,medium,47.7,5,2026-08-29,2.1,,,,,,pending,,50.0,35.0,35.0,85.0
2026-08-27,ELEC,v8b,REDUCE,medium,47.7,21,2026-08-29,2.1,,,,,,pending,,50.0,35.0,35.0,85.0
2026-08-27,ELKA,v8b,REDUCE,medium,49.7,5,2026-08-29,1.88,,,,,,pending,,50.0,35.0,58.8,50.0
2026-08-27,ELKA,v8b,REDUCE,medium,49.7,21,2026-08-29,1.88,,,,,,pending,,50.0,35.0,58.8,50.0
2026-08-27,ELNA,v8b,REDUCE,medium,46.8,5,2026-08-29,37.0,,,,,,pending,,50.0,55.0,35.0,55.0
2026-08-27,ELNA,v8b,REDUCE,medium,46.8,21,2026-08-29,37.0,,,,,,pending,,50.0,55.0,35.0,55.0
2026-08-27,ELSH,v8b,REDUCE,medium,45.7,5,2026-08-29,14.0,,,,,,pending,,50.0,35.0,60.4,25.0
2026-08-27,ELSH,v8b,REDUCE,medium,45.7,21,2026-08-29,14.0,,,,,,pending,,50.0,35.0,60.4,25.0
2026-08-27,ELWA,v8b,HOLD,medium,58.8,5,2026-08-29,1.94,,,,,,pending,,50.0,35.0,82.0,55.0
2026-08-27,ELWA,v8b,HOLD,medium,58.8,21,2026-08-29,1.94,,,,,,pending,,50.0,35.0,82.0,55.0
2026-08-27,EMFD,v8b,HOLD,medium,59.2,5,2026-08-29,12.7,,,,,,pending,,40.0,35.0,90.0,55.0
2026-08-27,EMFD,v8b,HOLD,medium,59.2,21,2026-08-29,12.7,,,,,,pending,,40.0,35.0,90.0,55.0
2026-08-27,ENGC,v8b,HOLD,medium,63.2,5,2026-08-29,45.72,,,,,,pending,,50.0,50.0,85.0,55.0
2026-08-27,ENGC,v8b,HOLD,medium,63.2,21,2026-08-29,45.72,,,,,,pending,,50.0,50.0,85.0,55.0
2026-08-27,EOSB,v8b,ABSTAIN,none,69.0,5,2026-08-29,1.57,,,,,,pending,,50.0,75.0,70.0,85.0
2026-08-27,EOSB,v8b,ABSTAIN,none,69.0,21,2026-08-29,1.57,,,,,,pending,,50.0,75.0,70.0,85.0
2026-08-27,EPCO,v8b,ABSTAIN,none,65.3,5,2026-08-29,11.46,,,,,,pending,,50.0,67.0,80.0,55.0
2026-08-27,EPCO,v8b,ABSTAIN,none,65.3,21,2026-08-29,11.46,,,,,,pending,,50.0,67.0,80.0,55.0
2026-08-27,EPPK,v8b,HOLD,medium,61.6,5,2026-08-29,12.64,,,,,,pending,,50.0,75.0,67.0,50.0
2026-08-27,EPPK,v8b,HOLD,medium,61.6,21,2026-08-29,12.64,,,,,,pending,,50.0,75.0,67.0,50.0
2026-08-27,ETEL,v8b,ABSTAIN,none,67.0,5,2026-08-29,116.16,,,,,,pending,,50.0,87.0,72.0,55.0
2026-08-27,ETEL,v8b,ABSTAIN,none,67.0,21,2026-08-29,116.16,,,,,,pending,,50.0,87.0,72.0,55.0
2026-08-27,ETRS,v8b,ABSTAIN,none,70.2,5,2026-08-29,11.0,,,,,,pending,,50.0,80.0,80.3,65.0
2026-08-27,ETRS,v8b,ABSTAIN,none,70.2,21,2026-08-29,11.0,,,,,,pending,,50.0,80.0,80.3,65.0
2026-08-27,EXPA,v8b,ABSTAIN,none,70.7,5,2026-08-29,20.41,,,,,,pending,,50.0,87.0,67.0,85.0
2026-08-27,EXPA,v8b,ABSTAIN,none,70.7,21,2026-08-29,20.41,,,,,,pending,,50.0,87.0,67.0,85.0
2026-08-27,FAIT,v8b,ABSTAIN,none,74.7,5,2026-08-29,43.72,,,,,,pending,,89.0,55.0,80.0,70.0
2026-08-27,FAIT,v8b,ABSTAIN,none,74.7,21,2026-08-29,43.72,,,,,,pending,,89.0,55.0,80.0,70.0
2026-08-27,FAITA,v8b,HOLD,medium,53.2,5,2026-08-29,0.99,,,,,,pending,,54.0,55.0,35.0,85.0
2026-08-27,FAITA,v8b,HOLD,medium,53.2,21,2026-08-29,0.99,,,,,,pending,,54.0,55.0,35.0,85.0
2026-08-27,FNAR,v8b,REDUCE,medium,46.5,5,2026-08-29,12.31,,,,,,pending,,50.0,40.0,54.2,35.0
2026-08-27,FNAR,v8b,REDUCE,medium,46.5,21,2026-08-29,12.31,,,,,,pending,,50.0,40.0,54.2,35.0
2026-08-27,FTNS,v8b,HOLD,medium,58.0,5,2026-08-29,1.4,,,,,,pending,,50.0,35.0,72.0,70.0
2026-08-27,FTNS,v8b,HOLD,medium,58.0,21,2026-08-29,1.4,,,,,,pending,,50.0,35.0,72.0,70.0
2026-08-27,FWRY,v8b,HOLD,medium,61.0,5,2026-08-29,18.99,,,,,,pending,,50.0,87.0,55.0,55.0
2026-08-27,FWRY,v8b,HOLD,medium,61.0,21,2026-08-29,18.99,,,,,,pending,,50.0,87.0,55.0,55.0
2026-08-27,GBCO,v8b,HOLD,medium,52.7,5,2026-08-29,28.3,,,,,,pending,,50.0,50.0,55.0,55.0
2026-08-27,GBCO,v8b,HOLD,medium,52.7,21,2026-08-29,28.3,,,,,,pending,,50.0,50.0,55.0,55.0
2026-08-27,GDWA,v8b,REDUCE,medium,44.9,5,2026-08-29,0.807,,,,,,pending,,50.0,35.0,35.0,70.0
2026-08-27,GDWA,v8b,REDUCE,medium,44.9,21,2026-08-29,0.807,,,,,,pending,,50.0,35.0,35.0,70.0
2026-08-27,GGCC,v8b,HOLD,medium,51.2,5,2026-08-29,0.944,,,,,,pending,,50.0,68.0,65.0,5.0
2026-08-27,GGCC,v8b,HOLD,medium,51.2,21,2026-08-29,0.944,,,,,,pending,,50.0,68.0,65.0,5.0
2026-08-27,GIHD,v8b,HOLD,medium,60.7,5,2026-08-29,64.21,,,,,,pending,,50.0,80.0,68.9,35.0
2026-08-27,GIHD,v8b,HOLD,medium,60.7,21,2026-08-29,64.21,,,,,,pending,,50.0,80.0,68.9,35.0
2026-08-27,GMCI,v8b,ABSTAIN,none,66.1,5,2026-08-29,1.87,,,,,,pending,,50.0,75.0,77.0,55.0
2026-08-27,GMCI,v8b,ABSTAIN,none,66.1,21,2026-08-29,1.87,,,,,,pending,,50.0,75.0,77.0,55.0
2026-08-27,GRCA,v8b,HOLD,medium,58.6,5,2026-08-29,83.0,,,,,,pending,,50.0,52.0,80.9,35.0
2026-08-27,GRCA,v8b,HOLD,medium,58.6,21,2026-08-29,83.0,,,,,,pending,,50.0,52.0,80.9,35.0
2026-08-27,GSSC,v8b,ABSTAIN,none,71.6,5,2026-08-29,283.16,,,,,,pending,,50.0,75.0,85.0,70.0
2026-08-27,GSSC,v8b,ABSTAIN,none,71.6,21,2026-08-29,283.16,,,,,,pending,,50.0,75.0,85.0,70.0
2026-08-27,GTWL,v8b,HOLD,medium,52.7,5,2026-08-29,237.01,,,,,,pending,,50.0,62.0,50.0,50.0
2026-08-27,GTWL,v8b,HOLD,medium,52.7,21,2026-08-29,237.01,,,,,,pending,,50.0,62.0,50.0,50.0
2026-08-27,HDBK,v8b,REDUCE,medium,37.6,5,2026-08-29,98.84,,,,,,pending,,64.0,52.0,27.0,5.0
2026-08-27,HDBK,v8b,REDUCE,medium,37.6,21,2026-08-29,98.84,,,,,,pending,,64.0,52.0,27.0,5.0
2026-08-27,HELI,v8b,HOLD,low,53.3,5,2026-08-29,7.85,,,,,,pending,,24.0,50.0,77.3,50.0
2026-08-27,HELI,v8b,HOLD,low,53.3,21,2026-08-29,7.85,,,,,,pending,,24.0,50.0,77.3,50.0
2026-08-27,HRHO,v8b,HOLD,medium,55.3,5,2026-08-29,25.69,,,,,,pending,,85.0,56.0,27.0,70.0
2026-08-27,HRHO,v8b,HOLD,medium,55.3,21,2026-08-29,25.69,,,,,,pending,,85.0,56.0,27.0,70.0
2026-08-27,IBCT,v8b,HOLD,medium,61.6,5,2026-08-29,12.82,,,,,,pending,,50.0,75.0,67.0,50.0
2026-08-27,IBCT,v8b,HOLD,medium,61.6,21,2026-08-29,12.82,,,,,,pending,,50.0,75.0,67.0,50.0
2026-08-27,ICFC,v8b,ABSTAIN,none,67.1,5,2026-08-29,22.86,,,,,,pending,,50.0,75.0,80.0,55.0
2026-08-27,ICFC,v8b,ABSTAIN,none,67.1,21,2026-08-29,22.86,,,,,,pending,,50.0,75.0,80.0,55.0
2026-08-27,ICID,v8b,AVOID,medium,31.7,5,2026-08-29,16.64,,,,,,pending,,50.0,55.0,0,40.0
2026-08-27,ICID,v8b,AVOID,medium,31.7,21,2026-08-29,16.64,,,,,,pending,,50.0,55.0,0,40.0
2026-08-27,IDRE,v8b,ABSTAIN,none,67.6,5,2026-08-29,51.67,,,,,,pending,,50.0,80.0,80.7,50.0
2026-08-27,IDRE,v8b,ABSTAIN,none,67.6,21,2026-08-29,51.67,,,,,,pending,,50.0,80.0,80.7,50.0
2026-08-27,IFAP,v8b,HOLD,medium,55.3,5,2026-08-29,20.74,,,,,,pending,,50.0,35.0,72.0,55.0
2026-08-27,IFAP,v8b,HOLD,medium,55.3,21,2026-08-29,20.74,,,,,,pending,,50.0,35.0,72.0,55.0
2026-08-27,INEG,v8b,HOLD,medium,54.3,5,2026-08-29,0.538,,,,,,pending,,50.0,35.0,72.0,50.0
2026-08-27,INEG,v8b,HOLD,medium,54.3,21,2026-08-29,0.538,,,,,,pending,,50.0,35.0,72.0,50.0
2026-08-27,INFI,v8b,ABSTAIN,none,65.0,5,2026-08-29,156.63,,,,,,pending,,50.0,86.0,77.2,35.0
2026-08-27,INFI,v8b,ABSTAIN,none,65.0,21,2026-08-29,156.63,,,,,,pending,,50.0,86.0,77.2,35.0
2026-08-27,IRON,v8b,REDUCE,medium,42.1,5,2026-08-29,30.68,,,,,,pending,,50.0,47.0,27.0,55.0
2026-08-27,IRON,v8b,REDUCE,medium,42.1,21,2026-08-29,30.68,,,,,,pending,,50.0,47.0,27.0,55.0
2026-08-27,ISMA,v8b,REDUCE,medium,45.9,5,2026-08-29,38.6,,,,,,pending,,50.0,80.0,19.2,50.0
2026-08-27,ISMA,v8b,REDUCE,medium,45.9,21,2026-08-29,38.6,,,,,,pending,,50.0,80.0,19.2,50.0
2026-08-27,ISMQ,v8b,ABSTAIN,none,69.1,5,2026-08-29,9.12,,,,,,pending,,54.0,80.0,72.0,70.0
2026-08-27,ISMQ,v8b,ABSTAIN,none,69.1,21,2026-08-29,9.12,,,,,,pending,,54.0,80.0,72.0,70.0
2026-08-27,ISPH,v8b,HOLD,medium,60.5,5,2026-08-29,12.9,,,,,,pending,,50.0,70.0,67.0,50.0
2026-08-27,ISPH,v8b,HOLD,medium,60.5,21,2026-08-29,12.9,,,,,,pending,,50.0,70.0,67.0,50.0
2026-08-27,JUFO,v8b,HOLD,medium,55.6,5,2026-08-29,27.39,,,,,,pending,,50.0,75.0,55.0,40.0
2026-08-27,JUFO,v8b,HOLD,medium,55.6,21,2026-08-29,27.39,,,,,,pending,,50.0,75.0,55.0,40.0
2026-08-27,KABO,v8b,HOLD,medium,64.9,5,2026-08-29,9.21,,,,,,pending,,50.0,75.0,73.6,55.0
2026-08-27,KABO,v8b,HOLD,medium,64.9,21,2026-08-29,9.21,,,,,,pending,,50.0,75.0,73.6,55.0
2026-08-27,KWIN,v8b,HOLD,medium,55.8,5,2026-08-29,120.7,,,,,,pending,,50.0,50.0,79.3,25.0
2026-08-27,KWIN,v8b,HOLD,medium,55.8,21,2026-08-29,120.7,,,,,,pending,,50.0,50.0,79.3,25.0
2026-08-27,KZPC,v8b,HOLD,medium,50.0,5,2026-08-29,12.73,,,,,,pending,,54.0,50.0,60.0,25.0
2026-08-27,KZPC,v8b,HOLD,medium,50.0,21,2026-08-29,12.73,,,,,,pending,,54.0,50.0,60.0,25.0
2026-08-27,LCSW,v8b,HOLD,medium,61.5,5,2026-08-29,34.88,,,,,,pending,,50.0,50.0,80.0,55.0
2026-08-27,LCSW,v8b,HOLD,medium,61.5,21,2026-08-29,34.88,,,,,,pending,,50.0,50.0,80.0,55.0
2026-08-27,LUTS,v8b,REDUCE,medium,38.0,5,2026-08-29,1.164,,,,,,pending,,50.0,75.0,17.7,15.0
2026-08-27,LUTS,v8b,REDUCE,medium,38.0,21,2026-08-29,1.164,,,,,,pending,,50.0,75.0,17.7,15.0
2026-08-27,MAAL,v8b,REDUCE,medium,47.1,5,2026-08-29,9.32,,,,,,pending,,50.0,63.0,33.5,50.0
2026-08-27,MAAL,v8b,REDUCE,medium,47.1,21,2026-08-29,9.32,,,,,,pending,,50.0,63.0,33.5,50.0
2026-08-27,MASR,v8b,ABSTAIN,none,69.8,5,2026-08-29,7.74,,,,,,pending,,50.0,87.0,80.0,55.0
2026-08-27,MASR,v8b,ABSTAIN,none,69.8,21,2026-08-29,7.74,,,,,,pending,,50.0,87.0,80.0,55.0
2026-08-27,MBEG,v8b,HOLD,medium,55.0,5,2026-08-29,6.64,,,,,,pending,,50.0,50.0,71.9,35.0
2026-08-27,MBEG,v8b,HOLD,medium,55.0,21,2026-08-29,6.64,,,,,,pending,,50.0,50.0,71.9,35.0
2026-08-27,MBSC,v8b,ABSTAIN,none,66.6,5,2026-08-29,403.01,,,,,,pending,,58.0,80.0,80.0,35.0
2026-08-27,MBSC,v8b,ABSTAIN,none,66.6,21,2026-08-29,403.01,,,,,,pending,,58.0,80.0,80.0,35.0
2026-08-27,MCQE,v8b,HOLD,medium,64.5,5,2026-08-29,232.0,,,,,,pending,,54.0,80.0,77.0,35.0
2026-08-27,MCQE,v8b,HOLD,medium,64.5,21,2026-08-29,232.0,,,,,,pending,,54.0,80.0,77.0,35.0
2026-08-27,MCRO,v8b,HOLD,medium,54.6,5,2026-08-29,1.49,,,,,,pending,,50.0,75.0,47.0,50.0
2026-08-27,MCRO,v8b,HOLD,medium,54.6,21,2026-08-29,1.49,,,,,,pending,,50.0,75.0,47.0,50.0
2026-08-27,MENA,v8b,ABSTAIN,none,67.7,5,2026-08-29,6.85,,,,,,pending,,50.0,80.0,73.3,65.0
2026-08-27,MENA,v8b,ABSTAIN,none,67.7,21,2026-08-29,6.85,,,,,,pending,,50.0,80.0,73.3,65.0
2026-08-27,MEPA,v8b,ABSTAIN,none,68.2,5,2026-08-29,1.82,,,,,,pending,,50.0,80.0,80.0,55.0
2026-08-27,MEPA,v8b,ABSTAIN,none,68.2,21,2026-08-29,1.82,,,,,,pending,,50.0,80.0,80.0,55.0
2026-08-27,MFPC,v8b,HOLD,medium,62.8,5,2026-08-29,40.86,,,,,,pending,,83.0,67.0,55.0,40.0
2026-08-27,MFPC,v8b,HOLD,medium,62.8,21,2026-08-29,40.86,,,,,,pending,,83.0,67.0,55.0,40.0
2026-08-27,MFSC,v8b,HOLD,medium,62.9,5,2026-08-29,50.15,,,,,,pending,,54.0,80.0,77.6,25.0
2026-08-27,MFSC,v8b,HOLD,medium,62.9,21,2026-08-29,50.15,,,,,,pending,,54.0,80.0,77.6,25.0
2026-08-27,MHOT,v8b,REDUCE,medium,49.5,5,2026-08-29,18.5,,,,,,pending,,54.0,92.0,42.0,5.0
2026-08-27,MHOT,v8b,REDUCE,medium,49.5,21,2026-08-29,18.5,,,,,,pending,,54.0,92.0,42.0,5.0
2026-08-27,MICH,v8b,ABSTAIN,none,71.0,5,2026-08-29,49.71,,,,,,pending,,58.0,92.0,77.1,50.0
2026-08-27,MICH,v8b,ABSTAIN,none,71.0,21,2026-08-29,49.71,,,,,,pending,,58.0,92.0,77.1,50.0
2026-08-27,MILS,v8b,HOLD,medium,57.6,5,2026-08-29,216.45,,,,,,pending,,50.0,80.0,65.1,25.0
2026-08-27,MILS,v8b,HOLD,medium,57.6,21,2026-08-29,216.45,,,,,,pending,,50.0,80.0,65.1,25.0
2026-08-27,MIPH,v8b,HOLD,medium,53.9,5,2026-08-29,802.43,,,,,,pending,,50.0,35.0,70.7,50.0
2026-08-27,MIPH,v8b,HOLD,medium,53.9,21,2026-08-29,802.43,,,,,,pending,,50.0,35.0,70.7,50.0
2026-08-27,MISR,v8b,HOLD,medium,55.4,5,2026-08-29,5.51,,,,,,pending,,50.0,62.0,50.0,65.0
2026-08-27,MISR,v8b,HOLD,medium,55.4,21,2026-08-29,5.51,,,,,,pending,,50.0,62.0,50.0,65.0
2026-08-27,MOED,v8b,REDUCE,medium,42.1,5,2026-08-29,0.81,,,,,,pending,,50.0,55.0,27.0,45.0
2026-08-27,MOED,v8b,REDUCE,medium,42.1,21,2026-08-29,0.81,,,,,,pending,,50.0,55.0,27.0,45.0
2026-08-27,MOIL,v8b,ABSTAIN,none,65.0,5,2026-08-29,0.69,,,,,,pending,,50.0,75.0,73.9,55.0
2026-08-27,MOIL,v8b,ABSTAIN,none,65.0,21,2026-08-29,0.69,,,,,,pending,,50.0,75.0,73.9,55.0
2026-08-27,MOIN,v8b,ABSTAIN,none,68.3,5,2026-08-29,34.33,,,,,,pending,,50.0,86.0,78.8,50.0
2026-08-27,MOIN,v8b,ABSTAIN,none,68.3,21,2026-08-29,34.33,,,,,,pending,,50.0,86.0,78.8,50.0
2026-08-27,MOSC,v8b,HOLD,medium,52.1,5,2026-08-29,317.62,,,,,,pending,,50.0,80.0,49.5,25.0
2026-08-27,MOSC,v8b,HOLD,medium,52.1,21,2026-08-29,317.62,,,,,,pending,,50.0,80.0,49.5,25.0
2026-08-27,MPCI,v8b,HOLD,medium,54.4,5,2026-08-29,409.05,,,,,,pending,,54.0,92.0,38.0,40.0
2026-08-27,MPCI,v8b,HOLD,medium,54.4,21,2026-08-29,409.05,,,,,,pending,,54.0,92.0,38.0,40.0
2026-08-27,MPCO,v8b,ABSTAIN,none,69.2,5,2026-08-29,2.19,,,,,,pending,,50.0,75.0,88.5,50.0
2026-08-27,MPCO,v8b,ABSTAIN,none,69.2,21,2026-08-29,2.19,,,,,,pending,,50.0,75.0,88.5,50.0
2026-08-27,MPRC,v8b,ABSTAIN,none,68.0,5,2026-08-29,44.84,,,,,,pending,,50.0,92.0,74.2,50.0
2026-08-27,MPRC,v8b,ABSTAIN,none,68.0,21,2026-08-29,44.84,,,,,,pending,,50.0,92.0,74.2,50.0
2026-08-27,MTIE,v8b,HOLD,medium,59.4,5,2026-08-29,8.41,,,,,,pending,,50.0,80.0,55.0,55.0
2026-08-27,MTIE,v8b,HOLD,medium,59.4,21,2026-08-29,8.41,,,,,,pending,,50.0,80.0,55.0,55.0
2026-08-27,NAHO,v8b,HOLD,medium,58.2,5,2026-08-29,0.143,,,,,,pending,,50.0,75.0,47.0,70.0
2026-08-27,NAHO,v8b,HOLD,medium,58.2,21,2026-08-29,0.143,,,,,,pending,,50.0,75.0,47.0,70.0
2026-08-27,NCCW,v8b,HOLD,medium,60.1,5,2026-08-29,5.8,,,,,,pending,,50.0,40.0,85.0,50.0
2026-08-27,NCCW,v8b,HOLD,medium,60.1,21,2026-08-29,5.8,,,,,,pending,,50.0,40.0,85.0,50.0
2026-08-27,NEDA,v8b,HOLD,medium,56.4,5,2026-08-29,2.79,,,,,,pending,,50.0,40.0,72.0,55.0
2026-08-27,NEDA,v8b,HOLD,medium,56.4,21,2026-08-29,2.79,,,,,,pending,,50.0,40.0,72.0,55.0
2026-08-27,NHPS,v8b,HOLD,medium,62.6,5,2026-08-29,91.06,,,,,,pending,,54.0,55.0,80.0,50.0
2026-08-27,NHPS,v8b,HOLD,medium,62.6,21,2026-08-29,91.06,,,,,,pending,,54.0,55.0,80.0,50.0
2026-08-27,NIPH,v8b,AVOID,medium,34.9,5,2026-08-29,370.01,,,,,,pending,,50.0,81.0,0,25.0
2026-08-27,NIPH,v8b,AVOID,medium,34.9,21,2026-08-29,370.01,,,,,,pending,,50.0,81.0,0,25.0
2026-08-27,OBRI,v8b,HOLD,medium,63.8,5,2026-08-29,32.54,,,,,,pending,,50.0,80.0,70.0,50.0
2026-08-27,OBRI,v8b,HOLD,medium,63.8,21,2026-08-29,32.54,,,,,,pending,,50.0,80.0,70.0,50.0
2026-08-27,OCDI,v8b,HOLD,medium,61.6,5,2026-08-29,31.5,,,,,,pending,,50.0,62.0,75.4,50.0
2026-08-27,OCDI,v8b,HOLD,medium,61.6,21,2026-08-29,31.5,,,,,,pending,,50.0,62.0,75.4,50.0
2026-08-27,OCPH,v8b,HOLD,medium,63.3,5,2026-08-29,253.29,,,,,,pending,,50.0,75.0,95.0,5.0
2026-08-27,OCPH,v8b,HOLD,medium,63.3,21,2026-08-29,253.29,,,,,,pending,,50.0,75.0,95.0,5.0
2026-08-27,ODIN,v8b,HOLD,medium,60.2,5,2026-08-29,3.23,,,,,,pending,,50.0,80.0,67.4,35.0
2026-08-27,ODIN,v8b,HOLD,medium,60.2,21,2026-08-29,3.23,,,,,,pending,,50.0,80.0,67.4,35.0
2026-08-27,OIH,v8b,HOLD,medium,64.6,5,2026-08-29,2.11,,,,,,pending,,50.0,75.0,72.8,55.0
2026-08-27,OIH,v8b,HOLD,medium,64.6,21,2026-08-29,2.11,,,,,,pending,,50.0,75.0,72.8,55.0
2026-08-27,OLFI,v8b,HOLD,medium,59.3,5,2026-08-29,23.52,,,,,,pending,,54.0,75.0,55.0,55.0
2026-08-27,OLFI,v8b,HOLD,medium,59.3,21,2026-08-29,23.52,,,,,,pending,,54.0,75.0,55.0,55.0
2026-08-27,ORAS,v8b,HOLD,medium,58.4,5,2026-08-29,71.05,,,,,,pending,,50.0,75.0,50.0,65.0
2026-08-27,ORAS,v8b,HOLD,medium,58.4,21,2026-08-29,71.05,,,,,,pending,,50.0,75.0,50.0,65.0
2026-08-27,ORHD,v8b,ABSTAIN,none,78.6,5,2026-08-29,42.1,,,,,,pending,,75.0,92.0,76.8,70.0
2026-08-27,ORHD,v8b,ABSTAIN,none,78.6,21,2026-08-29,42.1,,,,,,pending,,75.0,92.0,76.8,70.0
2026-08-27,ORWE,v8b,ABSTAIN,none,77.9,5,2026-08-29,26.35,,,,,,pending,,89.0,62.0,77.0,85.0
2026-08-27,ORWE,v8b,ABSTAIN,none,77.9,21,2026-08-29,26.35,,,,,,pending,,89.0,62.0,77.0,85.0
2026-08-27,PHAR,v8b,HOLD,medium,62.3,5,2026-08-29,131.21,,,,,,pending,,50.0,81.0,72.7,35.0
2026-08-27,PHAR,v8b,HOLD,medium,62.3,21,2026-08-29,131.21,,,,,,pending,,50.0,81.0,72.7,35.0
2026-08-27,PHDC,v8b,ABSTAIN,none,75.1,5,2026-08-29,14.86,,,,,,pending,,85.0,86.0,74.1,50.0
2026-08-27,PHDC,v8b,ABSTAIN,none,75.1,21,2026-08-29,14.86,,,,,,pending,,85.0,86.0,74.1,50.0
2026-08-27,PHTV,v8b,HOLD,medium,61.9,5,2026-08-29,340.16,,,,,,pending,,50.0,75.0,67.8,50.0
2026-08-27,PHTV,v8b,HOLD,medium,61.9,21,2026-08-29,340.16,,,,,,pending,,50.0,75.0,67.8,50.0
2026-08-27,POUL,v8b,ABSTAIN,none,67.0,5,2026-08-29,38.43,,,,,,pending,,50.0,75.0,72.0,70.0
2026-08-27,POUL,v8b,ABSTAIN,none,67.0,21,2026-08-29,38.43,,,,,,pending,,50.0,75.0,72.0,70.0
2026-08-27,PRCL,v8b,HOLD,medium,52.4,5,2026-08-29,32.84,,,,,,pending,,50.0,75.0,53.7,25.0
2026-08-27,PRCL,v8b,HOLD,medium,52.4,21,2026-08-29,32.84,,,,,,pending,,50.0,75.0,53.7,25.0
2026-08-27,PRDC,v8b,REDUCE,medium,45.6,5,2026-08-29,9.35,,,,,,pending,,50.0,50.0,45.1,35.0
2026-08-27,PRDC,v8b,REDUCE,medium,45.6,21,2026-08-29,9.35,,,,,,pending,,50.0,50.0,45.1,35.0
2026-08-27,PRMH,v8b,HOLD,medium,61.7,5,2026-08-29,2.6,,,,,,pending,,50.0,67.0,80.0,35.0
2026-08-27,PRMH,v8b,HOLD,medium,61.7,21,2026-08-29,2.6,,,,,,pending,,50.0,67.0,80.0,35.0
2026-08-27,RACC,v8b,HOLD,medium,62.5,5,2026-08-29,9.48,,,,,,pending,,50.0,75.0,67.0,55.0
2026-08-27,RACC,v8b,HOLD,medium,62.5,21,2026-08-29,9.48,,,,,,pending,,50.0,75.0,67.0,55.0
2026-08-27,RAKT,v8b,ABSTAIN,none,49.1,5,2026-08-29,22.62,,,,,,pending,,50.0,50.0,45.0,55.0
2026-08-27,RAKT,v8b,ABSTAIN,none,49.1,21,2026-08-29,22.62,,,,,,pending,,50.0,50.0,45.0,55.0
2026-08-27,RAYA,v8b,ABSTAIN,none,65.2,5,2026-08-29,7.21,,,,,,pending,,50.0,75.0,77.0,50.0
2026-08-27,RAYA,v8b,ABSTAIN,none,65.2,21,2026-08-29,7.21,,,,,,pending,,50.0,75.0,77.0,50.0
2026-08-27,RKAZ,v8b,HOLD,medium,63.4,5,2026-08-29,4.1,,,,,,pending,,50.0,67.0,90.0,25.0
2026-08-27,RKAZ,v8b,HOLD,medium,63.4,21,2026-08-29,4.1,,,,,,pending,,50.0,67.0,90.0,25.0
2026-08-27,RMDA,v8b,HOLD,medium,63.3,5,2026-08-29,6.08,,,,,,pending,,50.0,62.0,80.0,50.0
2026-08-27,RMDA,v8b,HOLD,medium,63.3,21,2026-08-29,6.08,,,,,,pending,,50.0,62.0,80.0,50.0
2026-08-27,ROTO,v8b,ABSTAIN,none,66.5,5,2026-08-29,44.41,,,,,,pending,,50.0,81.0,76.9,50.0
2026-08-27,ROTO,v8b,ABSTAIN,none,66.5,21,2026-08-29,44.41,,,,,,pending,,50.0,81.0,76.9,50.0
2026-08-27,RREI,v8b,HOLD,medium,53.2,5,2026-08-29,4.32,,,,,,pending,,50.0,50.0,66.8,35.0
2026-08-27,RREI,v8b,HOLD,medium,53.2,21,2026-08-29,4.32,,,,,,pending,,50.0,50.0,66.8,35.0
2026-08-27,RTVC,v8b,ABSTAIN,none,67.8,5,2026-08-29,4.23,,,,,,pending,,50.0,75.0,82.0,55.0
2026-08-27,RTVC,v8b,ABSTAIN,none,67.8,21,2026-08-29,4.23,,,,,,pending,,50.0,75.0,82.0,55.0
2026-08-27,RUBX,v8b,HOLD,medium,62.3,5,2026-08-29,12.85,,,,,,pending,,50.0,50.0,85.0,50.0
2026-08-27,RUBX,v8b,HOLD,medium,62.3,21,2026-08-29,12.85,,,,,,pending,,50.0,50.0,85.0,50.0
2026-08-27,SAUD,v8b,ABSTAIN,none,69.1,5,2026-08-29,22.9,,,,,,pending,,54.0,92.0,72.0,55.0
2026-08-27,SAUD,v8b,ABSTAIN,none,69.1,21,2026-08-29,22.9,,,,,,pending,,54.0,92.0,72.0,55.0
2026-08-27,SCEM,v8b,HOLD,medium,60.4,5,2026-08-29,99.95,,,,,,pending,,50.0,75.0,71.3,35.0
2026-08-27,SCEM,v8b,HOLD,medium,60.4,21,2026-08-29,99.95,,,,,,pending,,50.0,75.0,71.3,35.0
2026-08-27,SCFM,v8b,ABSTAIN,none,66.4,5,2026-08-29,289.03,,,,,,pending,,50.0,80.0,85.0,35.0
2026-08-27,SCFM,v8b,ABSTAIN,none,66.4,21,2026-08-29,289.03,,,,,,pending,,50.0,80.0,85.0,35.0
2026-08-27,SCTS,v8b,HOLD,medium,55.9,5,2026-08-29,618.56,,,,,,pending,,50.0,80.0,60.4,25.0
2026-08-27,SCTS,v8b,HOLD,medium,55.9,21,2026-08-29,618.56,,,,,,pending,,50.0,80.0,60.4,25.0
2026-08-27,SDTI,v8b,ABSTAIN,none,66.2,5,2026-08-29,69.74,,,,,,pending,,50.0,80.0,66.6,70.0
2026-08-27,SDTI,v8b,ABSTAIN,none,66.2,21,2026-08-29,69.74,,,,,,pending,,50.0,80.0,66.6,70.0
2026-08-27,SEIG,v8b,HOLD,medium,56.2,5,2026-08-29,271.05,,,,,,pending,,50.0,67.0,64.3,35.0
2026-08-27,SEIG,v8b,HOLD,medium,56.2,21,2026-08-29,271.05,,,,,,pending,,50.0,67.0,64.3,35.0
2026-08-27,SEIGA,v8b,HOLD,medium,52.7,5,2026-08-29,63.29,,,,,,pending,,50.0,50.0,50.0,65.0
2026-08-27,SEIGA,v8b,HOLD,medium,52.7,21,2026-08-29,63.29,,,,,,pending,,50.0,50.0,50.0,65.0
2026-08-27,SIPC,v8b,ABSTAIN,none,66.2,5,2026-08-29,4.77,,,,,,pending,,50.0,80.0,76.8,50.0
2026-08-27,SIPC,v8b,ABSTAIN,none,66.2,21,2026-08-29,4.77,,,,,,pending,,50.0,80.0,76.8,50.0
2026-08-27,SKPC,v8b,HOLD,medium,52.2,5,2026-08-29,17.33,,,,,,pending,,54.0,75.0,35.0,55.0
2026-08-27,SKPC,v8b,HOLD,medium,52.2,21,2026-08-29,17.33,,,,,,pending,,54.0,75.0,35.0,55.0
2026-08-27,SMFR,v8b,HOLD,medium,51.6,5,2026-08-29,261.87,,,,,,pending,,50.0,40.0,68.8,35.0
2026-08-27,SMFR,v8b,HOLD,medium,51.6,21,2026-08-29,261.87,,,,,,pending,,50.0,40.0,68.8,35.0
2026-08-27,SNFC,v8b,HOLD,medium,53.8,5,2026-08-29,10.59,,,,,,pending,,50.0,55.0,55.0,55.0
2026-08-27,SNFC,v8b,HOLD,medium,53.8,21,2026-08-29,10.59,,,,,,pending,,50.0,55.0,55.0,55.0
2026-08-27,SODIC,v8b,HOLD,medium,56.8,5,2026-08-29,31.5,,,,,,pending,,30.0,62.0,75.4,50.0
2026-08-27,SODIC,v8b,HOLD,medium,56.8,21,2026-08-29,31.5,,,,,,pending,,30.0,62.0,75.4,50.0
2026-08-27,SPIN,v8b,ABSTAIN,none,67.7,5,2026-08-29,19.69,,,,,,pending,,50.0,50.0,90.0,70.0
2026-08-27,SPIN,v8b,ABSTAIN,none,67.7,21,2026-08-29,19.69,,,,,,pending,,50.0,50.0,90.0,70.0
2026-08-27,SPMD,v8b,ABSTAIN,none,73.3,5,2026-08-29,0.455,,,,,,pending,,50.0,75.0,90.0,70.0
2026-08-27,SPMD,v8b,ABSTAIN,none,73.3,21,2026-08-29,0.455,,,,,,pending,,50.0,75.0,90.0,70.0
2026-08-27,SUGR,v8b,HOLD,medium,53.9,5,2026-08-29,58.3,,,,,,pending,,50.0,37.0,67.0,55.0
2026-08-27,SUGR,v8b,HOLD,medium,53.9,21,2026-08-29,58.3,,,,,,pending,,50.0,37.0,67.0,55.0
2026-08-27,SVCE,v8b,HOLD,medium,61.0,5,2026-08-29,10.74,,,,,,pending,,50.0,75.0,78.1,25.0
2026-08-27,SVCE,v8b,HOLD,medium,61.0,21,2026-08-29,10.74,,,,,,pending,,50.0,75.0,78.1,25.0
2026-08-27,SWDY,v8b,ABSTAIN,none,66.2,5,2026-08-29,126.13,,,,,,pending,,50.0,75.0,72.5,70.0
2026-08-27,SWDY,v8b,ABSTAIN,none,66.2,21,2026-08-29,126.13,,,,,,pending,,50.0,75.0,72.5,70.0
2026-08-27,TALM,v8b,ABSTAIN,none,65.3,5,2026-08-29,17.52,,,,,,pending,,50.0,87.0,67.0,55.0
2026-08-27,TALM,v8b,ABSTAIN,none,65.3,21,2026-08-29,17.52,,,,,,pending,,50.0,87.0,67.0,55.0
2026-08-27,TMGH,v8b,HOLD,medium,64.1,5,2026-08-29,96.2,,,,,,pending,,50.0,74.0,72.0,55.0
2026-08-27,TMGH,v8b,HOLD,medium,64.1,21,2026-08-29,96.2,,,,,,pending,,50.0,74.0,72.0,55.0
2026-08-27,TRTO,v8b,HOLD,medium,57.8,5,2026-08-29,0.051,,,,,,pending,,50.0,55.0,74.2,40.0
2026-08-27,TRTO,v8b,HOLD,medium,57.8,21,2026-08-29,0.051,,,,,,pending,,50.0,55.0,74.2,40.0
2026-08-27,UEFM,v8b,HOLD,medium,64.6,5,2026-08-29,549.59,,,,,,pending,,54.0,80.0,67.0,55.0
2026-08-27,UEFM,v8b,HOLD,medium,64.6,21,2026-08-29,549.59,,,,,,pending,,54.0,80.0,67.0,55.0
2026-08-27,UEGC,v8b,HOLD,medium,54.9,5,2026-08-29,1.97,,,,,,pending,,50.0,50.0,76.7,25.0
2026-08-27,UEGC,v8b,HOLD,medium,54.9,21,2026-08-29,1.97,,,,,,pending,,50.0,50.0,76.7,25.0
2026-08-27,UNIP,v8b,HOLD,medium,61.5,5,2026-08-29,0.375,,,,,,pending,,50.0,50.0,80.0,55.0
2026-08-27,UNIP,v8b,HOLD,medium,61.5,21,2026-08-29,0.375,,,,,,pending,,50.0,50.0,80.0,55.0
2026-08-27,UNIT,v8b,HOLD,medium,52.8,5,2026-08-29,18.95,,,,,,pending,,50.0,62.0,63.0,25.0
2026-08-27,UNIT,v8b,HOLD,medium,52.8,21,2026-08-29,18.95,,,,,,pending,,50.0,62.0,63.0,25.0
2026-08-27,WCDF,v8b,HOLD,medium,63.5,5,2026-08-29,652.9,,,,,,pending,,54.0,75.0,67.0,55.0
2026-08-27,WCDF,v8b,HOLD,medium,63.5,21,2026-08-29,652.9,,,,,,pending,,54.0,75.0,67.0,55.0
2026-08-27,WKOL,v8b,ABSTAIN,none,73.6,5,2026-08-29,351.81,,,,,,pending,,54.0,92.0,95.0,35.0
2026-08-27,WKOL,v8b,ABSTAIN,none,73.6,21,2026-08-29,351.81,,,,,,pending,,54.0,92.0,95.0,35.0
2026-08-27,ZEOT,v8b,HOLD,medium,60.3,5,2026-08-29,13.7,,,,,,pending,,50.0,75.0,63.1,50.0
2026-08-27,ZEOT,v8b,HOLD,medium,60.3,21,2026-08-29,13.7,,,,,,pending,,50.0,75.0,63.1,50.0
2026-08-27,ZMID,v8b,ABSTAIN,none,67.9,5,2026-08-29,8.9,,,,,,pending,,50.0,80.0,71.3,70.0
2026-08-27,ZMID,v8b,ABSTAIN,none,67.9,21,2026-08-29,8.9,,,,,,pending,,50.0,80.0,71.3,70.0
2026-08-27,AXPH,w1,WEEKLY_BUY,weekly,33.51,5,2026-08-29,1703.38,,,,,,pending,,,,,
2026-08-27,AXPH,w1,WEEKLY_BUY,weekly,33.51,21,2026-08-29,1703.38,,,,,,pending,,,,,
2026-08-27,OFH,w1,WEEKLY_BUY,weekly,29.75,5,2026-08-29,1.03,,,,,,pending,,,,,
2026-08-27,OFH,w1,WEEKLY_BUY,weekly,29.75,21,2026-08-29,1.03,,,,,,pending,,,,,
2026-08-27,AMIA,w1,WEEKLY_BUY,weekly,27.01,5,2026-08-29,19.1,,,,,,pending,,,,,
2026-08-27,AMIA,w1,WEEKLY_BUY,weekly,27.01,21,2026-08-29,19.1,,,,,,pending,,,,,
2026-08-27,FIRE,w1,WEEKLY_BUY,weekly,22.39,5,2026-08-29,5.46,,,,,,pending,,,,,
2026-08-27,FIRE,w1,WEEKLY_BUY,weekly,22.39,21,2026-08-29,5.46,,,,,,pending,,,,,
2026-08-27,NINH,w1,WEEKLY_BUY,weekly,22.2,5,2026-08-29,24.0,,,,,,pending,,,,,
2026-08-27,NINH,w1,WEEKLY_BUY,weekly,22.2,21,2026-08-29,24.0,,,,,,pending,,,,,
2026-08-30,AXPH,v8b,HOLD,medium,60.6,5,2026-08-30,1702.9301,,,,,,pending,,50.0,80.0,53.0,65.0
2026-08-30,AXPH,v8b,HOLD,medium,60.6,21,2026-08-30,1702.9301,,,,,,pending,,50.0,80.0,53.0,65.0
2026-08-30,OFH,v8b,HOLD,medium,58.8,5,2026-08-30,1.05,,,,,,pending,,50.0,80.0,53.2,55.0
2026-08-30,OFH,v8b,HOLD,medium,58.8,21,2026-08-30,1.05,,,,,,pending,,50.0,80.0,53.2,55.0
2026-08-30,AMIA,v8b,AVOID,medium,34.0,5,2026-08-30,19.34,,,,,,pending,,50.0,69.0,0,35.0
2026-08-30,AMIA,v8b,AVOID,medium,34.0,21,2026-08-30,19.34,,,,,,pending,,50.0,69.0,0,35.0
2026-08-30,FIRE,v8b,REDUCE,medium,39.0,5,2026-08-30,5.19,,,,,,pending,,50.0,62.0,11.0,50.0
2026-08-30,FIRE,v8b,REDUCE,medium,39.0,21,2026-08-30,5.19,,,,,,pending,,50.0,62.0,11.0,50.0
2026-08-30,NINH,v8b,HOLD,medium,60.6,5,2026-08-30,23.5,,,,,,pending,,50.0,92.0,71.2,15.0
2026-08-30,NINH,v8b,HOLD,medium,60.6,21,2026-08-30,23.5,,,,,,pending,,50.0,92.0,71.2,15.0
2026-08-30,AALR,v8b,REDUCE,medium,49.3,5,2026-08-30,305.09,,,,,,pending,,50.0,50.0,60.8,25.0
2026-08-30,AALR,v8b,REDUCE,medium,49.3,21,2026-08-30,305.09,,,,,,pending,,50.0,50.0,60.8,25.0
2026-08-30,ABUK,v8b,HOLD,medium,64.6,5,2026-08-30,80.9,,,,,,pending,,44.0,87.0,77.0,40.0
2026-08-30,ABUK,v8b,HOLD,medium,64.6,21,2026-08-30,80.9,,,,,,pending,,44.0,87.0,77.0,40.0
2026-08-30,ACAMD,v8b,ABSTAIN,none,65.7,5,2026-08-30,2.0,,,,,,pending,,50.0,92.0,65.0,55.0
2026-08-30,ACAMD,v8b,ABSTAIN,none,65.7,21,2026-08-30,2.0,,,,,,pending,,50.0,92.0,65.0,55.0
2026-08-30,ACGC,v8b,HOLD,medium,54.5,5,2026-08-30,14.14,,,,,,pending,,50.0,50.0,62.7,50.0
2026-08-30,ACGC,v8b,HOLD,medium,54.5,21,2026-08-30,14.14,,,,,,pending,,50.0,50.0,62.7,50.0
2026-08-30,ADCI,v8b,HOLD,medium,60.6,5,2026-08-30,299.74,,,,,,pending,,50.0,81.0,60.3,50.0
2026-08-30,ADCI,v8b,HOLD,medium,60.6,21,2026-08-30,299.74,,,,,,pending,,50.0,81.0,60.3,50.0
2026-08-30,ADIB,v8b,ABSTAIN,none,71.6,5,2026-08-30,54.69,,,,,,pending,,50.0,87.0,85.0,55.0
2026-08-30,ADIB,v8b,ABSTAIN,none,71.6,21,2026-08-30,54.69,,,,,,pending,,50.0,87.0,85.0,55.0
2026-08-30,ADPC,v8b,HOLD,medium,55.4,5,2026-08-30,3.88,,,,,,pending,,50.0,62.0,55.0,55.0
2026-08-30,ADPC,v8b,HOLD,medium,55.4,21,2026-08-30,3.88,,,,,,pending,,50.0,62.0,55.0,55.0
2026-08-30,AFDI,v8b,HOLD,medium,53.3,5,2026-08-30,56.21,,,,,,pending,,50.0,35.0,69.0,50.0
2026-08-30,AFDI,v8b,HOLD,medium,53.3,21,2026-08-30,56.21,,,,,,pending,,50.0,35.0,69.0,50.0
2026-08-30,AFMC,v8b,REDUCE,medium,36.0,5,2026-08-30,175.2,,,,,,pending,,50.0,86.0,0,25.0
2026-08-30,AFMC,v8b,REDUCE,medium,36.0,21,2026-08-30,175.2,,,,,,pending,,50.0,86.0,0,25.0
2026-08-30,AIFI,v8b,ABSTAIN,none,73.1,5,2026-08-30,2.42,,,,,,pending,,50.0,75.0,89.2,70.0
2026-08-30,AIFI,v8b,ABSTAIN,none,73.1,21,2026-08-30,2.42,,,,,,pending,,50.0,75.0,89.2,70.0
2026-08-30,AJWA,v8b,HOLD,medium,59.1,5,2026-08-30,180.2,,,,,,pending,,50.0,50.0,75.8,50.0
2026-08-30,AJWA,v8b,HOLD,medium,59.1,21,2026-08-30,180.2,,,,,,pending,,50.0,50.0,75.8,50.0
2026-08-30,ALCN,v8b,ABSTAIN,none,66.4,5,2026-08-30,30.05,,,,,,pending,,50.0,92.0,67.0,55.0
2026-08-30,ALCN,v8b,ABSTAIN,none,66.4,21,2026-08-30,30.05,,,,,,pending,,50.0,92.0,67.0,55.0
2026-08-30,ALUM,v8b,HOLD,medium,56.0,5,2026-08-30,28.5,,,,,,pending,,50.0,35.0,76.8,50.0
2026-08-30,ALUM,v8b,HOLD,medium,56.0,21,2026-08-30,28.5,,,,,,pending,,50.0,35.0,76.8,50.0
2026-08-30,AMER,v8b,AVOID,medium,31.6,5,2026-08-30,5.72,,,,,,pending,,50.0,62.0,2.8,25.0
2026-08-30,AMER,v8b,AVOID,medium,31.6,21,2026-08-30,5.72,,,,,,pending,,50.0,62.0,2.8,25.0
2026-08-30,AMES,v8b,AVOID,medium,31.3,5,2026-08-30,130.73,,,,,,pending,,50.0,62.0,12.4,5.0
2026-08-30,AMES,v8b,AVOID,medium,31.3,21,2026-08-30,130.73,,,,,,pending,,50.0,62.0,12.4,5.0
2026-08-30,AMOC,v8b,HOLD,medium,64.6,5,2026-08-30,12.25,,,,,,pending,,54.0,67.0,77.9,50.0
2026-08-30,AMOC,v8b,HOLD,medium,64.6,21,2026-08-30,12.25,,,,,,pending,,54.0,67.0,77.9,50.0
2026-08-30,AMPI,v8b,HOLD,medium,64.3,5,2026-08-30,2.92,,,,,,pending,,50.0,75.0,72.0,55.0
2026-08-30,AMPI,v8b,HOLD,medium,64.3,21,2026-08-30,2.92,,,,,,pending,,50.0,75.0,72.0,55.0
2026-08-30,APSW,v8b,REDUCE,medium,46.8,5,2026-08-30,8.68,,,,,,pending,,50.0,55.0,35.0,55.0
2026-08-30,APSW,v8b,REDUCE,medium,46.8,21,2026-08-30,8.68,,,,,,pending,,50.0,55.0,35.0,55.0
2026-08-30,ARAB,v8b,HOLD,medium,61.5,5,2026-08-30,0.255,,,,,,pending,,50.0,62.0,80.0,40.0
2026-08-30,ARAB,v8b,HOLD,medium,61.5,21,2026-08-30,0.255,,,,,,pending,,50.0,62.0,80.0,40.0
2026-08-30,ARCC,v8b,ABSTAIN,none,69.0,5,2026-08-30,77.0,,,,,,pending,,58.0,92.0,79.3,35.0
2026-08-30,ARCC,v8b,ABSTAIN,none,69.0,21,2026-08-30,77.0,,,,,,pending,,58.0,92.0,79.3,35.0
2026-08-30,AREH,v8b,HOLD,medium,58.3,5,2026-08-30,1.42,,,,,,pending,,50.0,40.0,80.0,50.0
2026-08-30,AREH,v8b,HOLD,medium,58.3,21,2026-08-30,1.42,,,,,,pending,,50.0,40.0,80.0,50.0
2026-08-30,ARVA,v8b,HOLD,medium,54.4,5,2026-08-30,12.35,,,,,,pending,,50.0,35.0,62.0,70.0
2026-08-30,ARVA,v8b,HOLD,medium,54.4,21,2026-08-30,12.35,,,,,,pending,,50.0,35.0,62.0,70.0
2026-08-30,ASCM,v8b,ABSTAIN,none,68.0,5,2026-08-30,63.51,,,,,,pending,,50.0,75.0,85.2,50.0
2026-08-30,ASCM,v8b,ABSTAIN,none,68.0,21,2026-08-30,63.51,,,,,,pending,,50.0,75.0,85.2,50.0
2026-08-30,ASPI,v8b,HOLD,medium,54.1,5,2026-08-30,0.452,,,,,,pending,,50.0,50.0,74.4,25.0
2026-08-30,ASPI,v8b,HOLD,medium,54.1,21,2026-08-30,0.452,,,,,,pending,,50.0,50.0,74.4,25.0
2026-08-30,ATLC,v8b,HOLD,medium,64.6,5,2026-08-30,5.67,,,,,,pending,,54.0,56.0,85.0,50.0
2026-08-30,ATLC,v8b,HOLD,medium,64.6,21,2026-08-30,5.67,,,,,,pending,,54.0,56.0,85.0,50.0
2026-08-30,ATQA,v8b,HOLD,medium,58.1,5,2026-08-30,11.91,,,,,,pending,,50.0,35.0,80.0,55.0
2026-08-30,ATQA,v8b,HOLD,medium,58.1,21,2026-08-30,11.91,,,,,,pending,,50.0,35.0,80.0,55.0
2026-08-30,BIDI,v8b,HOLD,medium,60.5,5,2026-08-30,2.12,,,,,,pending,,50.0,62.0,72.2,50.0
2026-08-30,BIDI,v8b,HOLD,medium,60.5,21,2026-08-30,2.12,,,,,,pending,,50.0,62.0,72.2,50.0
2026-08-30,BIGP,v8b,HOLD,medium,54.6,5,2026-08-30,0.241,,,,,,pending,,50.0,62.0,78.5,5.0
2026-08-30,BIGP,v8b,HOLD,medium,54.6,21,2026-08-30,0.241,,,,,,pending,,50.0,62.0,78.5,5.0
2026-08-30,BINV,v8b,ABSTAIN,none,66.2,5,2026-08-30,52.0,,,,,,pending,,50.0,79.0,67.0,70.0
2026-08-30,BINV,v8b,ABSTAIN,none,66.2,21,2026-08-30,52.0,,,,,,pending,,50.0,79.0,67.0,70.0
2026-08-30,BIOC,v8b,AVOID,medium,30.6,5,2026-08-30,340.72,,,,,,pending,,50.0,62.0,0,25.0
2026-08-30,BIOC,v8b,AVOID,medium,30.6,21,2026-08-30,340.72,,,,,,pending,,50.0,62.0,0,25.0
2026-08-30,BTFH,v8b,REDUCE,medium,48.2,5,2026-08-30,2.97,,,,,,pending,,50.0,50.0,27.0,85.0
2026-08-30,BTFH,v8b,REDUCE,medium,48.2,21,2026-08-30,2.97,,,,,,pending,,50.0,50.0,27.0,85.0
2026-08-30,CAED,v8b,REDUCE,medium,48.3,5,2026-08-30,140.97,,,,,,pending,,50.0,80.0,38.8,25.0
2026-08-30,CAED,v8b,REDUCE,medium,48.3,21,2026-08-30,140.97,,,,,,pending,,50.0,80.0,38.8,25.0
2026-08-30,CANA,v8b,REDUCE,medium,44.9,5,2026-08-30,41.61,,,,,,pending,,50.0,87.0,35.0,5.0
2026-08-30,CANA,v8b,REDUCE,medium,44.9,21,2026-08-30,41.61,,,,,,pending,,50.0,87.0,35.0,5.0
2026-08-30,CCAP,v8b,HOLD,medium,57.9,5,2026-08-30,6.05,,,,,,pending,,50.0,62.0,64.8,50.0
2026-08-30,CCAP,v8b,HOLD,medium,57.9,21,2026-08-30,6.05,,,,,,pending,,50.0,62.0,64.8,50.0
2026-08-30,CCRS,v8b,HOLD,medium,57.0,5,2026-08-30,2.6,,,,,,pending,,50.0,55.0,66.7,50.0
2026-08-30,CCRS,v8b,HOLD,medium,57.0,21,2026-08-30,2.6,,,,,,pending,,50.0,55.0,66.7,50.0
2026-08-30,CEFM,v8b,HOLD,medium,63.3,5,2026-08-30,143.86,,,,,,pending,,54.0,80.0,73.5,35.0
2026-08-30,CEFM,v8b,HOLD,medium,63.3,21,2026-08-30,143.86,,,,,,pending,,54.0,80.0,73.5,35.0
2026-08-30,CERA,v8b,HOLD,medium,50.8,5,2026-08-30,1.24,,,,,,pending,,50.0,23.0,67.0,55.0
2026-08-30,CERA,v8b,HOLD,medium,50.8,21,2026-08-30,1.24,,,,,,pending,,50.0,23.0,67.0,55.0
2026-08-30,CFGH,v8b,REDUCE,medium,48.6,5,2026-08-30,0.118,,,,,,pending,,50.0,63.0,35.0,55.0
2026-08-30,CFGH,v8b,REDUCE,medium,48.6,21,2026-08-30,0.118,,,,,,pending,,50.0,63.0,35.0,55.0
2026-08-30,CICH,v8b,HOLD,medium,62.1,5,2026-08-30,12.24,,,,,,pending,,54.0,69.0,67.0,55.0
2026-08-30,CICH,v8b,HOLD,medium,62.1,21,2026-08-30,12.24,,,,,,pending,,54.0,69.0,67.0,55.0
2026-08-30,CIEB,v8b,ABSTAIN,none,73.6,5,2026-08-30,25.45,,,,,,pending,,58.0,92.0,82.0,55.0
2026-08-30,CIEB,v8b,ABSTAIN,none,73.6,21,2026-08-30,25.45,,,,,,pending,,58.0,92.0,82.0,55.0
2026-08-30,CIRA,v8b,HOLD,medium,55.5,5,2026-08-30,32.57,,,,,,pending,,50.0,63.0,57.3,50.0
2026-08-30,CIRA,v8b,HOLD,medium,55.5,21,2026-08-30,32.57,,,,,,pending,,50.0,63.0,57.3,50.0
2026-08-30,CLHO,v8b,HOLD,medium,59.3,5,2026-08-30,17.9,,,,,,pending,,30.0,62.0,80.0,55.0
2026-08-30,CLHO,v8b,HOLD,medium,59.3,21,2026-08-30,17.9,,,,,,pending,,30.0,62.0,80.0,55.0
2026-08-30,CNFN,v8b,HOLD,medium,62.5,5,2026-08-30,4.85,,,,,,pending,,50.0,75.0,67.0,55.0
2026-08-30,CNFN,v8b,HOLD,medium,62.5,21,2026-08-30,4.85,,,,,,pending,,50.0,75.0,67.0,55.0
2026-08-30,COMI,v8b,HOLD,medium,63.1,5,2026-08-30,136.3,,,,,,pending,,54.0,92.0,55.0,55.0
2026-08-30,COMI,v8b,HOLD,medium,63.1,21,2026-08-30,136.3,,,,,,pending,,54.0,92.0,55.0,55.0
2026-08-30,COPR,v8b,HOLD,medium,54.3,5,2026-08-30,0.515,,,,,,pending,,50.0,40.0,68.7,50.0
2026-08-30,COPR,v8b,HOLD,medium,54.3,21,2026-08-30,0.515,,,,,,pending,,50.0,40.0,68.7,50.0
2026-08-30,COSG,v8b,ABSTAIN,none,72.4,5,2026-08-30,1.82,,,,,,pending,,50.0,75.0,95.0,55.0
2026-08-30,COSG,v8b,ABSTAIN,none,72.4,21,2026-08-30,1.82,,,,,,pending,,50.0,75.0,95.0,55.0
2026-08-30,CPCI,v8b,HOLD,medium,63.2,5,2026-08-30,548.1,,,,,,pending,,54.0,80.0,57.8,65.0
2026-08-30,CPCI,v8b,HOLD,medium,63.2,21,2026-08-30,548.1,,,,,,pending,,54.0,80.0,57.8,65.0
2026-08-30,CSAG,v8b,ABSTAIN,none,76.4,5,2026-08-30,41.36,,,,,,pending,,58.0,80.0,90.0,70.0
2026-08-30,CSAG,v8b,ABSTAIN,none,76.4,21,2026-08-30,41.36,,,,,,pending,,58.0,80.0,90.0,70.0
2026-08-30,DAPH,v8b,REDUCE,medium,48.0,5,2026-08-30,134.05,,,,,,pending,,50.0,10.0,77.7,35.0
2026-08-30,DAPH,v8b,REDUCE,medium,48.0,21,2026-08-30,134.05,,,,,,pending,,50.0,10.0,77.7,35.0
2026-08-30,DOMT,v8b,ABSTAIN,none,67.2,5,2026-08-30,28.41,,,,,,pending,,60.0,65.0,72.0,70.0
2026-08-30,DOMT,v8b,ABSTAIN,none,67.2,21,2026-08-30,28.41,,,,,,pending,,60.0,65.0,72.0,70.0
2026-08-30,DSCW,v8b,HOLD,medium,62.5,5,2026-08-30,1.92,,,,,,pending,,50.0,75.0,67.0,55.0
2026-08-30,DSCW,v8b,HOLD,medium,62.5,21,2026-08-30,1.92,,,,,,pending,,50.0,75.0,67.0,55.0
2026-08-30,DTPP,v8b,REDUCE,medium,35.2,5,2026-08-30,308.11,,,,,,pending,,54.0,75.0,2.0,25.0
2026-08-30,DTPP,v8b,REDUCE,medium,35.2,21,2026-08-30,308.11,,,,,,pending,,54.0,75.0,2.0,25.0
2026-08-30,EALR,v8b,HOLD,medium,59.6,5,2026-08-30,395.05,,,,,,pending,,50.0,50.0,85.0,35.0
2026-08-30,EALR,v8b,HOLD,medium,59.6,21,2026-08-30,395.05,,,,,,pending,,50.0,50.0,85.0,35.0
2026-08-30,EASB,v8b,REDUCE,medium,45.2,5,2026-08-30,7.68,,,,,,pending,,50.0,55.0,46.0,25.0
2026-08-30,EASB,v8b,REDUCE,medium,45.2,21,2026-08-30,7.68,,,,,,pending,,50.0,55.0,46.0,25.0
2026-08-30,EAST,v8b,REDUCE,medium,47.5,5,2026-08-30,35.8,,,,,,pending,,30.0,92.0,27.0,55.0
2026-08-30,EAST,v8b,REDUCE,medium,47.5,21,2026-08-30,35.8,,,,,,pending,,30.0,92.0,27.0,55.0
2026-08-30,EBSC,v8b,HOLD,medium,51.2,5,2026-08-30,2.17,,,,,,pending,,50.0,55.0,50.0,50.0
2026-08-30,EBSC,v8b,HOLD,medium,51.2,21,2026-08-30,2.17,,,,,,pending,,50.0,55.0,50.0,50.0
2026-08-30,ECAP,v8b,HOLD,medium,56.2,5,2026-08-30,32.28,,,,,,pending,,50.0,75.0,50.0,50.0
2026-08-30,ECAP,v8b,HOLD,medium,56.2,21,2026-08-30,32.28,,,,,,pending,,50.0,75.0,50.0,50.0
2026-08-30,EDFM,v8b,HOLD,medium,58.7,5,2026-08-30,405.15,,,,,,pending,,54.0,80.0,50.0,50.0
2026-08-30,EDFM,v8b,HOLD,medium,58.7,21,2026-08-30,405.15,,,,,,pending,,54.0,80.0,50.0,50.0
2026-08-30,EEII,v8b,REDUCE,medium,46.2,5,2026-08-30,3.02,,,,,,pending,,50.0,35.0,50.0,50.0
2026-08-30,EEII,v8b,REDUCE,medium,46.2,21,2026-08-30,3.02,,,,,,pending,,50.0,35.0,50.0,50.0
2026-08-30,EFIC,v8b,HOLD,medium,56.2,5,2026-08-30,199.08,,,,,,pending,,50.0,75.0,50.0,50.0
2026-08-30,EFIC,v8b,HOLD,medium,56.2,21,2026-08-30,199.08,,,,,,pending,,50.0,75.0,50.0,50.0
2026-08-30,EFID,v8b,HOLD,medium,57.0,5,2026-08-30,30.5,,,,,,pending,,30.0,86.0,62.0,55.0
2026-08-30,EFID,v8b,HOLD,medium,57.0,21,2026-08-30,30.5,,,,,,pending,,30.0,86.0,62.0,55.0
2026-08-30,EFIH,v8b,HOLD,medium,55.8,5,2026-08-30,22.9,,,,,,pending,,30.0,97.0,50.0,50.0
2026-08-30,EFIH,v8b,HOLD,medium,55.8,21,2026-08-30,22.9,,,,,,pending,,30.0,97.0,50.0,50.0
2026-08-30,EGAL,v8b,HOLD,medium,60.5,5,2026-08-30,360.0,,,,,,pending,,50.0,92.0,50.0,50.0
2026-08-30,EGAL,v8b,HOLD,medium,60.5,21,2026-08-30,360.0,,,,,,pending,,50.0,92.0,50.0,50.0
2026-08-30,EGAS,v8b,HOLD,medium,51.2,5,2026-08-30,58.95,,,,,,pending,,50.0,55.0,50.0,50.0
2026-08-30,EGAS,v8b,HOLD,medium,51.2,21,2026-08-30,58.95,,,,,,pending,,50.0,55.0,50.0,50.0
2026-08-30,EGBE,v8b,HOLD,medium,59.2,5,2026-08-30,0.53,,,,,,pending,,50.0,87.0,50.0,50.0
2026-08-30,EGBE,v8b,HOLD,medium,59.2,21,2026-08-30,0.53,,,,,,pending,,50.0,87.0,50.0,50.0
2026-08-30,EGCH,v8b,HOLD,medium,57.8,5,2026-08-30,13.81,,,,,,pending,,50.0,81.0,50.0,50.0
2026-08-30,EGCH,v8b,HOLD,medium,57.8,21,2026-08-30,13.81,,,,,,pending,,50.0,81.0,50.0,50.0
2026-08-30,EGREF,v8b,ABSTAIN,none,51.2,5,2026-08-30,33.25,,,,,,pending,,50.0,55.0,50.0,50.0
2026-08-30,EGREF,v8b,ABSTAIN,none,51.2,21,2026-08-30,33.25,,,,,,pending,,50.0,55.0,50.0,50.0
2026-08-30,EGSA,v8b,HOLD,medium,51.7,5,2026-08-30,8.69,,,,,,pending,,54.0,52.0,50.0,50.0
2026-08-30,EGSA,v8b,HOLD,medium,51.7,21,2026-08-30,8.69,,,,,,pending,,54.0,52.0,50.0,50.0
2026-08-30,EGTS,v8b,HOLD,medium,51.2,5,2026-08-30,17.16,,,,,,pending,,50.0,55.0,50.0,50.0
2026-08-30,EGTS,v8b,HOLD,medium,51.2,21,2026-08-30,17.16,,,,,,pending,,50.0,55.0,50.0,50.0
2026-08-30,EHDR,v8b,HOLD,medium,51.2,5,2026-08-30,2.83,,,,,,pending,,50.0,55.0,50.0,50.0
2026-08-30,EHDR,v8b,HOLD,medium,51.2,21,2026-08-30,2.83,,,,,,pending,,50.0,55.0,50.0,50.0
2026-08-30,EIPI,v8b,ABSTAIN,none,69.7,5,2026-08-30,129.74,,,,,,pending,,85.0,81.0,67.7,35.0
2026-08-30,EIPI,v8b,ABSTAIN,none,69.7,21,2026-08-30,129.74,,,,,,pending,,85.0,81.0,67.7,35.0
2026-08-30,ELEC,v8b,REDUCE,medium,46.2,5,2026-08-30,2.08,,,,,,pending,,50.0,35.0,50.0,50.0
2026-08-30,ELEC,v8b,REDUCE,medium,46.2,21,2026-08-30,2.08,,,,,,pending,,50.0,35.0,50.0,50.0
2026-08-30,ELKA,v8b,REDUCE,medium,46.2,5,2026-08-30,1.85,,,,,,pending,,50.0,35.0,50.0,50.0
2026-08-30,ELKA,v8b,REDUCE,medium,46.2,21,2026-08-30,1.85,,,,,,pending,,50.0,35.0,50.0,50.0
2026-08-30,ELNA,v8b,HOLD,medium,51.2,5,2026-08-30,37.0,,,,,,pending,,50.0,55.0,50.0,50.0
2026-08-30,ELNA,v8b,HOLD,medium,51.2,21,2026-08-30,37.0,,,,,,pending,,50.0,55.0,50.0,50.0
2026-08-30,ELSH,v8b,REDUCE,medium,46.2,5,2026-08-30,13.52,,,,,,pending,,50.0,35.0,50.0,50.0
2026-08-30,ELSH,v8b,REDUCE,medium,46.2,21,2026-08-30,13.52,,,,,,pending,,50.0,35.0,50.0,50.0
2026-08-30,ELWA,v8b,REDUCE,medium,46.2,5,2026-08-30,1.87,,,,,,pending,,50.0,35.0,50.0,50.0
2026-08-30,ELWA,v8b,REDUCE,medium,46.2,21,2026-08-30,1.87,,,,,,pending,,50.0,35.0,50.0,50.0
2026-08-30,EMFD,v8b,REDUCE,medium,43.2,5,2026-08-30,13.0,,,,,,pending,,40.0,35.0,50.0,50.0
2026-08-30,EMFD,v8b,REDUCE,medium,43.2,21,2026-08-30,13.0,,,,,,pending,,40.0,35.0,50.0,50.0
2026-08-30,ENGC,v8b,HOLD,medium,50.0,5,2026-08-30,43.4,,,,,,pending,,50.0,50.0,50.0,50.0
2026-08-30,ENGC,v8b,HOLD,medium,50.0,21,2026-08-30,43.4,,,,,,pending,,50.0,50.0,50.0,50.0
2026-08-30,EOSB,v8b,HOLD,medium,56.2,5,2026-08-30,1.57,,,,,,pending,,50.0,75.0,50.0,50.0
2026-08-30,EOSB,v8b,HOLD,medium,56.2,21,2026-08-30,1.57,,,,,,pending,,50.0,75.0,50.0,50.0
2026-08-30,EPCO,v8b,HOLD,medium,54.2,5,2026-08-30,11.17,,,,,,pending,,50.0,67.0,50.0,50.0
2026-08-30,EPCO,v8b,HOLD,medium,54.2,21,2026-08-30,11.17,,,,,,pending,,50.0,67.0,50.0,50.0
2026-08-30,EPPK,v8b,HOLD,medium,56.2,5,2026-08-30,12.01,,,,,,pending,,50.0,75.0,50.0,50.0
2026-08-30,EPPK,v8b,HOLD,medium,56.2,21,2026-08-30,12.01,,,,,,pending,,50.0,75.0,50.0,50.0
2026-08-30,ETEL,v8b,HOLD,medium,59.2,5,2026-08-30,116.0,,,,,,pending,,50.0,87.0,50.0,50.0
2026-08-30,ETEL,v8b,HOLD,medium,59.2,21,2026-08-30,116.0,,,,,,pending,,50.0,87.0,50.0,50.0
2026-08-30,ETRS,v8b,HOLD,medium,57.5,5,2026-08-30,11.06,,,,,,pending,,50.0,80.0,50.0,50.0
2026-08-30,ETRS,v8b,HOLD,medium,57.5,21,2026-08-30,11.06,,,,,,pending,,50.0,80.0,50.0,50.0
2026-08-30,EXPA,v8b,HOLD,medium,59.2,5,2026-08-30,20.96,,,,,,pending,,50.0,87.0,50.0,50.0
2026-08-30,EXPA,v8b,HOLD,medium,59.2,21,2026-08-30,20.96,,,,,,pending,,50.0,87.0,50.0,50.0
2026-08-30,FAIT,v8b,ABSTAIN,none,73.2,5,2026-08-30,43.0,,,,,,pending,,89.0,55.0,75.0,70.0
2026-08-30,FAIT,v8b,ABSTAIN,none,73.2,21,2026-08-30,43.0,,,,,,pending,,89.0,55.0,75.0,70.0
2026-08-30,FAITA,v8b,HOLD,medium,52.5,5,2026-08-30,0.99,,,,,,pending,,54.0,55.0,50.0,50.0
2026-08-30,FAITA,v8b,HOLD,medium,52.5,21,2026-08-30,0.99,,,,,,pending,,54.0,55.0,50.0,50.0
2026-08-30,FNAR,v8b,REDUCE,medium,47.5,5,2026-08-30,13.54,,,,,,pending,,50.0,40.0,50.0,50.0
2026-08-30,FNAR,v8b,REDUCE,medium,47.5,21,2026-08-30,13.54,,,,,,pending,,50.0,40.0,50.0,50.0
2026-08-30,FTNS,v8b,REDUCE,medium,46.2,5,2026-08-30,1.34,,,,,,pending,,50.0,35.0,50.0,50.0
2026-08-30,FTNS,v8b,REDUCE,medium,46.2,21,2026-08-30,1.34,,,,,,pending,,50.0,35.0,50.0,50.0
2026-08-30,FWRY,v8b,HOLD,medium,59.2,5,2026-08-30,18.85,,,,,,pending,,50.0,87.0,50.0,50.0
2026-08-30,FWRY,v8b,HOLD,medium,59.2,21,2026-08-30,18.85,,,,,,pending,,50.0,87.0,50.0,50.0
2026-08-30,GBCO,v8b,HOLD,medium,50.0,5,2026-08-30,29.4,,,,,,pending,,50.0,50.0,50.0,50.0
2026-08-30,GBCO,v8b,HOLD,medium,50.0,21,2026-08-30,29.4,,,,,,pending,,50.0,50.0,50.0,50.0
2026-08-30,GDWA,v8b,REDUCE,medium,46.2,5,2026-08-30,0.807,,,,,,pending,,50.0,35.0,50.0,50.0
2026-08-30,GDWA,v8b,REDUCE,medium,46.2,21,2026-08-30,0.807,,,,,,pending,,50.0,35.0,50.0,50.0
2026-08-30,GGCC,v8b,HOLD,medium,54.5,5,2026-08-30,0.863,,,,,,pending,,50.0,68.0,50.0,50.0
2026-08-30,GGCC,v8b,HOLD,medium,54.5,21,2026-08-30,0.863,,,,,,pending,,50.0,68.0,50.0,50.0
2026-08-30,GIHD,v8b,HOLD,medium,57.5,5,2026-08-30,69.09,,,,,,pending,,50.0,80.0,50.0,50.0
2026-08-30,GIHD,v8b,HOLD,medium,57.5,21,2026-08-30,69.09,,,,,,pending,,50.0,80.0,50.0,50.0
2026-08-30,GMCI,v8b,HOLD,medium,56.2,5,2026-08-30,1.87,,,,,,pending,,50.0,75.0,50.0,50.0
2026-08-30,GMCI,v8b,HOLD,medium,56.2,21,2026-08-30,1.87,,,,,,pending,,50.0,75.0,50.0,50.0
2026-08-30,GRCA,v8b,HOLD,medium,50.5,5,2026-08-30,78.97,,,,,,pending,,50.0,52.0,50.0,50.0
2026-08-30,GRCA,v8b,HOLD,medium,50.5,21,2026-08-30,78.97,,,,,,pending,,50.0,52.0,50.0,50.0
2026-08-30,GSSC,v8b,HOLD,medium,56.2,5,2026-08-30,282.02,,,,,,pending,,50.0,75.0,50.0,50.0
2026-08-30,GSSC,v8b,HOLD,medium,56.2,21,2026-08-30,282.02,,,,,,pending,,50.0,75.0,50.0,50.0
2026-08-30,GTWL,v8b,HOLD,medium,53.0,5,2026-08-30,232.2,,,,,,pending,,50.0,62.0,50.0,50.0
2026-08-30,GTWL,v8b,HOLD,medium,53.0,21,2026-08-30,232.2,,,,,,pending,,50.0,62.0,50.0,50.0
2026-08-30,HDBK,v8b,REDUCE,medium,43.7,5,2026-08-30,105.18,,,,,,pending,,64.0,52.0,42.0,5.0
2026-08-30,HDBK,v8b,REDUCE,medium,43.7,21,2026-08-30,105.18,,,,,,pending,,64.0,52.0,42.0,5.0
2026-08-30,HELI,v8b,HOLD,medium,51.2,5,2026-08-30,7.72,,,,,,pending,,54.0,50.0,50.0,50.0
2026-08-30,HELI,v8b,HOLD,medium,51.2,21,2026-08-30,7.72,,,,,,pending,,54.0,50.0,50.0,50.0
2026-08-30,HRHO,v8b,HOLD,medium,62.0,5,2026-08-30,25.59,,,,,,pending,,85.0,56.0,50.0,50.0
2026-08-30,HRHO,v8b,HOLD,medium,62.0,21,2026-08-30,25.59,,,,,,pending,,85.0,56.0,50.0,50.0
2026-08-30,IBCT,v8b,HOLD,medium,56.2,5,2026-08-30,12.81,,,,,,pending,,50.0,75.0,50.0,50.0
2026-08-30,IBCT,v8b,HOLD,medium,56.2,21,2026-08-30,12.81,,,,,,pending,,50.0,75.0,50.0,50.0
2026-08-30,ICFC,v8b,HOLD,medium,56.2,5,2026-08-30,23.01,,,,,,pending,,50.0,75.0,50.0,50.0
2026-08-30,ICFC,v8b,HOLD,medium,56.2,21,2026-08-30,23.01,,,,,,pending,,50.0,75.0,50.0,50.0
2026-08-30,ICID,v8b,HOLD,medium,51.2,5,2026-08-30,16.67,,,,,,pending,,50.0,55.0,50.0,50.0
2026-08-30,ICID,v8b,HOLD,medium,51.2,21,2026-08-30,16.67,,,,,,pending,,50.0,55.0,50.0,50.0
2026-08-30,IDRE,v8b,HOLD,medium,57.5,5,2026-08-30,53.5,,,,,,pending,,50.0,80.0,50.0,50.0
2026-08-30,IDRE,v8b,HOLD,medium,57.5,21,2026-08-30,53.5,,,,,,pending,,50.0,80.0,50.0,50.0
2026-08-30,IFAP,v8b,REDUCE,medium,46.2,5,2026-08-30,20.53,,,,,,pending,,50.0,35.0,50.0,50.0
2026-08-30,IFAP,v8b,REDUCE,medium,46.2,21,2026-08-30,20.53,,,,,,pending,,50.0,35.0,50.0,50.0
2026-08-30,INEG,v8b,REDUCE,medium,46.2,5,2026-08-30,0.52,,,,,,pending,,50.0,35.0,50.0,50.0
2026-08-30,INEG,v8b,REDUCE,medium,46.2,21,2026-08-30,0.52,,,,,,pending,,50.0,35.0,50.0,50.0
2026-08-30,INFI,v8b,HOLD,medium,59.0,5,2026-08-30,152.44,,,,,,pending,,50.0,86.0,50.0,50.0
2026-08-30,INFI,v8b,HOLD,medium,59.0,21,2026-08-30,152.44,,,,,,pending,,50.0,86.0,50.0,50.0
2026-08-30,IRON,v8b,REDUCE,medium,49.2,5,2026-08-30,30.02,,,,,,pending,,50.0,47.0,50.0,50.0
2026-08-30,IRON,v8b,REDUCE,medium,49.2,21,2026-08-30,30.02,,,,,,pending,,50.0,47.0,50.0,50.0
2026-08-30,ISMA,v8b,HOLD,medium,57.5,5,2026-08-30,34.71,,,,,,pending,,50.0,80.0,50.0,50.0
2026-08-30,ISMA,v8b,HOLD,medium,57.5,21,2026-08-30,34.71,,,,,,pending,,50.0,80.0,50.0,50.0
2026-08-30,ISMQ,v8b,HOLD,medium,58.7,5,2026-08-30,9.08,,,,,,pending,,54.0,80.0,50.0,50.0
2026-08-30,ISMQ,v8b,HOLD,medium,58.7,21,2026-08-30,9.08,,,,,,pending,,54.0,80.0,50.0,50.0
2026-08-30,ISPH,v8b,HOLD,medium,55.0,5,2026-08-30,12.92,,,,,,pending,,50.0,70.0,50.0,50.0
2026-08-30,ISPH,v8b,HOLD,medium,55.0,21,2026-08-30,12.92,,,,,,pending,,50.0,70.0,50.0,50.0
2026-08-30,JUFO,v8b,HOLD,medium,54.2,5,2026-08-30,26.5,,,,,,pending,,50.0,75.0,50.0,40.0
2026-08-30,JUFO,v8b,HOLD,medium,54.2,21,2026-08-30,26.5,,,,,,pending,,50.0,75.0,50.0,40.0
2026-08-30,KABO,v8b,HOLD,medium,56.2,5,2026-08-30,9.46,,,,,,pending,,50.0,75.0,50.0,50.0
2026-08-30,KABO,v8b,HOLD,medium,56.2,21,2026-08-30,9.46,,,,,,pending,,50.0,75.0,50.0,50.0
2026-08-30,KWIN,v8b,HOLD,medium,50.0,5,2026-08-30,111.43,,,,,,pending,,50.0,50.0,50.0,50.0
2026-08-30,KWIN,v8b,HOLD,medium,50.0,21,2026-08-30,111.43,,,,,,pending,,50.0,50.0,50.0,50.0
2026-08-30,KZPC,v8b,HOLD,medium,51.2,5,2026-08-30,12.97,,,,,,pending,,54.0,50.0,50.0,50.0
2026-08-30,KZPC,v8b,HOLD,medium,51.2,21,2026-08-30,12.97,,,,,,pending,,54.0,50.0,50.0,50.0
2026-08-30,LCSW,v8b,HOLD,medium,50.0,5,2026-08-30,34.8,,,,,,pending,,50.0,50.0,50.0,50.0
2026-08-30,LCSW,v8b,HOLD,medium,50.0,21,2026-08-30,34.8,,,,,,pending,,50.0,50.0,50.0,50.0
2026-08-30,LUTS,v8b,HOLD,medium,56.2,5,2026-08-30,1.13,,,,,,pending,,50.0,75.0,50.0,50.0
2026-08-30,LUTS,v8b,HOLD,medium,56.2,21,2026-08-30,1.13,,,,,,pending,,50.0,75.0,50.0,50.0
2026-08-30,MAAL,v8b,HOLD,medium,53.2,5,2026-08-30,9.01,,,,,,pending,,50.0,63.0,50.0,50.0
2026-08-30,MAAL,v8b,HOLD,medium,53.2,21,2026-08-30,9.01,,,,,,pending,,50.0,63.0,50.0,50.0
2026-08-30,MASR,v8b,HOLD,medium,59.2,5,2026-08-30,7.65,,,,,,pending,,50.0,87.0,50.0,50.0
2026-08-30,MASR,v8b,HOLD,medium,59.2,21,2026-08-30,7.65,,,,,,pending,,50.0,87.0,50.0,50.0
2026-08-30,MBEG,v8b,HOLD,medium,50.0,5,2026-08-30,6.94,,,,,,pending,,50.0,50.0,50.0,50.0
2026-08-30,MBEG,v8b,HOLD,medium,50.0,21,2026-08-30,6.94,,,,,,pending,,50.0,50.0,50.0,50.0
2026-08-30,MBSC,v8b,HOLD,medium,59.9,5,2026-08-30,408.7,,,,,,pending,,58.0,80.0,50.0,50.0
2026-08-30,MBSC,v8b,HOLD,medium,59.9,21,2026-08-30,408.7,,,,,,pending,,58.0,80.0,50.0,50.0
2026-08-30,MCQE,v8b,HOLD,medium,58.7,5,2026-08-30,234.1,,,,,,pending,,54.0,80.0,50.0,50.0
2026-08-30,MCQE,v8b,HOLD,medium,58.7,21,2026-08-30,234.1,,,,,,pending,,54.0,80.0,50.0,50.0
2026-08-30,MCRO,v8b,ABSTAIN,none,56.2,5,2026-08-30,1.5,,,,,,pending,,50.0,75.0,50.0,50.0
2026-08-30,MCRO,v8b,ABSTAIN,none,56.2,21,2026-08-30,1.5,,,,,,pending,,50.0,75.0,50.0,50.0
2026-08-30,MENA,v8b,HOLD,medium,57.5,5,2026-08-30,6.91,,,,,,pending,,50.0,80.0,50.0,50.0
2026-08-30,MENA,v8b,HOLD,medium,57.5,21,2026-08-30,6.91,,,,,,pending,,50.0,80.0,50.0,50.0
2026-08-30,MEPA,v8b,HOLD,medium,57.5,5,2026-08-30,1.9,,,,,,pending,,50.0,80.0,50.0,50.0
2026-08-30,MEPA,v8b,HOLD,medium,57.5,21,2026-08-30,1.9,,,,,,pending,,50.0,80.0,50.0,50.0
2026-08-30,MFPC,v8b,HOLD,medium,62.1,5,2026-08-30,41.5,,,,,,pending,,83.0,67.0,50.0,40.0
2026-08-30,MFPC,v8b,HOLD,medium,62.1,21,2026-08-30,41.5,,,,,,pending,,83.0,67.0,50.0,40.0
2026-08-30,MFSC,v8b,HOLD,medium,58.7,5,2026-08-30,49.85,,,,,,pending,,54.0,80.0,50.0,50.0
2026-08-30,MFSC,v8b,HOLD,medium,58.7,21,2026-08-30,49.85,,,,,,pending,,54.0,80.0,50.0,50.0
2026-08-30,MHOT,v8b,HOLD,medium,61.7,5,2026-08-30,18.51,,,,,,pending,,54.0,92.0,50.0,50.0
2026-08-30,MHOT,v8b,HOLD,medium,61.7,21,2026-08-30,18.51,,,,,,pending,,54.0,92.0,50.0,50.0
2026-08-30,MICH,v8b,HOLD,medium,62.9,5,2026-08-30,50.48,,,,,,pending,,58.0,92.0,50.0,50.0
2026-08-30,MICH,v8b,HOLD,medium,62.9,21,2026-08-30,50.48,,,,,,pending,,58.0,92.0,50.0,50.0
2026-08-30,MILS,v8b,HOLD,medium,57.5,5,2026-08-30,206.28,,,,,,pending,,50.0,80.0,50.0,50.0
2026-08-30,MILS,v8b,HOLD,medium,57.5,21,2026-08-30,206.28,,,,,,pending,,50.0,80.0,50.0,50.0
2026-08-30,MIPH,v8b,REDUCE,medium,46.2,5,2026-08-30,800.08,,,,,,pending,,50.0,35.0,50.0,50.0
2026-08-30,MIPH,v8b,REDUCE,medium,46.2,21,2026-08-30,800.08,,,,,,pending,,50.0,35.0,50.0,50.0
2026-08-30,MISR,v8b,HOLD,medium,53.0,5,2026-08-30,5.51,,,,,,pending,,50.0,62.0,50.0,50.0
2026-08-30,MISR,v8b,HOLD,medium,53.0,21,2026-08-30,5.51,,,,,,pending,,50.0,62.0,50.0,50.0
2026-08-30,MOED,v8b,HOLD,medium,51.2,5,2026-08-30,0.837,,,,,,pending,,50.0,55.0,50.0,50.0
2026-08-30,MOED,v8b,HOLD,medium,51.2,21,2026-08-30,0.837,,,,,,pending,,50.0,55.0,50.0,50.0
2026-08-30,MOIL,v8b,HOLD,medium,56.2,5,2026-08-30,0.688,,,,,,pending,,50.0,75.0,50.0,50.0
2026-08-30,MOIL,v8b,HOLD,medium,56.2,21,2026-08-30,0.688,,,,,,pending,,50.0,75.0,50.0,50.0
2026-08-30,MOIN,v8b,HOLD,medium,59.0,5,2026-08-30,33.75,,,,,,pending,,50.0,86.0,50.0,50.0
2026-08-30,MOIN,v8b,HOLD,medium,59.0,21,2026-08-30,33.75,,,,,,pending,,50.0,86.0,50.0,50.0
2026-08-30,MOSC,v8b,HOLD,medium,57.5,5,2026-08-30,313.26,,,,,,pending,,50.0,80.0,50.0,50.0
2026-08-30,MOSC,v8b,HOLD,medium,57.5,21,2026-08-30,313.26,,,,,,pending,,50.0,80.0,50.0,50.0
2026-08-30,MPCI,v8b,HOLD,medium,61.7,5,2026-08-30,446.0,,,,,,pending,,54.0,92.0,50.0,50.0
2026-08-30,MPCI,v8b,HOLD,medium,61.7,21,2026-08-30,446.0,,,,,,pending,,54.0,92.0,50.0,50.0
2026-08-30,MPCO,v8b,HOLD,medium,56.2,5,2026-08-30,2.11,,,,,,pending,,50.0,75.0,50.0,50.0
2026-08-30,MPCO,v8b,HOLD,medium,56.2,21,2026-08-30,2.11,,,,,,pending,,50.0,75.0,50.0,50.0
2026-08-30,MPRC,v8b,HOLD,medium,60.5,5,2026-08-30,43.4,,,,,,pending,,50.0,92.0,50.0,50.0
2026-08-30,MPRC,v8b,HOLD,medium,60.5,21,2026-08-30,43.4,,,,,,pending,,50.0,92.0,50.0,50.0
2026-08-30,MTIE,v8b,HOLD,medium,57.5,5,2026-08-30,8.49,,,,,,pending,,50.0,80.0,50.0,50.0
2026-08-30,MTIE,v8b,HOLD,medium,57.5,21,2026-08-30,8.49,,,,,,pending,,50.0,80.0,50.0,50.0
2026-08-30,NAHO,v8b,HOLD,medium,56.2,5,2026-08-30,0.143,,,,,,pending,,50.0,75.0,50.0,50.0
2026-08-30,NAHO,v8b,HOLD,medium,56.2,21,2026-08-30,0.143,,,,,,pending,,50.0,75.0,50.0,50.0
2026-08-30,NCCW,v8b,REDUCE,medium,47.5,5,2026-08-30,5.87,,,,,,pending,,50.0,40.0,50.0,50.0
2026-08-30,NCCW,v8b,REDUCE,medium,47.5,21,2026-08-30,5.87,,,,,,pending,,50.0,40.0,50.0,50.0
2026-08-30,NEDA,v8b,REDUCE,medium,47.5,5,2026-08-30,2.74,,,,,,pending,,50.0,40.0,50.0,50.0
2026-08-30,NEDA,v8b,REDUCE,medium,47.5,21,2026-08-30,2.74,,,,,,pending,,50.0,40.0,50.0,50.0
2026-08-30,NHPS,v8b,HOLD,medium,52.5,5,2026-08-30,89.01,,,,,,pending,,54.0,55.0,50.0,50.0
2026-08-30,NHPS,v8b,HOLD,medium,52.5,21,2026-08-30,89.01,,,,,,pending,,54.0,55.0,50.0,50.0
2026-08-30,NIPH,v8b,HOLD,medium,57.8,5,2026-08-30,347.02,,,,,,pending,,50.0,81.0,50.0,50.0
2026-08-30,NIPH,v8b,HOLD,medium,57.8,21,2026-08-30,347.02,,,,,,pending,,50.0,81.0,50.0,50.0
2026-08-30,OBRI,v8b,HOLD,medium,57.5,5,2026-08-30,32.97,,,,,,pending,,50.0,80.0,50.0,50.0
2026-08-30,OBRI,v8b,HOLD,medium,57.5,21,2026-08-30,32.97,,,,,,pending,,50.0,80.0,50.0,50.0
2026-08-30,OCDI,v8b,HOLD,medium,53.0,5,2026-08-30,31.2,,,,,,pending,,50.0,62.0,50.0,50.0
2026-08-30,OCDI,v8b,HOLD,medium,53.0,21,2026-08-30,31.2,,,,,,pending,,50.0,62.0,50.0,50.0
2026-08-30,OCPH,v8b,HOLD,medium,56.2,5,2026-08-30,252.61,,,,,,pending,,50.0,75.0,50.0,50.0
2026-08-30,OCPH,v8b,HOLD,medium,56.2,21,2026-08-30,252.61,,,,,,pending,,50.0,75.0,50.0,50.0
2026-08-30,ODIN,v8b,HOLD,medium,57.5,5,2026-08-30,3.03,,,,,,pending,,50.0,80.0,50.0,50.0
2026-08-30,ODIN,v8b,HOLD,medium,57.5,21,2026-08-30,3.03,,,,,,pending,,50.0,80.0,50.0,50.0
2026-08-30,OIH,v8b,HOLD,medium,56.2,5,2026-08-30,2.02,,,,,,pending,,50.0,75.0,50.0,50.0
2026-08-30,OIH,v8b,HOLD,medium,56.2,21,2026-08-30,2.02,,,,,,pending,,50.0,75.0,50.0,50.0
2026-08-30,OLFI,v8b,HOLD,medium,57.5,5,2026-08-30,22.67,,,,,,pending,,54.0,75.0,50.0,50.0
2026-08-30,OLFI,v8b,HOLD,medium,57.5,21,2026-08-30,22.67,,,,,,pending,,54.0,75.0,50.0,50.0
2026-08-30,ORAS,v8b,HOLD,medium,56.2,5,2026-08-30,71.05,,,,,,pending,,50.0,75.0,50.0,50.0
2026-08-30,ORAS,v8b,HOLD,medium,56.2,21,2026-08-30,71.05,,,,,,pending,,50.0,75.0,50.0,50.0
2026-08-30,ORHD,v8b,ABSTAIN,none,68.0,5,2026-08-30,41.5,,,,,,pending,,75.0,92.0,50.0,50.0
2026-08-30,ORHD,v8b,ABSTAIN,none,68.0,21,2026-08-30,41.5,,,,,,pending,,75.0,92.0,50.0,50.0
2026-08-30,ORWE,v8b,ABSTAIN,none,74.7,5,2026-08-30,25.76,,,,,,pending,,89.0,62.0,62.0,85.0
2026-08-30,ORWE,v8b,ABSTAIN,none,74.7,21,2026-08-30,25.76,,,,,,pending,,89.0,62.0,62.0,85.0
2026-08-30,PHAR,v8b,HOLD,medium,59.2,5,2026-08-30,129.74,,,,,,pending,,50.0,81.0,67.7,35.0
2026-08-30,PHAR,v8b,HOLD,medium,59.2,21,2026-08-30,129.74,,,,,,pending,,50.0,81.0,67.7,35.0
2026-08-30,PHDC,v8b,HOLD,medium,59.0,5,2026-08-30,14.79,,,,,,pending,,50.0,86.0,50.0,50.0
2026-08-30,PHDC,v8b,HOLD,medium,59.0,21,2026-08-30,14.79,,,,,,pending,,50.0,86.0,50.0,50.0
2026-08-30,PHTV,v8b,HOLD,medium,56.2,5,2026-08-30,339.88,,,,,,pending,,50.0,75.0,50.0,50.0
2026-08-30,PHTV,v8b,HOLD,medium,56.2,21,2026-08-30,339.88,,,,,,pending,,50.0,75.0,50.0,50.0
2026-08-30,POUL,v8b,HOLD,medium,56.2,5,2026-08-30,39.5,,,,,,pending,,50.0,75.0,50.0,50.0
2026-08-30,POUL,v8b,HOLD,medium,56.2,21,2026-08-30,39.5,,,,,,pending,,50.0,75.0,50.0,50.0
2026-08-30,PRCL,v8b,HOLD,medium,56.2,5,2026-08-30,31.13,,,,,,pending,,50.0,75.0,50.0,50.0
2026-08-30,PRCL,v8b,HOLD,medium,56.2,21,2026-08-30,31.13,,,,,,pending,,50.0,75.0,50.0,50.0
2026-08-30,PRDC,v8b,HOLD,medium,50.0,5,2026-08-30,9.77,,,,,,pending,,50.0,50.0,50.0,50.0
2026-08-30,PRDC,v8b,HOLD,medium,50.0,21,2026-08-30,9.77,,,,,,pending,,50.0,50.0,50.0,50.0
2026-08-30,PRMH,v8b,HOLD,medium,54.2,5,2026-08-30,2.65,,,,,,pending,,50.0,67.0,50.0,50.0
2026-08-30,PRMH,v8b,HOLD,medium,54.2,21,2026-08-30,2.65,,,,,,pending,,50.0,67.0,50.0,50.0
2026-08-30,RACC,v8b,HOLD,medium,56.2,5,2026-08-30,9.5,,,,,,pending,,50.0,75.0,50.0,50.0
2026-08-30,RACC,v8b,HOLD,medium,56.2,21,2026-08-30,9.5,,,,,,pending,,50.0,75.0,50.0,50.0
2026-08-30,RAKT,v8b,ABSTAIN,none,50.0,5,2026-08-30,22.11,,,,,,pending,,50.0,50.0,50.0,50.0
2026-08-30,RAKT,v8b,ABSTAIN,none,50.0,21,2026-08-30,22.11,,,,,,pending,,50.0,50.0,50.0,50.0
2026-08-30,RAYA,v8b,HOLD,medium,56.2,5,2026-08-30,7.24,,,,,,pending,,50.0,75.0,50.0,50.0
2026-08-30,RAYA,v8b,HOLD,medium,56.2,21,2026-08-30,7.24,,,,,,pending,,50.0,75.0,50.0,50.0
2026-08-30,RKAZ,v8b,HOLD,medium,54.2,5,2026-08-30,4.1,,,,,,pending,,50.0,67.0,50.0,50.0
2026-08-30,RKAZ,v8b,HOLD,medium,54.2,21,2026-08-30,4.1,,,,,,pending,,50.0,67.0,50.0,50.0
2026-08-30,RMDA,v8b,HOLD,medium,53.0,5,2026-08-30,6.0,,,,,,pending,,50.0,62.0,50.0,50.0
2026-08-30,RMDA,v8b,HOLD,medium,53.0,21,2026-08-30,6.0,,,,,,pending,,50.0,62.0,50.0,50.0
2026-08-30,ROTO,v8b,HOLD,medium,57.8,5,2026-08-30,44.11,,,,,,pending,,50.0,81.0,50.0,50.0
2026-08-30,ROTO,v8b,HOLD,medium,57.8,21,2026-08-30,44.11,,,,,,pending,,50.0,81.0,50.0,50.0
2026-08-30,RREI,v8b,HOLD,medium,50.0,5,2026-08-30,4.31,,,,,,pending,,50.0,50.0,50.0,50.0
2026-08-30,RREI,v8b,HOLD,medium,50.0,21,2026-08-30,4.31,,,,,,pending,,50.0,50.0,50.0,50.0
2026-08-30,RTVC,v8b,HOLD,medium,56.2,5,2026-08-30,4.2,,,,,,pending,,50.0,75.0,50.0,50.0
2026-08-30,RTVC,v8b,HOLD,medium,56.2,21,2026-08-30,4.2,,,,,,pending,,50.0,75.0,50.0,50.0
2026-08-30,RUBX,v8b,HOLD,medium,50.0,5,2026-08-30,12.8,,,,,,pending,,50.0,50.0,50.0,50.0
2026-08-30,RUBX,v8b,HOLD,medium,50.0,21,2026-08-30,12.8,,,,,,pending,,50.0,50.0,50.0,50.0
2026-08-30,SAUD,v8b,HOLD,medium,61.7,5,2026-08-30,22.92,,,,,,pending,,54.0,92.0,50.0,50.0
2026-08-30,SAUD,v8b,HOLD,medium,61.7,21,2026-08-30,22.92,,,,,,pending,,54.0,92.0,50.0,50.0
2026-08-30,SCEM,v8b,HOLD,medium,56.2,5,2026-08-30,97.01,,,,,,pending,,50.0,75.0,50.0,50.0
2026-08-30,SCEM,v8b,HOLD,medium,56.2,21,2026-08-30,97.01,,,,,,pending,,50.0,75.0,50.0,50.0
2026-08-30,SCFM,v8b,HOLD,medium,57.5,5,2026-08-30,283.05,,,,,,pending,,50.0,80.0,50.0,50.0
2026-08-30,SCFM,v8b,HOLD,medium,57.5,21,2026-08-30,283.05,,,,,,pending,,50.0,80.0,50.0,50.0
2026-08-30,SCTS,v8b,HOLD,medium,57.5,5,2026-08-30,617.43,,,,,,pending,,50.0,80.0,50.0,50.0
2026-08-30,SCTS,v8b,HOLD,medium,57.5,21,2026-08-30,617.43,,,,,,pending,,50.0,80.0,50.0,50.0
2026-08-30,SDTI,v8b,HOLD,medium,57.5,5,2026-08-30,69.01,,,,,,pending,,50.0,80.0,50.0,50.0
2026-08-30,SDTI,v8b,HOLD,medium,57.5,21,2026-08-30,69.01,,,,,,pending,,50.0,80.0,50.0,50.0
2026-08-30,SEIG,v8b,HOLD,medium,54.2,5,2026-08-30,260.25,,,,,,pending,,50.0,67.0,50.0,50.0
2026-08-30,SEIG,v8b,HOLD,medium,54.2,21,2026-08-30,260.25,,,,,,pending,,50.0,67.0,50.0,50.0
2026-08-30,SEIGA,v8b,ABSTAIN,none,50.0,5,2026-08-30,63.29,,,,,,pending,,50.0,50.0,50.0,50.0
2026-08-30,SEIGA,v8b,ABSTAIN,none,50.0,21,2026-08-30,63.29,,,,,,pending,,50.0,50.0,50.0,50.0
2026-08-30,SIPC,v8b,HOLD,medium,57.5,5,2026-08-30,4.87,,,,,,pending,,50.0,80.0,50.0,50.0
2026-08-30,SIPC,v8b,HOLD,medium,57.5,21,2026-08-30,4.87,,,,,,pending,,50.0,80.0,50.0,50.0
2026-08-30,SKPC,v8b,HOLD,medium,57.5,5,2026-08-30,17.79,,,,,,pending,,54.0,75.0,50.0,50.0
2026-08-30,SKPC,v8b,HOLD,medium,57.5,21,2026-08-30,17.79,,,,,,pending,,54.0,75.0,50.0,50.0
2026-08-30,SMFR,v8b,REDUCE,medium,47.5,5,2026-08-30,259.76,,,,,,pending,,50.0,40.0,50.0,50.0
2026-08-30,SMFR,v8b,REDUCE,medium,47.5,21,2026-08-30,259.76,,,,,,pending,,50.0,40.0,50.0,50.0
2026-08-30,SNFC,v8b,HOLD,medium,51.2,5,2026-08-30,10.35,,,,,,pending,,50.0,55.0,50.0,50.0
2026-08-30,SNFC,v8b,HOLD,medium,51.2,21,2026-08-30,10.35,,,,,,pending,,50.0,55.0,50.0,50.0
2026-08-30,SODIC,v8b,HOLD,medium,60.5,5,2026-08-30,31.2,,,,,,pending,,75.0,62.0,50.0,50.0
2026-08-30,SODIC,v8b,HOLD,medium,60.5,21,2026-08-30,31.2,,,,,,pending,,75.0,62.0,50.0,50.0
2026-08-30,SPIN,v8b,HOLD,medium,50.0,5,2026-08-30,19.77,,,,,,pending,,50.0,50.0,50.0,50.0
2026-08-30,SPIN,v8b,HOLD,medium,50.0,21,2026-08-30,19.77,,,,,,pending,,50.0,50.0,50.0,50.0
2026-08-30,SPMD,v8b,ABSTAIN,none,56.2,5,2026-08-30,0.45,,,,,,pending,,50.0,75.0,50.0,50.0
2026-08-30,SPMD,v8b,ABSTAIN,none,56.2,21,2026-08-30,0.45,,,,,,pending,,50.0,75.0,50.0,50.0
2026-08-30,SUGR,v8b,REDUCE,medium,46.8,5,2026-08-30,57.0,,,,,,pending,,50.0,37.0,50.0,50.0
2026-08-30,SUGR,v8b,REDUCE,medium,46.8,21,2026-08-30,57.0,,,,,,pending,,50.0,37.0,50.0,50.0
2026-08-30,SVCE,v8b,HOLD,medium,56.2,5,2026-08-30,10.91,,,,,,pending,,50.0,75.0,50.0,50.0
2026-08-30,SVCE,v8b,HOLD,medium,56.2,21,2026-08-30,10.91,,,,,,pending,,50.0,75.0,50.0,50.0
2026-08-30,SWDY,v8b,HOLD,medium,56.2,5,2026-08-30,125.95,,,,,,pending,,50.0,75.0,50.0,50.0
2026-08-30,SWDY,v8b,HOLD,medium,56.2,21,2026-08-30,125.95,,,,,,pending,,50.0,75.0,50.0,50.0
2026-08-30,TALM,v8b,HOLD,medium,59.2,5,2026-08-30,17.85,,,,,,pending,,50.0,87.0,50.0,50.0
2026-08-30,TALM,v8b,HOLD,medium,59.2,21,2026-08-30,17.85,,,,,,pending,,50.0,87.0,50.0,50.0
2026-08-30,TMGH,v8b,HOLD,medium,53.0,5,2026-08-30,97.0,,,,,,pending,,40.0,74.0,50.0,50.0
2026-08-30,TMGH,v8b,HOLD,medium,53.0,21,2026-08-30,97.0,,,,,,pending,,40.0,74.0,50.0,50.0
2026-08-30,TRTO,v8b,HOLD,medium,51.2,5,2026-08-30,0.051,,,,,,pending,,50.0,55.0,50.0,50.0
2026-08-30,TRTO,v8b,HOLD,medium,51.2,21,2026-08-30,0.051,,,,,,pending,,50.0,55.0,50.0,50.0
2026-08-30,UEFM,v8b,HOLD,medium,58.7,5,2026-08-30,540.83,,,,,,pending,,54.0,80.0,50.0,50.0
2026-08-30,UEFM,v8b,HOLD,medium,58.7,21,2026-08-30,540.83,,,,,,pending,,54.0,80.0,50.0,50.0
2026-08-30,UEGC,v8b,HOLD,medium,50.0,5,2026-08-30,1.84,,,,,,pending,,50.0,50.0,50.0,50.0
2026-08-30,UEGC,v8b,HOLD,medium,50.0,21,2026-08-30,1.84,,,,,,pending,,50.0,50.0,50.0,50.0
2026-08-30,UNIP,v8b,HOLD,medium,50.0,5,2026-08-30,0.37,,,,,,pending,,50.0,50.0,50.0,50.0
2026-08-30,UNIP,v8b,HOLD,medium,50.0,21,2026-08-30,0.37,,,,,,pending,,50.0,50.0,50.0,50.0
2026-08-30,UNIT,v8b,HOLD,medium,53.0,5,2026-08-30,18.7,,,,,,pending,,50.0,62.0,50.0,50.0
2026-08-30,UNIT,v8b,HOLD,medium,53.0,21,2026-08-30,18.7,,,,,,pending,,50.0,62.0,50.0,50.0
2026-08-30,WCDF,v8b,HOLD,medium,57.5,5,2026-08-30,648.98,,,,,,pending,,54.0,75.0,50.0,50.0
2026-08-30,WCDF,v8b,HOLD,medium,57.5,21,2026-08-30,648.98,,,,,,pending,,54.0,75.0,50.0,50.0
2026-08-30,WKOL,v8b,HOLD,medium,61.7,5,2026-08-30,344.63,,,,,,pending,,54.0,92.0,50.0,50.0
2026-08-30,WKOL,v8b,HOLD,medium,61.7,21,2026-08-30,344.63,,,,,,pending,,54.0,92.0,50.0,50.0
2026-08-30,ZEOT,v8b,HOLD,medium,56.2,5,2026-08-30,13.76,,,,,,pending,,50.0,75.0,50.0,50.0
2026-08-30,ZEOT,v8b,HOLD,medium,56.2,21,2026-08-30,13.76,,,,,,pending,,50.0,75.0,50.0,50.0
2026-08-30,ZMID,v8b,HOLD,medium,57.5,5,2026-08-30,8.92,,,,,,pending,,50.0,80.0,50.0,50.0
2026-08-30,ZMID,v8b,HOLD,medium,57.5,21,2026-08-30,8.92,,,,,,pending,,50.0,80.0,50.0,50.0
2026-08-30,AXPH,w1,WEEKLY_BUY,weekly,33.51,5,2026-08-30,1702.9301,,,,,,pending,,,,,
2026-08-30,AXPH,w1,WEEKLY_BUY,weekly,33.51,21,2026-08-30,1702.9301,,,,,,pending,,,,,
2026-08-30,OFH,w1,WEEKLY_BUY,weekly,29.75,5,2026-08-30,1.05,,,,,,pending,,,,,
2026-08-30,OFH,w1,WEEKLY_BUY,weekly,29.75,21,2026-08-30,1.05,,,,,,pending,,,,,
2026-08-30,AMIA,w1,WEEKLY_BUY,weekly,27.01,5,2026-08-30,19.34,,,,,,pending,,,,,
2026-08-30,AMIA,w1,WEEKLY_BUY,weekly,27.01,21,2026-08-30,19.34,,,,,,pending,,,,,
2026-08-30,FIRE,w1,WEEKLY_BUY,weekly,22.39,5,2026-08-30,5.19,,,,,,pending,,,,,
2026-08-30,FIRE,w1,WEEKLY_BUY,weekly,22.39,21,2026-08-30,5.19,,,,,,pending,,,,,
2026-08-30,NINH,w1,WEEKLY_BUY,weekly,22.2,5,2026-08-30,23.5,,,,,,pending,,,,,
2026-08-30,NINH,w1,WEEKLY_BUY,weekly,22.2,21,2026-08-30,23.5,,,,,,pending,,,,,
2026-08-31,AXPH,v8b,HOLD,medium,60.6,5,2026-08-31,1703.35,,,,,,pending,,50.0,80.0,53.0,65.0
2026-08-31,AXPH,v8b,HOLD,medium,60.6,21,2026-08-31,1703.35,,,,,,pending,,50.0,80.0,53.0,65.0
2026-08-31,OFH,v8b,HOLD,medium,58.8,5,2026-08-31,1.03,,,,,,pending,,50.0,80.0,53.2,55.0
2026-08-31,OFH,v8b,HOLD,medium,58.8,21,2026-08-31,1.03,,,,,,pending,,50.0,80.0,53.2,55.0
2026-08-31,AMIA,v8b,AVOID,medium,34.0,5,2026-08-31,20.15,,,,,,pending,,50.0,69.0,0,35.0
2026-08-31,AMIA,v8b,AVOID,medium,34.0,21,2026-08-31,20.15,,,,,,pending,,50.0,69.0,0,35.0
2026-08-31,FIRE,v8b,REDUCE,medium,39.0,5,2026-08-31,5.1,,,,,,pending,,50.0,62.0,11.0,50.0
2026-08-31,FIRE,v8b,REDUCE,medium,39.0,21,2026-08-31,5.1,,,,,,pending,,50.0,62.0,11.0,50.0
2026-08-31,NINH,v8b,HOLD,medium,60.6,5,2026-08-31,23.42,,,,,,pending,,50.0,92.0,71.2,15.0
2026-08-31,NINH,v8b,HOLD,medium,60.6,21,2026-08-31,23.42,,,,,,pending,,50.0,92.0,71.2,15.0
2026-08-31,AALR,v8b,REDUCE,medium,49.3,5,2026-08-31,303.6,,,,,,pending,,50.0,50.0,60.8,25.0
2026-08-31,AALR,v8b,REDUCE,medium,49.3,21,2026-08-31,303.6,,,,,,pending,,50.0,50.0,60.8,25.0
2026-08-31,ABUK,v8b,ABSTAIN,none,66.1,5,2026-08-31,88.0,,,,,,pending,,44.0,87.0,77.0,40.0
2026-08-31,ABUK,v8b,ABSTAIN,none,66.1,21,2026-08-31,88.0,,,,,,pending,,44.0,87.0,77.0,40.0
2026-08-31,ACAMD,v8b,ABSTAIN,none,65.7,5,2026-08-31,2.04,,,,,,pending,,50.0,92.0,65.0,55.0
2026-08-31,ACAMD,v8b,ABSTAIN,none,65.7,21,2026-08-31,2.04,,,,,,pending,,50.0,92.0,65.0,55.0
2026-08-31,ACGC,v8b,HOLD,medium,54.5,5,2026-08-31,14.13,,,,,,pending,,50.0,50.0,62.7,50.0
2026-08-31,ACGC,v8b,HOLD,medium,54.5,21,2026-08-31,14.13,,,,,,pending,,50.0,50.0,62.7,50.0
2026-08-31,ADCI,v8b,HOLD,medium,60.6,5,2026-08-31,305.01,,,,,,pending,,50.0,81.0,60.3,50.0
2026-08-31,ADCI,v8b,HOLD,medium,60.6,21,2026-08-31,305.01,,,,,,pending,,50.0,81.0,60.3,50.0
2026-08-31,ADIB,v8b,ABSTAIN,none,71.6,5,2026-08-31,53.3,,,,,,pending,,50.0,87.0,85.0,55.0
2026-08-31,ADIB,v8b,ABSTAIN,none,71.6,21,2026-08-31,53.3,,,,,,pending,,50.0,87.0,85.0,55.0
2026-08-31,ADPC,v8b,HOLD,medium,55.4,5,2026-08-31,3.92,,,,,,pending,,50.0,62.0,55.0,55.0
2026-08-31,ADPC,v8b,HOLD,medium,55.4,21,2026-08-31,3.92,,,,,,pending,,50.0,62.0,55.0,55.0
2026-08-31,AFDI,v8b,HOLD,medium,53.3,5,2026-08-31,56.39,,,,,,pending,,50.0,35.0,69.0,50.0
2026-08-31,AFDI,v8b,HOLD,medium,53.3,21,2026-08-31,56.39,,,,,,pending,,50.0,35.0,69.0,50.0
2026-08-31,AFMC,v8b,REDUCE,medium,36.0,5,2026-08-31,185.0,,,,,,pending,,50.0,86.0,0,25.0
2026-08-31,AFMC,v8b,REDUCE,medium,36.0,21,2026-08-31,185.0,,,,,,pending,,50.0,86.0,0,25.0
2026-08-31,AIFI,v8b,ABSTAIN,none,73.1,5,2026-08-31,2.48,,,,,,pending,,50.0,75.0,89.2,70.0
2026-08-31,AIFI,v8b,ABSTAIN,none,73.1,21,2026-08-31,2.48,,,,,,pending,,50.0,75.0,89.2,70.0
2026-08-31,AJWA,v8b,HOLD,medium,59.1,5,2026-08-31,180.08,,,,,,pending,,50.0,50.0,75.8,50.0
2026-08-31,AJWA,v8b,HOLD,medium,59.1,21,2026-08-31,180.08,,,,,,pending,,50.0,50.0,75.8,50.0
2026-08-31,ALCN,v8b,ABSTAIN,none,66.4,5,2026-08-31,30.89,,,,,,pending,,50.0,92.0,67.0,55.0
2026-08-31,ALCN,v8b,ABSTAIN,none,66.4,21,2026-08-31,30.89,,,,,,pending,,50.0,92.0,67.0,55.0
2026-08-31,ALUM,v8b,HOLD,medium,56.0,5,2026-08-31,28.65,,,,,,pending,,50.0,35.0,76.8,50.0
2026-08-31,ALUM,v8b,HOLD,medium,56.0,21,2026-08-31,28.65,,,,,,pending,,50.0,35.0,76.8,50.0
2026-08-31,AMER,v8b,AVOID,medium,31.6,5,2026-08-31,5.58,,,,,,pending,,50.0,62.0,2.8,25.0
2026-08-31,AMER,v8b,AVOID,medium,31.6,21,2026-08-31,5.58,,,,,,pending,,50.0,62.0,2.8,25.0
2026-08-31,AMES,v8b,AVOID,medium,31.3,5,2026-08-31,104.59,,,,,,pending,,50.0,62.0,12.4,5.0
2026-08-31,AMES,v8b,AVOID,medium,31.3,21,2026-08-31,104.59,,,,,,pending,,50.0,62.0,12.4,5.0
2026-08-31,AMOC,v8b,HOLD,medium,64.6,5,2026-08-31,13.25,,,,,,pending,,54.0,67.0,77.9,50.0
2026-08-31,AMOC,v8b,HOLD,medium,64.6,21,2026-08-31,13.25,,,,,,pending,,54.0,67.0,77.9,50.0
2026-08-31,AMPI,v8b,HOLD,medium,64.3,5,2026-08-31,2.89,,,,,,pending,,50.0,75.0,72.0,55.0
2026-08-31,AMPI,v8b,HOLD,medium,64.3,21,2026-08-31,2.89,,,,,,pending,,50.0,75.0,72.0,55.0
2026-08-31,APSW,v8b,REDUCE,medium,46.8,5,2026-08-31,8.7,,,,,,pending,,50.0,55.0,35.0,55.0
2026-08-31,APSW,v8b,REDUCE,medium,46.8,21,2026-08-31,8.7,,,,,,pending,,50.0,55.0,35.0,55.0
2026-08-31,ARAB,v8b,HOLD,medium,61.5,5,2026-08-31,0.261,,,,,,pending,,50.0,62.0,80.0,40.0
2026-08-31,ARAB,v8b,HOLD,medium,61.5,21,2026-08-31,0.261,,,,,,pending,,50.0,62.0,80.0,40.0
2026-08-31,ARCC,v8b,ABSTAIN,none,69.0,5,2026-08-31,80.85,,,,,,pending,,58.0,92.0,79.3,35.0
2026-08-31,ARCC,v8b,ABSTAIN,none,69.0,21,2026-08-31,80.85,,,,,,pending,,58.0,92.0,79.3,35.0
2026-08-31,AREH,v8b,HOLD,medium,58.3,5,2026-08-31,1.45,,,,,,pending,,50.0,40.0,80.0,50.0
2026-08-31,AREH,v8b,HOLD,medium,58.3,21,2026-08-31,1.45,,,,,,pending,,50.0,40.0,80.0,50.0
2026-08-31,ARVA,v8b,HOLD,medium,54.4,5,2026-08-31,12.35,,,,,,pending,,50.0,35.0,62.0,70.0
2026-08-31,ARVA,v8b,HOLD,medium,54.4,21,2026-08-31,12.35,,,,,,pending,,50.0,35.0,62.0,70.0
2026-08-31,ASCM,v8b,ABSTAIN,none,68.0,5,2026-08-31,63.0,,,,,,pending,,50.0,75.0,85.2,50.0
2026-08-31,ASCM,v8b,ABSTAIN,none,68.0,21,2026-08-31,63.0,,,,,,pending,,50.0,75.0,85.2,50.0
2026-08-31,ASPI,v8b,HOLD,medium,54.1,5,2026-08-31,0.432,,,,,,pending,,50.0,50.0,74.4,25.0
2026-08-31,ASPI,v8b,HOLD,medium,54.1,21,2026-08-31,0.432,,,,,,pending,,50.0,50.0,74.4,25.0
2026-08-31,ATLC,v8b,HOLD,medium,64.6,5,2026-08-31,6.8,,,,,,pending,,54.0,56.0,85.0,50.0
2026-08-31,ATLC,v8b,HOLD,medium,64.6,21,2026-08-31,6.8,,,,,,pending,,54.0,56.0,85.0,50.0
2026-08-31,ATQA,v8b,HOLD,medium,58.1,5,2026-08-31,12.6,,,,,,pending,,50.0,35.0,80.0,55.0
2026-08-31,ATQA,v8b,HOLD,medium,58.1,21,2026-08-31,12.6,,,,,,pending,,50.0,35.0,80.0,55.0
2026-08-31,BIDI,v8b,HOLD,medium,60.5,5,2026-08-31,2.12,,,,,,pending,,50.0,62.0,72.2,50.0
2026-08-31,BIDI,v8b,HOLD,medium,60.5,21,2026-08-31,2.12,,,,,,pending,,50.0,62.0,72.2,50.0
2026-08-31,BIGP,v8b,HOLD,medium,54.6,5,2026-08-31,0.241,,,,,,pending,,50.0,62.0,78.5,5.0
2026-08-31,BIGP,v8b,HOLD,medium,54.6,21,2026-08-31,0.241,,,,,,pending,,50.0,62.0,78.5,5.0
2026-08-31,BINV,v8b,ABSTAIN,none,66.2,5,2026-08-31,50.28,,,,,,pending,,50.0,79.0,67.0,70.0
2026-08-31,BINV,v8b,ABSTAIN,none,66.2,21,2026-08-31,50.28,,,,,,pending,,50.0,79.0,67.0,70.0
2026-08-31,BIOC,v8b,AVOID,medium,30.6,5,2026-08-31,320.04,,,,,,pending,,50.0,62.0,0,25.0
2026-08-31,BIOC,v8b,AVOID,medium,30.6,21,2026-08-31,320.04,,,,,,pending,,50.0,62.0,0,25.0
2026-08-31,BTFH,v8b,REDUCE,medium,48.2,5,2026-08-31,3.0,,,,,,pending,,50.0,50.0,27.0,85.0
2026-08-31,BTFH,v8b,REDUCE,medium,48.2,21,2026-08-31,3.0,,,,,,pending,,50.0,50.0,27.0,85.0
2026-08-31,CAED,v8b,REDUCE,medium,48.3,5,2026-08-31,142.38,,,,,,pending,,50.0,80.0,38.8,25.0
2026-08-31,CAED,v8b,REDUCE,medium,48.3,21,2026-08-31,142.38,,,,,,pending,,50.0,80.0,38.8,25.0
2026-08-31,CANA,v8b,REDUCE,medium,44.9,5,2026-08-31,43.14,,,,,,pending,,50.0,87.0,35.0,5.0
2026-08-31,CANA,v8b,REDUCE,medium,44.9,21,2026-08-31,43.14,,,,,,pending,,50.0,87.0,35.0,5.0
2026-08-31,CCAP,v8b,HOLD,medium,57.9,5,2026-08-31,5.93,,,,,,pending,,50.0,62.0,64.8,50.0
2026-08-31,CCAP,v8b,HOLD,medium,57.9,21,2026-08-31,5.93,,,,,,pending,,50.0,62.0,64.8,50.0
2026-08-31,CCRS,v8b,HOLD,medium,57.0,5,2026-08-31,2.73,,,,,,pending,,50.0,55.0,66.7,50.0
2026-08-31,CCRS,v8b,HOLD,medium,57.0,21,2026-08-31,2.73,,,,,,pending,,50.0,55.0,66.7,50.0
2026-08-31,CEFM,v8b,HOLD,medium,63.3,5,2026-08-31,144.25,,,,,,pending,,54.0,80.0,73.5,35.0
2026-08-31,CEFM,v8b,HOLD,medium,63.3,21,2026-08-31,144.25,,,,,,pending,,54.0,80.0,73.5,35.0
2026-08-31,CERA,v8b,HOLD,medium,50.8,5,2026-08-31,1.25,,,,,,pending,,50.0,23.0,67.0,55.0
2026-08-31,CERA,v8b,HOLD,medium,50.8,21,2026-08-31,1.25,,,,,,pending,,50.0,23.0,67.0,55.0
2026-08-31,CFGH,v8b,REDUCE,medium,48.6,5,2026-08-31,0.118,,,,,,pending,,50.0,63.0,35.0,55.0
2026-08-31,CFGH,v8b,REDUCE,medium,48.6,21,2026-08-31,0.118,,,,,,pending,,50.0,63.0,35.0,55.0
2026-08-31,CICH,v8b,HOLD,medium,62.1,5,2026-08-31,12.31,,,,,,pending,,54.0,69.0,67.0,55.0
2026-08-31,CICH,v8b,HOLD,medium,62.1,21,2026-08-31,12.31,,,,,,pending,,54.0,69.0,67.0,55.0
2026-08-31,CIEB,v8b,ABSTAIN,none,73.6,5,2026-08-31,25.12,,,,,,pending,,58.0,92.0,82.0,55.0
2026-08-31,CIEB,v8b,ABSTAIN,none,73.6,21,2026-08-31,25.12,,,,,,pending,,58.0,92.0,82.0,55.0
2026-08-31,CIRA,v8b,HOLD,medium,55.5,5,2026-08-31,33.99,,,,,,pending,,50.0,63.0,57.3,50.0
2026-08-31,CIRA,v8b,HOLD,medium,55.5,21,2026-08-31,33.99,,,,,,pending,,50.0,63.0,57.3,50.0
2026-08-31,CLHO,v8b,HOLD,medium,59.3,5,2026-08-31,18.1,,,,,,pending,,30.0,62.0,80.0,55.0
2026-08-31,CLHO,v8b,HOLD,medium,59.3,21,2026-08-31,18.1,,,,,,pending,,30.0,62.0,80.0,55.0
2026-08-31,CNFN,v8b,HOLD,medium,62.5,5,2026-08-31,4.88,,,,,,pending,,50.0,75.0,67.0,55.0
2026-08-31,CNFN,v8b,HOLD,medium,62.5,21,2026-08-31,4.88,,,,,,pending,,50.0,75.0,67.0,55.0
2026-08-31,COMI,v8b,HOLD,medium,63.1,5,2026-08-31,139.0,,,,,,pending,,54.0,92.0,55.0,55.0
2026-08-31,COMI,v8b,HOLD,medium,63.1,21,2026-08-31,139.0,,,,,,pending,,54.0,92.0,55.0,55.0
2026-08-31,COPR,v8b,HOLD,medium,54.3,5,2026-08-31,0.506,,,,,,pending,,50.0,40.0,68.7,50.0
2026-08-31,COPR,v8b,HOLD,medium,54.3,21,2026-08-31,0.506,,,,,,pending,,50.0,40.0,68.7,50.0
2026-08-31,COSG,v8b,ABSTAIN,none,72.4,5,2026-08-31,1.88,,,,,,pending,,50.0,75.0,95.0,55.0
2026-08-31,COSG,v8b,ABSTAIN,none,72.4,21,2026-08-31,1.88,,,,,,pending,,50.0,75.0,95.0,55.0
2026-08-31,CPCI,v8b,HOLD,medium,63.2,5,2026-08-31,548.97,,,,,,pending,,54.0,80.0,57.8,65.0
2026-08-31,CPCI,v8b,HOLD,medium,63.2,21,2026-08-31,548.97,,,,,,pending,,54.0,80.0,57.8,65.0
2026-08-31,CSAG,v8b,ABSTAIN,none,76.4,5,2026-08-31,44.0,,,,,,pending,,58.0,80.0,90.0,70.0
2026-08-31,CSAG,v8b,ABSTAIN,none,76.4,21,2026-08-31,44.0,,,,,,pending,,58.0,80.0,90.0,70.0
2026-08-31,DAPH,v8b,REDUCE,medium,48.0,5,2026-08-31,138.68,,,,,,pending,,50.0,10.0,77.7,35.0
2026-08-31,DAPH,v8b,REDUCE,medium,48.0,21,2026-08-31,138.68,,,,,,pending,,50.0,10.0,77.7,35.0
2026-08-31,DOMT,v8b,ABSTAIN,none,65.7,5,2026-08-31,28.01,,,,,,pending,,60.0,65.0,72.0,70.0
2026-08-31,DOMT,v8b,ABSTAIN,none,65.7,21,2026-08-31,28.01,,,,,,pending,,60.0,65.0,72.0,70.0
2026-08-31,DSCW,v8b,HOLD,medium,62.5,5,2026-08-31,1.92,,,,,,pending,,50.0,75.0,67.0,55.0
2026-08-31,DSCW,v8b,HOLD,medium,62.5,21,2026-08-31,1.92,,,,,,pending,,50.0,75.0,67.0,55.0
2026-08-31,DTPP,v8b,REDUCE,medium,35.2,5,2026-08-31,305.54,,,,,,pending,,54.0,75.0,2.0,25.0
2026-08-31,DTPP,v8b,REDUCE,medium,35.2,21,2026-08-31,305.54,,,,,,pending,,54.0,75.0,2.0,25.0
2026-08-31,EALR,v8b,HOLD,medium,59.6,5,2026-08-31,390.57,,,,,,pending,,50.0,50.0,85.0,35.0
2026-08-31,EALR,v8b,HOLD,medium,59.6,21,2026-08-31,390.57,,,,,,pending,,50.0,50.0,85.0,35.0
2026-08-31,EASB,v8b,REDUCE,medium,45.2,5,2026-08-31,7.34,,,,,,pending,,50.0,55.0,46.0,25.0
2026-08-31,EASB,v8b,REDUCE,medium,45.2,21,2026-08-31,7.34,,,,,,pending,,50.0,55.0,46.0,25.0
2026-08-31,EAST,v8b,REDUCE,medium,46.0,5,2026-08-31,36.17,,,,,,pending,,30.0,92.0,27.0,55.0
2026-08-31,EAST,v8b,REDUCE,medium,46.0,21,2026-08-31,36.17,,,,,,pending,,30.0,92.0,27.0,55.0
2026-08-31,EBSC,v8b,HOLD,medium,62.4,5,2026-08-31,2.26,,,,,,pending,,50.0,55.0,82.0,50.0
2026-08-31,EBSC,v8b,HOLD,medium,62.4,21,2026-08-31,2.26,,,,,,pending,,50.0,55.0,82.0,50.0
2026-08-31,ECAP,v8b,ABSTAIN,none,66.2,5,2026-08-31,32.0,,,,,,pending,,50.0,75.0,80.0,50.0
2026-08-31,ECAP,v8b,ABSTAIN,none,66.2,21,2026-08-31,32.0,,,,,,pending,,50.0,75.0,80.0,50.0
2026-08-31,EDFM,v8b,ABSTAIN,none,76.4,5,2026-08-31,409.6,,,,,,pending,,54.0,80.0,85.0,85.0
2026-08-31,EDFM,v8b,ABSTAIN,none,76.4,21,2026-08-31,409.6,,,,,,pending,,54.0,80.0,85.0,85.0
2026-08-31,EEII,v8b,HOLD,medium,55.7,5,2026-08-31,3.0,,,,,,pending,,50.0,35.0,75.9,50.0
2026-08-31,EEII,v8b,HOLD,medium,55.7,21,2026-08-31,3.0,,,,,,pending,,50.0,35.0,75.9,50.0
2026-08-31,EFIC,v8b,HOLD,medium,53.0,5,2026-08-31,196.59,,,,,,pending,,50.0,75.0,40.0,55.0
2026-08-31,EFIC,v8b,HOLD,medium,53.0,21,2026-08-31,196.59,,,,,,pending,,50.0,75.0,40.0,55.0
2026-08-31,EFID,v8b,HOLD,medium,58.7,5,2026-08-31,30.01,,,,,,pending,,30.0,86.0,67.0,55.0
2026-08-31,EFID,v8b,HOLD,medium,58.7,21,2026-08-31,30.01,,,,,,pending,,30.0,86.0,67.0,55.0
2026-08-31,EFIH,v8b,HOLD,medium,62.0,5,2026-08-31,22.98,,,,,,pending,,20.0,97.0,72.0,55.0
2026-08-31,EFIH,v8b,HOLD,medium,62.0,21,2026-08-31,22.98,,,,,,pending,,20.0,97.0,72.0,55.0
2026-08-31,EGAL,v8b,ABSTAIN,none,68.2,5,2026-08-31,364.9,,,,,,pending,,50.0,92.0,74.8,50.0
2026-08-31,EGAL,v8b,ABSTAIN,none,68.2,21,2026-08-31,364.9,,,,,,pending,,50.0,92.0,74.8,50.0
2026-08-31,EGAS,v8b,ABSTAIN,none,65.3,5,2026-08-31,58.71,,,,,,pending,,50.0,55.0,80.0,70.0
2026-08-31,EGAS,v8b,ABSTAIN,none,65.3,21,2026-08-31,58.71,,,,,,pending,,50.0,55.0,80.0,70.0
2026-08-31,EGBE,v8b,ABSTAIN,none,74.3,5,2026-08-31,0.533,,,,,,pending,,50.0,87.0,85.0,70.0
2026-08-31,EGBE,v8b,ABSTAIN,none,74.3,21,2026-08-31,0.533,,,,,,pending,,50.0,87.0,85.0,70.0
2026-08-31,EGCH,v8b,HOLD,medium,59.7,5,2026-08-31,14.2,,,,,,pending,,50.0,81.0,55.0,55.0
2026-08-31,EGCH,v8b,HOLD,medium,59.7,21,2026-08-31,14.2,,,,,,pending,,50.0,81.0,55.0,55.0
2026-08-31,EGREF,v8b,ABSTAIN,none,35.7,5,2026-08-31,33.35,,,,,,pending,,50.0,55.0,18.9,25.0
2026-08-31,EGREF,v8b,ABSTAIN,none,35.7,21,2026-08-31,33.35,,,,,,pending,,50.0,55.0,18.9,25.0
2026-08-31,EGSA,v8b,HOLD,medium,63.7,5,2026-08-31,8.69,,,,,,pending,,54.0,52.0,67.0,85.0
2026-08-31,EGSA,v8b,HOLD,medium,63.7,21,2026-08-31,8.69,,,,,,pending,,54.0,52.0,67.0,85.0
2026-08-31,EGTS,v8b,REDUCE,medium,43.0,5,2026-08-31,16.96,,,,,,pending,,50.0,55.0,45.0,15.0
2026-08-31,EGTS,v8b,REDUCE,medium,43.0,21,2026-08-31,16.96,,,,,,pending,,50.0,55.0,45.0,15.0
2026-08-31,EHDR,v8b,HOLD,medium,63.4,5,2026-08-31,2.87,,,,,,pending,,50.0,55.0,85.0,50.0
2026-08-31,EHDR,v8b,HOLD,medium,63.4,21,2026-08-31,2.87,,,,,,pending,,50.0,55.0,85.0,50.0
2026-08-31,EIPI,v8b,ABSTAIN,none,70.7,5,2026-08-31,127.3,,,,,,pending,,85.0,81.0,72.7,35.0
2026-08-31,EIPI,v8b,ABSTAIN,none,70.7,21,2026-08-31,127.3,,,,,,pending,,85.0,81.0,72.7,35.0
2026-08-31,ELEC,v8b,REDUCE,medium,47.7,5,2026-08-31,2.15,,,,,,pending,,50.0,35.0,35.0,85.0
2026-08-31,ELEC,v8b,REDUCE,medium,47.7,21,2026-08-31,2.15,,,,,,pending,,50.0,35.0,35.0,85.0
2026-08-31,ELKA,v8b,REDUCE,medium,49.7,5,2026-08-31,1.95,,,,,,pending,,50.0,35.0,58.8,50.0
2026-08-31,ELKA,v8b,REDUCE,medium,49.7,21,2026-08-31,1.95,,,,,,pending,,50.0,35.0,58.8,50.0
2026-08-31,ELNA,v8b,REDUCE,medium,46.8,5,2026-08-31,37.0,,,,,,pending,,50.0,55.0,35.0,55.0
2026-08-31,ELNA,v8b,REDUCE,medium,46.8,21,2026-08-31,37.0,,,,,,pending,,50.0,55.0,35.0,55.0
2026-08-31,ELSH,v8b,REDUCE,medium,45.7,5,2026-08-31,13.5,,,,,,pending,,50.0,35.0,60.4,25.0
2026-08-31,ELSH,v8b,REDUCE,medium,45.7,21,2026-08-31,13.5,,,,,,pending,,50.0,35.0,60.4,25.0
2026-08-31,ELWA,v8b,HOLD,medium,58.8,5,2026-08-31,1.84,,,,,,pending,,50.0,35.0,82.0,55.0
2026-08-31,ELWA,v8b,HOLD,medium,58.8,21,2026-08-31,1.84,,,,,,pending,,50.0,35.0,82.0,55.0
2026-08-31,EMFD,v8b,HOLD,medium,59.2,5,2026-08-31,13.7,,,,,,pending,,40.0,35.0,90.0,55.0
2026-08-31,EMFD,v8b,HOLD,medium,59.2,21,2026-08-31,13.7,,,,,,pending,,40.0,35.0,90.0,55.0
2026-08-31,ENGC,v8b,HOLD,medium,63.2,5,2026-08-31,42.64,,,,,,pending,,50.0,50.0,85.0,55.0
2026-08-31,ENGC,v8b,HOLD,medium,63.2,21,2026-08-31,42.64,,,,,,pending,,50.0,50.0,85.0,55.0
2026-08-31,EOSB,v8b,ABSTAIN,none,69.0,5,2026-08-31,1.57,,,,,,pending,,50.0,75.0,70.0,85.0
2026-08-31,EOSB,v8b,ABSTAIN,none,69.0,21,2026-08-31,1.57,,,,,,pending,,50.0,75.0,70.0,85.0
2026-08-31,EPCO,v8b,ABSTAIN,none,65.3,5,2026-08-31,11.17,,,,,,pending,,50.0,67.0,80.0,55.0
2026-08-31,EPCO,v8b,ABSTAIN,none,65.3,21,2026-08-31,11.17,,,,,,pending,,50.0,67.0,80.0,55.0
2026-08-31,EPPK,v8b,HOLD,medium,61.6,5,2026-08-31,11.41,,,,,,pending,,50.0,75.0,67.0,50.0
2026-08-31,EPPK,v8b,HOLD,medium,61.6,21,2026-08-31,11.41,,,,,,pending,,50.0,75.0,67.0,50.0
2026-08-31,ETEL,v8b,ABSTAIN,none,67.0,5,2026-08-31,114.98,,,,,,pending,,50.0,87.0,72.0,55.0
2026-08-31,ETEL,v8b,ABSTAIN,none,67.0,21,2026-08-31,114.98,,,,,,pending,,50.0,87.0,72.0,55.0
2026-08-31,ETRS,v8b,ABSTAIN,none,70.2,5,2026-08-31,11.4,,,,,,pending,,50.0,80.0,80.3,65.0
2026-08-31,ETRS,v8b,ABSTAIN,none,70.2,21,2026-08-31,11.4,,,,,,pending,,50.0,80.0,80.3,65.0
2026-08-31,EXPA,v8b,ABSTAIN,none,70.7,5,2026-08-31,20.81,,,,,,pending,,50.0,87.0,67.0,85.0
2026-08-31,EXPA,v8b,ABSTAIN,none,70.7,21,2026-08-31,20.81,,,,,,pending,,50.0,87.0,67.0,85.0
2026-08-31,FAIT,v8b,ABSTAIN,none,74.7,5,2026-08-31,43.11,,,,,,pending,,89.0,55.0,80.0,70.0
2026-08-31,FAIT,v8b,ABSTAIN,none,74.7,21,2026-08-31,43.11,,,,,,pending,,89.0,55.0,80.0,70.0
2026-08-31,FAITA,v8b,HOLD,medium,53.2,5,2026-08-31,0.99,,,,,,pending,,54.0,55.0,35.0,85.0
2026-08-31,FAITA,v8b,HOLD,medium,53.2,21,2026-08-31,0.99,,,,,,pending,,54.0,55.0,35.0,85.0
2026-08-31,FNAR,v8b,REDUCE,medium,46.5,5,2026-08-31,14.89,,,,,,pending,,50.0,40.0,54.2,35.0
2026-08-31,FNAR,v8b,REDUCE,medium,46.5,21,2026-08-31,14.89,,,,,,pending,,50.0,40.0,54.2,35.0
2026-08-31,FTNS,v8b,HOLD,medium,58.0,5,2026-08-31,1.37,,,,,,pending,,50.0,35.0,72.0,70.0
2026-08-31,FTNS,v8b,HOLD,medium,58.0,21,2026-08-31,1.37,,,,,,pending,,50.0,35.0,72.0,70.0
2026-08-31,FWRY,v8b,HOLD,medium,61.0,5,2026-08-31,18.95,,,,,,pending,,50.0,87.0,55.0,55.0
2026-08-31,FWRY,v8b,HOLD,medium,61.0,21,2026-08-31,18.95,,,,,,pending,,50.0,87.0,55.0,55.0
2026-08-31,GBCO,v8b,HOLD,medium,52.7,5,2026-08-31,28.7,,,,,,pending,,50.0,50.0,55.0,55.0
2026-08-31,GBCO,v8b,HOLD,medium,52.7,21,2026-08-31,28.7,,,,,,pending,,50.0,50.0,55.0,55.0
2026-08-31,GDWA,v8b,REDUCE,medium,44.9,5,2026-08-31,0.845,,,,,,pending,,50.0,35.0,35.0,70.0
2026-08-31,GDWA,v8b,REDUCE,medium,44.9,21,2026-08-31,0.845,,,,,,pending,,50.0,35.0,35.0,70.0
2026-08-31,GGCC,v8b,HOLD,medium,51.2,5,2026-08-31,0.842,,,,,,pending,,50.0,68.0,65.0,5.0
2026-08-31,GGCC,v8b,HOLD,medium,51.2,21,2026-08-31,0.842,,,,,,pending,,50.0,68.0,65.0,5.0
2026-08-31,GIHD,v8b,HOLD,medium,60.7,5,2026-08-31,71.99,,,,,,pending,,50.0,80.0,68.9,35.0
2026-08-31,GIHD,v8b,HOLD,medium,60.7,21,2026-08-31,71.99,,,,,,pending,,50.0,80.0,68.9,35.0
2026-08-31,GMCI,v8b,ABSTAIN,none,66.1,5,2026-08-31,1.88,,,,,,pending,,50.0,75.0,77.0,55.0
2026-08-31,GMCI,v8b,ABSTAIN,none,66.1,21,2026-08-31,1.88,,,,,,pending,,50.0,75.0,77.0,55.0
2026-08-31,GRCA,v8b,HOLD,medium,58.6,5,2026-08-31,80.51,,,,,,pending,,50.0,52.0,80.9,35.0
2026-08-31,GRCA,v8b,HOLD,medium,58.6,21,2026-08-31,80.51,,,,,,pending,,50.0,52.0,80.9,35.0
2026-08-31,GSSC,v8b,ABSTAIN,none,71.6,5,2026-08-31,279.37,,,,,,pending,,50.0,75.0,85.0,70.0
2026-08-31,GSSC,v8b,ABSTAIN,none,71.6,21,2026-08-31,279.37,,,,,,pending,,50.0,75.0,85.0,70.0
2026-08-31,GTWL,v8b,HOLD,medium,52.7,5,2026-08-31,224.76,,,,,,pending,,50.0,62.0,50.0,50.0
2026-08-31,GTWL,v8b,HOLD,medium,52.7,21,2026-08-31,224.76,,,,,,pending,,50.0,62.0,50.0,50.0
2026-08-31,HDBK,v8b,REDUCE,medium,37.6,5,2026-08-31,115.8,,,,,,pending,,64.0,52.0,27.0,5.0
2026-08-31,HDBK,v8b,REDUCE,medium,37.6,21,2026-08-31,115.8,,,,,,pending,,64.0,52.0,27.0,5.0
2026-08-31,HELI,v8b,HOLD,low,53.3,5,2026-08-31,7.76,,,,,,pending,,24.0,50.0,77.3,50.0
2026-08-31,HELI,v8b,HOLD,low,53.3,21,2026-08-31,7.76,,,,,,pending,,24.0,50.0,77.3,50.0
2026-08-31,HRHO,v8b,HOLD,medium,55.3,5,2026-08-31,25.96,,,,,,pending,,85.0,56.0,27.0,70.0
2026-08-31,HRHO,v8b,HOLD,medium,55.3,21,2026-08-31,25.96,,,,,,pending,,85.0,56.0,27.0,70.0
2026-08-31,IBCT,v8b,HOLD,medium,61.6,5,2026-08-31,12.95,,,,,,pending,,50.0,75.0,67.0,50.0
2026-08-31,IBCT,v8b,HOLD,medium,61.6,21,2026-08-31,12.95,,,,,,pending,,50.0,75.0,67.0,50.0
2026-08-31,ICFC,v8b,ABSTAIN,none,67.1,5,2026-08-31,24.15,,,,,,pending,,50.0,75.0,80.0,55.0
2026-08-31,ICFC,v8b,ABSTAIN,none,67.1,21,2026-08-31,24.15,,,,,,pending,,50.0,75.0,80.0,55.0
2026-08-31,ICID,v8b,AVOID,medium,31.7,5,2026-08-31,17.75,,,,,,pending,,50.0,55.0,0,40.0
2026-08-31,ICID,v8b,AVOID,medium,31.7,21,2026-08-31,17.75,,,,,,pending,,50.0,55.0,0,40.0
2026-08-31,IDRE,v8b,ABSTAIN,none,67.6,5,2026-08-31,56.0,,,,,,pending,,50.0,80.0,80.7,50.0
2026-08-31,IDRE,v8b,ABSTAIN,none,67.6,21,2026-08-31,56.0,,,,,,pending,,50.0,80.0,80.7,50.0
2026-08-31,IFAP,v8b,HOLD,medium,55.3,5,2026-08-31,20.77,,,,,,pending,,50.0,35.0,72.0,55.0
2026-08-31,IFAP,v8b,HOLD,medium,55.3,21,2026-08-31,20.77,,,,,,pending,,50.0,35.0,72.0,55.0
2026-08-31,INEG,v8b,HOLD,medium,54.3,5,2026-08-31,0.523,,,,,,pending,,50.0,35.0,72.0,50.0
2026-08-31,INEG,v8b,HOLD,medium,54.3,21,2026-08-31,0.523,,,,,,pending,,50.0,35.0,72.0,50.0
2026-08-31,INFI,v8b,ABSTAIN,none,65.0,5,2026-08-31,151.12,,,,,,pending,,50.0,86.0,77.2,35.0
2026-08-31,INFI,v8b,ABSTAIN,none,65.0,21,2026-08-31,151.12,,,,,,pending,,50.0,86.0,77.2,35.0
2026-08-31,IRON,v8b,REDUCE,medium,42.1,5,2026-08-31,30.04,,,,,,pending,,50.0,47.0,27.0,55.0
2026-08-31,IRON,v8b,REDUCE,medium,42.1,21,2026-08-31,30.04,,,,,,pending,,50.0,47.0,27.0,55.0
2026-08-31,ISMA,v8b,REDUCE,medium,45.9,5,2026-08-31,32.66,,,,,,pending,,50.0,80.0,19.2,50.0
2026-08-31,ISMA,v8b,REDUCE,medium,45.9,21,2026-08-31,32.66,,,,,,pending,,50.0,80.0,19.2,50.0
2026-08-31,ISMQ,v8b,ABSTAIN,none,69.1,5,2026-08-31,9.35,,,,,,pending,,54.0,80.0,72.0,70.0
2026-08-31,ISMQ,v8b,ABSTAIN,none,69.1,21,2026-08-31,9.35,,,,,,pending,,54.0,80.0,72.0,70.0
2026-08-31,ISPH,v8b,HOLD,medium,60.5,5,2026-08-31,12.94,,,,,,pending,,50.0,70.0,67.0,50.0
2026-08-31,ISPH,v8b,HOLD,medium,60.5,21,2026-08-31,12.94,,,,,,pending,,50.0,70.0,67.0,50.0
2026-08-31,JUFO,v8b,HOLD,medium,54.1,5,2026-08-31,27.26,,,,,,pending,,50.0,75.0,55.0,40.0
2026-08-31,JUFO,v8b,HOLD,medium,54.1,21,2026-08-31,27.26,,,,,,pending,,50.0,75.0,55.0,40.0
2026-08-31,KABO,v8b,HOLD,medium,64.9,5,2026-08-31,9.3,,,,,,pending,,50.0,75.0,73.6,55.0
2026-08-31,KABO,v8b,HOLD,medium,64.9,21,2026-08-31,9.3,,,,,,pending,,50.0,75.0,73.6,55.0
2026-08-31,KWIN,v8b,HOLD,medium,55.8,5,2026-08-31,109.55,,,,,,pending,,50.0,50.0,79.3,25.0
2026-08-31,KWIN,v8b,HOLD,medium,55.8,21,2026-08-31,109.55,,,,,,pending,,50.0,50.0,79.3,25.0
2026-08-31,KZPC,v8b,HOLD,medium,50.0,5,2026-08-31,13.07,,,,,,pending,,54.0,50.0,60.0,25.0
2026-08-31,KZPC,v8b,HOLD,medium,50.0,21,2026-08-31,13.07,,,,,,pending,,54.0,50.0,60.0,25.0
2026-08-31,LCSW,v8b,HOLD,medium,61.5,5,2026-08-31,36.0,,,,,,pending,,50.0,50.0,80.0,55.0
2026-08-31,LCSW,v8b,HOLD,medium,61.5,21,2026-08-31,36.0,,,,,,pending,,50.0,50.0,80.0,55.0
2026-08-31,LUTS,v8b,REDUCE,medium,38.0,5,2026-08-31,1.03,,,,,,pending,,50.0,75.0,17.7,15.0
2026-08-31,LUTS,v8b,REDUCE,medium,38.0,21,2026-08-31,1.03,,,,,,pending,,50.0,75.0,17.7,15.0
2026-08-31,MAAL,v8b,REDUCE,medium,47.1,5,2026-08-31,9.5,,,,,,pending,,50.0,63.0,33.5,50.0
2026-08-31,MAAL,v8b,REDUCE,medium,47.1,21,2026-08-31,9.5,,,,,,pending,,50.0,63.0,33.5,50.0
2026-08-31,MASR,v8b,ABSTAIN,none,69.8,5,2026-08-31,7.73,,,,,,pending,,50.0,87.0,80.0,55.0
2026-08-31,MASR,v8b,ABSTAIN,none,69.8,21,2026-08-31,7.73,,,,,,pending,,50.0,87.0,80.0,55.0
2026-08-31,MBEG,v8b,HOLD,medium,55.0,5,2026-08-31,6.69,,,,,,pending,,50.0,50.0,71.9,35.0
2026-08-31,MBEG,v8b,HOLD,medium,55.0,21,2026-08-31,6.69,,,,,,pending,,50.0,50.0,71.9,35.0
2026-08-31,MBSC,v8b,ABSTAIN,none,66.6,5,2026-08-31,460.0,,,,,,pending,,58.0,80.0,80.0,35.0
2026-08-31,MBSC,v8b,ABSTAIN,none,66.6,21,2026-08-31,460.0,,,,,,pending,,58.0,80.0,80.0,35.0
2026-08-31,MCQE,v8b,HOLD,medium,64.5,5,2026-08-31,245.01,,,,,,pending,,54.0,80.0,77.0,35.0
2026-08-31,MCQE,v8b,HOLD,medium,64.5,21,2026-08-31,245.01,,,,,,pending,,54.0,80.0,77.0,35.0
2026-08-31,MCRO,v8b,HOLD,medium,54.6,5,2026-08-31,1.5,,,,,,pending,,50.0,75.0,47.0,50.0
2026-08-31,MCRO,v8b,HOLD,medium,54.6,21,2026-08-31,1.5,,,,,,pending,,50.0,75.0,47.0,50.0
2026-08-31,MENA,v8b,ABSTAIN,none,67.7,5,2026-08-31,6.85,,,,,,pending,,50.0,80.0,73.3,65.0
2026-08-31,MENA,v8b,ABSTAIN,none,67.7,21,2026-08-31,6.85,,,,,,pending,,50.0,80.0,73.3,65.0
2026-08-31,MEPA,v8b,ABSTAIN,none,68.2,5,2026-08-31,1.94,,,,,,pending,,50.0,80.0,80.0,55.0
2026-08-31,MEPA,v8b,ABSTAIN,none,68.2,21,2026-08-31,1.94,,,,,,pending,,50.0,80.0,80.0,55.0
2026-08-31,MFPC,v8b,HOLD,medium,63.3,5,2026-08-31,42.65,,,,,,pending,,83.0,67.0,55.0,40.0
2026-08-31,MFPC,v8b,HOLD,medium,63.3,21,2026-08-31,42.65,,,,,,pending,,83.0,67.0,55.0,40.0
2026-08-31,MFSC,v8b,HOLD,medium,62.9,5,2026-08-31,50.14,,,,,,pending,,54.0,80.0,77.6,25.0
2026-08-31,MFSC,v8b,HOLD,medium,62.9,21,2026-08-31,50.14,,,,,,pending,,54.0,80.0,77.6,25.0
2026-08-31,MHOT,v8b,REDUCE,medium,49.5,5,2026-08-31,18.6,,,,,,pending,,54.0,92.0,42.0,5.0
2026-08-31,MHOT,v8b,REDUCE,medium,49.5,21,2026-08-31,18.6,,,,,,pending,,54.0,92.0,42.0,5.0
2026-08-31,MICH,v8b,ABSTAIN,none,71.0,5,2026-08-31,50.13,,,,,,pending,,58.0,92.0,77.1,50.0
2026-08-31,MICH,v8b,ABSTAIN,none,71.0,21,2026-08-31,50.13,,,,,,pending,,58.0,92.0,77.1,50.0
2026-08-31,MILS,v8b,HOLD,medium,57.6,5,2026-08-31,205.02,,,,,,pending,,50.0,80.0,65.1,25.0
2026-08-31,MILS,v8b,HOLD,medium,57.6,21,2026-08-31,205.02,,,,,,pending,,50.0,80.0,65.1,25.0
2026-08-31,MIPH,v8b,HOLD,medium,53.9,5,2026-08-31,798.21,,,,,,pending,,50.0,35.0,70.7,50.0
2026-08-31,MIPH,v8b,HOLD,medium,53.9,21,2026-08-31,798.21,,,,,,pending,,50.0,35.0,70.7,50.0
2026-08-31,MISR,v8b,HOLD,medium,55.4,5,2026-08-31,5.51,,,,,,pending,,50.0,62.0,50.0,65.0
2026-08-31,MISR,v8b,HOLD,medium,55.4,21,2026-08-31,5.51,,,,,,pending,,50.0,62.0,50.0,65.0
2026-08-31,MOED,v8b,REDUCE,medium,42.1,5,2026-08-31,0.865,,,,,,pending,,50.0,55.0,27.0,45.0
2026-08-31,MOED,v8b,REDUCE,medium,42.1,21,2026-08-31,0.865,,,,,,pending,,50.0,55.0,27.0,45.0
2026-08-31,MOIL,v8b,ABSTAIN,none,65.0,5,2026-08-31,0.688,,,,,,pending,,50.0,75.0,73.9,55.0
2026-08-31,MOIL,v8b,ABSTAIN,none,65.0,21,2026-08-31,0.688,,,,,,pending,,50.0,75.0,73.9,55.0
2026-08-31,MOIN,v8b,ABSTAIN,none,68.3,5,2026-08-31,33.18,,,,,,pending,,50.0,86.0,78.8,50.0
2026-08-31,MOIN,v8b,ABSTAIN,none,68.3,21,2026-08-31,33.18,,,,,,pending,,50.0,86.0,78.8,50.0
2026-08-31,MOSC,v8b,HOLD,medium,52.1,5,2026-08-31,315.29,,,,,,pending,,50.0,80.0,49.5,25.0
2026-08-31,MOSC,v8b,HOLD,medium,52.1,21,2026-08-31,315.29,,,,,,pending,,50.0,80.0,49.5,25.0
2026-08-31,MPCI,v8b,HOLD,medium,54.4,5,2026-08-31,444.0,,,,,,pending,,54.0,92.0,38.0,40.0
2026-08-31,MPCI,v8b,HOLD,medium,54.4,21,2026-08-31,444.0,,,,,,pending,,54.0,92.0,38.0,40.0
2026-08-31,MPCO,v8b,ABSTAIN,none,69.2,5,2026-08-31,2.09,,,,,,pending,,50.0,75.0,88.5,50.0
2026-08-31,MPCO,v8b,ABSTAIN,none,69.2,21,2026-08-31,2.09,,,,,,pending,,50.0,75.0,88.5,50.0
2026-08-31,MPRC,v8b,ABSTAIN,none,68.0,5,2026-08-31,42.35,,,,,,pending,,50.0,92.0,74.2,50.0
2026-08-31,MPRC,v8b,ABSTAIN,none,68.0,21,2026-08-31,42.35,,,,,,pending,,50.0,92.0,74.2,50.0
2026-08-31,MTIE,v8b,HOLD,medium,57.9,5,2026-08-31,8.86,,,,,,pending,,50.0,80.0,55.0,55.0
2026-08-31,MTIE,v8b,HOLD,medium,57.9,21,2026-08-31,8.86,,,,,,pending,,50.0,80.0,55.0,55.0
2026-08-31,NAHO,v8b,HOLD,medium,58.2,5,2026-08-31,0.141,,,,,,pending,,50.0,75.0,47.0,70.0
2026-08-31,NAHO,v8b,HOLD,medium,58.2,21,2026-08-31,0.141,,,,,,pending,,50.0,75.0,47.0,70.0
2026-08-31,NCCW,v8b,HOLD,medium,60.1,5,2026-08-31,6.15,,,,,,pending,,50.0,40.0,85.0,50.0
2026-08-31,NCCW,v8b,HOLD,medium,60.1,21,2026-08-31,6.15,,,,,,pending,,50.0,40.0,85.0,50.0
2026-08-31,NEDA,v8b,HOLD,medium,56.4,5,2026-08-31,2.73,,,,,,pending,,50.0,40.0,72.0,55.0
2026-08-31,NEDA,v8b,HOLD,medium,56.4,21,2026-08-31,2.73,,,,,,pending,,50.0,40.0,72.0,55.0
2026-08-31,NHPS,v8b,HOLD,medium,62.6,5,2026-08-31,88.89,,,,,,pending,,54.0,55.0,80.0,50.0
2026-08-31,NHPS,v8b,HOLD,medium,62.6,21,2026-08-31,88.89,,,,,,pending,,54.0,55.0,80.0,50.0
2026-08-31,NIPH,v8b,AVOID,medium,34.9,5,2026-08-31,340.11,,,,,,pending,,50.0,81.0,0,25.0
2026-08-31,NIPH,v8b,AVOID,medium,34.9,21,2026-08-31,340.11,,,,,,pending,,50.0,81.0,0,25.0
2026-08-31,OBRI,v8b,HOLD,medium,63.8,5,2026-08-31,34.6,,,,,,pending,,50.0,80.0,70.0,50.0
2026-08-31,OBRI,v8b,HOLD,medium,63.8,21,2026-08-31,34.6,,,,,,pending,,50.0,80.0,70.0,50.0
2026-08-31,OCDI,v8b,HOLD,medium,61.6,5,2026-08-31,31.01,,,,,,pending,,50.0,62.0,75.4,50.0
2026-08-31,OCDI,v8b,HOLD,medium,61.6,21,2026-08-31,31.01,,,,,,pending,,50.0,62.0,75.4,50.0
2026-08-31,OCPH,v8b,HOLD,medium,63.3,5,2026-08-31,251.7,,,,,,pending,,50.0,75.0,95.0,5.0
2026-08-31,OCPH,v8b,HOLD,medium,63.3,21,2026-08-31,251.7,,,,,,pending,,50.0,75.0,95.0,5.0
2026-08-31,ODIN,v8b,HOLD,medium,60.2,5,2026-08-31,2.97,,,,,,pending,,50.0,80.0,67.4,35.0
2026-08-31,ODIN,v8b,HOLD,medium,60.2,21,2026-08-31,2.97,,,,,,pending,,50.0,80.0,67.4,35.0
2026-08-31,OIH,v8b,HOLD,medium,64.6,5,2026-08-31,2.05,,,,,,pending,,50.0,75.0,72.8,55.0
2026-08-31,OIH,v8b,HOLD,medium,64.6,21,2026-08-31,2.05,,,,,,pending,,50.0,75.0,72.8,55.0
2026-08-31,OLFI,v8b,HOLD,medium,59.3,5,2026-08-31,22.25,,,,,,pending,,54.0,75.0,55.0,55.0
2026-08-31,OLFI,v8b,HOLD,medium,59.3,21,2026-08-31,22.25,,,,,,pending,,54.0,75.0,55.0,55.0
2026-08-31,ORAS,v8b,HOLD,medium,58.4,5,2026-08-31,71.05,,,,,,pending,,50.0,75.0,50.0,65.0
2026-08-31,ORAS,v8b,HOLD,medium,58.4,21,2026-08-31,71.05,,,,,,pending,,50.0,75.0,50.0,65.0
2026-08-31,ORHD,v8b,ABSTAIN,none,78.6,5,2026-08-31,41.5,,,,,,pending,,75.0,92.0,76.8,70.0
2026-08-31,ORHD,v8b,ABSTAIN,none,78.6,21,2026-08-31,41.5,,,,,,pending,,75.0,92.0,76.8,70.0
2026-08-31,ORWE,v8b,ABSTAIN,none,76.4,5,2026-08-31,26.9,,,,,,pending,,89.0,62.0,77.0,85.0
2026-08-31,ORWE,v8b,ABSTAIN,none,76.4,21,2026-08-31,26.9,,,,,,pending,,89.0,62.0,77.0,85.0
2026-08-31,PHAR,v8b,HOLD,medium,62.3,5,2026-08-31,127.3,,,,,,pending,,50.0,81.0,72.7,35.0
2026-08-31,PHAR,v8b,HOLD,medium,62.3,21,2026-08-31,127.3,,,,,,pending,,50.0,81.0,72.7,35.0
2026-08-31,PHDC,v8b,ABSTAIN,none,75.1,5,2026-08-31,14.71,,,,,,pending,,85.0,86.0,74.1,50.0
2026-08-31,PHDC,v8b,ABSTAIN,none,75.1,21,2026-08-31,14.71,,,,,,pending,,85.0,86.0,74.1,50.0
2026-08-31,PHTV,v8b,HOLD,medium,61.9,5,2026-08-31,347.98,,,,,,pending,,50.0,75.0,67.8,50.0
2026-08-31,PHTV,v8b,HOLD,medium,61.9,21,2026-08-31,347.98,,,,,,pending,,50.0,75.0,67.8,50.0
2026-08-31,POUL,v8b,ABSTAIN,none,67.0,5,2026-08-31,39.95,,,,,,pending,,50.0,75.0,72.0,70.0
2026-08-31,POUL,v8b,ABSTAIN,none,67.0,21,2026-08-31,39.95,,,,,,pending,,50.0,75.0,72.0,70.0
2026-08-31,PRCL,v8b,HOLD,medium,52.4,5,2026-08-31,32.2,,,,,,pending,,50.0,75.0,53.7,25.0
2026-08-31,PRCL,v8b,HOLD,medium,52.4,21,2026-08-31,32.2,,,,,,pending,,50.0,75.0,53.7,25.0
2026-08-31,PRDC,v8b,REDUCE,medium,45.6,5,2026-08-31,9.78,,,,,,pending,,50.0,50.0,45.1,35.0
2026-08-31,PRDC,v8b,REDUCE,medium,45.6,21,2026-08-31,9.78,,,,,,pending,,50.0,50.0,45.1,35.0
2026-08-31,PRMH,v8b,HOLD,medium,61.7,5,2026-08-31,2.68,,,,,,pending,,50.0,67.0,80.0,35.0
2026-08-31,PRMH,v8b,HOLD,medium,61.7,21,2026-08-31,2.68,,,,,,pending,,50.0,67.0,80.0,35.0
2026-08-31,RACC,v8b,HOLD,medium,62.5,5,2026-08-31,9.62,,,,,,pending,,50.0,75.0,67.0,55.0
2026-08-31,RACC,v8b,HOLD,medium,62.5,21,2026-08-31,9.62,,,,,,pending,,50.0,75.0,67.0,55.0
2026-08-31,RAKT,v8b,ABSTAIN,none,49.1,5,2026-08-31,22.2,,,,,,pending,,50.0,50.0,45.0,55.0
2026-08-31,RAKT,v8b,ABSTAIN,none,49.1,21,2026-08-31,22.2,,,,,,pending,,50.0,50.0,45.0,55.0
2026-08-31,RAYA,v8b,ABSTAIN,none,65.2,5,2026-08-31,7.24,,,,,,pending,,50.0,75.0,77.0,50.0
2026-08-31,RAYA,v8b,ABSTAIN,none,65.2,21,2026-08-31,7.24,,,,,,pending,,50.0,75.0,77.0,50.0
2026-08-31,RKAZ,v8b,HOLD,medium,63.4,5,2026-08-31,4.51,,,,,,pending,,50.0,67.0,90.0,25.0
2026-08-31,RKAZ,v8b,HOLD,medium,63.4,21,2026-08-31,4.51,,,,,,pending,,50.0,67.0,90.0,25.0
2026-08-31,RMDA,v8b,HOLD,medium,63.3,5,2026-08-31,5.99,,,,,,pending,,50.0,62.0,80.0,50.0
2026-08-31,RMDA,v8b,HOLD,medium,63.3,21,2026-08-31,5.99,,,,,,pending,,50.0,62.0,80.0,50.0
2026-08-31,ROTO,v8b,ABSTAIN,none,66.5,5,2026-08-31,44.17,,,,,,pending,,50.0,81.0,76.9,50.0
2026-08-31,ROTO,v8b,ABSTAIN,none,66.5,21,2026-08-31,44.17,,,,,,pending,,50.0,81.0,76.9,50.0
2026-08-31,RREI,v8b,HOLD,medium,53.2,5,2026-08-31,4.42,,,,,,pending,,50.0,50.0,66.8,35.0
2026-08-31,RREI,v8b,HOLD,medium,53.2,21,2026-08-31,4.42,,,,,,pending,,50.0,50.0,66.8,35.0
2026-08-31,RTVC,v8b,ABSTAIN,none,67.8,5,2026-08-31,4.14,,,,,,pending,,50.0,75.0,82.0,55.0
2026-08-31,RTVC,v8b,ABSTAIN,none,67.8,21,2026-08-31,4.14,,,,,,pending,,50.0,75.0,82.0,55.0
2026-08-31,RUBX,v8b,HOLD,medium,62.3,5,2026-08-31,12.61,,,,,,pending,,50.0,50.0,85.0,50.0
2026-08-31,RUBX,v8b,HOLD,medium,62.3,21,2026-08-31,12.61,,,,,,pending,,50.0,50.0,85.0,50.0
2026-08-31,SAUD,v8b,ABSTAIN,none,69.1,5,2026-08-31,24.01,,,,,,pending,,54.0,92.0,72.0,55.0
2026-08-31,SAUD,v8b,ABSTAIN,none,69.1,21,2026-08-31,24.01,,,,,,pending,,54.0,92.0,72.0,55.0
2026-08-31,SCEM,v8b,HOLD,medium,60.4,5,2026-08-31,102.0,,,,,,pending,,50.0,75.0,71.3,35.0
2026-08-31,SCEM,v8b,HOLD,medium,60.4,21,2026-08-31,102.0,,,,,,pending,,50.0,75.0,71.3,35.0
2026-08-31,SCFM,v8b,ABSTAIN,none,66.4,5,2026-08-31,282.11,,,,,,pending,,50.0,80.0,85.0,35.0
2026-08-31,SCFM,v8b,ABSTAIN,none,66.4,21,2026-08-31,282.11,,,,,,pending,,50.0,80.0,85.0,35.0
2026-08-31,SCTS,v8b,HOLD,medium,55.9,5,2026-08-31,616.43,,,,,,pending,,50.0,80.0,60.4,25.0
2026-08-31,SCTS,v8b,HOLD,medium,55.9,21,2026-08-31,616.43,,,,,,pending,,50.0,80.0,60.4,25.0
2026-08-31,SDTI,v8b,ABSTAIN,none,66.2,5,2026-08-31,68.68,,,,,,pending,,50.0,80.0,66.6,70.0
2026-08-31,SDTI,v8b,ABSTAIN,none,66.2,21,2026-08-31,68.68,,,,,,pending,,50.0,80.0,66.6,70.0
2026-08-31,SEIG,v8b,HOLD,medium,56.2,5,2026-08-31,259.47,,,,,,pending,,50.0,67.0,64.3,35.0
2026-08-31,SEIG,v8b,HOLD,medium,56.2,21,2026-08-31,259.47,,,,,,pending,,50.0,67.0,64.3,35.0
2026-08-31,SEIGA,v8b,HOLD,medium,52.7,5,2026-08-31,63.29,,,,,,pending,,50.0,50.0,50.0,65.0
2026-08-31,SEIGA,v8b,HOLD,medium,52.7,21,2026-08-31,63.29,,,,,,pending,,50.0,50.0,50.0,65.0
2026-08-31,SIPC,v8b,ABSTAIN,none,66.2,5,2026-08-31,4.93,,,,,,pending,,50.0,80.0,76.8,50.0
2026-08-31,SIPC,v8b,ABSTAIN,none,66.2,21,2026-08-31,4.93,,,,,,pending,,50.0,80.0,76.8,50.0
2026-08-31,SKPC,v8b,HOLD,medium,52.2,5,2026-08-31,17.8,,,,,,pending,,54.0,75.0,35.0,55.0
2026-08-31,SKPC,v8b,HOLD,medium,52.2,21,2026-08-31,17.8,,,,,,pending,,54.0,75.0,35.0,55.0
2026-08-31,SMFR,v8b,HOLD,medium,51.6,5,2026-08-31,257.31,,,,,,pending,,50.0,40.0,68.8,35.0
2026-08-31,SMFR,v8b,HOLD,medium,51.6,21,2026-08-31,257.31,,,,,,pending,,50.0,40.0,68.8,35.0
2026-08-31,SNFC,v8b,HOLD,medium,53.8,5,2026-08-31,10.4,,,,,,pending,,50.0,55.0,55.0,55.0
2026-08-31,SNFC,v8b,HOLD,medium,53.8,21,2026-08-31,10.4,,,,,,pending,,50.0,55.0,55.0,55.0
2026-08-31,SODIC,v8b,HOLD,medium,56.8,5,2026-08-31,31.01,,,,,,pending,,30.0,62.0,75.4,50.0
2026-08-31,SODIC,v8b,HOLD,medium,56.8,21,2026-08-31,31.01,,,,,,pending,,30.0,62.0,75.4,50.0
2026-08-31,SPIN,v8b,ABSTAIN,none,67.7,5,2026-08-31,19.2,,,,,,pending,,50.0,50.0,90.0,70.0
2026-08-31,SPIN,v8b,ABSTAIN,none,67.7,21,2026-08-31,19.2,,,,,,pending,,50.0,50.0,90.0,70.0
2026-08-31,SPMD,v8b,ABSTAIN,none,73.3,5,2026-08-31,0.441,,,,,,pending,,50.0,75.0,90.0,70.0
2026-08-31,SPMD,v8b,ABSTAIN,none,73.3,21,2026-08-31,0.441,,,,,,pending,,50.0,75.0,90.0,70.0
2026-08-31,SUGR,v8b,HOLD,medium,53.9,5,2026-08-31,56.07,,,,,,pending,,50.0,37.0,67.0,55.0
2026-08-31,SUGR,v8b,HOLD,medium,53.9,21,2026-08-31,56.07,,,,,,pending,,50.0,37.0,67.0,55.0
2026-08-31,SVCE,v8b,HOLD,medium,61.0,5,2026-08-31,12.47,,,,,,pending,,50.0,75.0,78.1,25.0
2026-08-31,SVCE,v8b,HOLD,medium,61.0,21,2026-08-31,12.47,,,,,,pending,,50.0,75.0,78.1,25.0
2026-08-31,SWDY,v8b,ABSTAIN,none,67.2,5,2026-08-31,127.51,,,,,,pending,,50.0,75.0,72.5,70.0
2026-08-31,SWDY,v8b,ABSTAIN,none,67.2,21,2026-08-31,127.51,,,,,,pending,,50.0,75.0,72.5,70.0
2026-08-31,TALM,v8b,ABSTAIN,none,65.3,5,2026-08-31,17.86,,,,,,pending,,50.0,87.0,67.0,55.0
2026-08-31,TALM,v8b,ABSTAIN,none,65.3,21,2026-08-31,17.86,,,,,,pending,,50.0,87.0,67.0,55.0
2026-08-31,TMGH,v8b,HOLD,medium,64.1,5,2026-08-31,97.3,,,,,,pending,,50.0,74.0,72.0,55.0
2026-08-31,TMGH,v8b,HOLD,medium,64.1,21,2026-08-31,97.3,,,,,,pending,,50.0,74.0,72.0,55.0
2026-08-31,TRTO,v8b,HOLD,medium,57.8,5,2026-08-31,0.06,,,,,,pending,,50.0,55.0,74.2,40.0
2026-08-31,TRTO,v8b,HOLD,medium,57.8,21,2026-08-31,0.06,,,,,,pending,,50.0,55.0,74.2,40.0
2026-08-31,UEFM,v8b,HOLD,medium,64.6,5,2026-08-31,536.73,,,,,,pending,,54.0,80.0,67.0,55.0
2026-08-31,UEFM,v8b,HOLD,medium,64.6,21,2026-08-31,536.73,,,,,,pending,,54.0,80.0,67.0,55.0
2026-08-31,UEGC,v8b,HOLD,medium,54.9,5,2026-08-31,1.76,,,,,,pending,,50.0,50.0,76.7,25.0
2026-08-31,UEGC,v8b,HOLD,medium,54.9,21,2026-08-31,1.76,,,,,,pending,,50.0,50.0,76.7,25.0
2026-08-31,UNIP,v8b,HOLD,medium,61.5,5,2026-08-31,0.378,,,,,,pending,,50.0,50.0,80.0,55.0
2026-08-31,UNIP,v8b,HOLD,medium,61.5,21,2026-08-31,0.378,,,,,,pending,,50.0,50.0,80.0,55.0
2026-08-31,UNIT,v8b,HOLD,medium,52.8,5,2026-08-31,18.62,,,,,,pending,,50.0,62.0,63.0,25.0
2026-08-31,UNIT,v8b,HOLD,medium,52.8,21,2026-08-31,18.62,,,,,,pending,,50.0,62.0,63.0,25.0
2026-08-31,WCDF,v8b,HOLD,medium,63.5,5,2026-08-31,640.74,,,,,,pending,,54.0,75.0,67.0,55.0
2026-08-31,WCDF,v8b,HOLD,medium,63.5,21,2026-08-31,640.74,,,,,,pending,,54.0,75.0,67.0,55.0
2026-08-31,WKOL,v8b,ABSTAIN,none,73.6,5,2026-08-31,340.78,,,,,,pending,,54.0,92.0,95.0,35.0
2026-08-31,WKOL,v8b,ABSTAIN,none,73.6,21,2026-08-31,340.78,,,,,,pending,,54.0,92.0,95.0,35.0
2026-08-31,ZEOT,v8b,HOLD,medium,60.3,5,2026-08-31,14.0,,,,,,pending,,50.0,75.0,63.1,50.0
2026-08-31,ZEOT,v8b,HOLD,medium,60.3,21,2026-08-31,14.0,,,,,,pending,,50.0,75.0,63.1,50.0
2026-08-31,ZMID,v8b,ABSTAIN,none,67.9,5,2026-08-31,9.06,,,,,,pending,,50.0,80.0,71.3,70.0
2026-08-31,ZMID,v8b,ABSTAIN,none,67.9,21,2026-08-31,9.06,,,,,,pending,,50.0,80.0,71.3,70.0
2026-08-31,AXPH,w1,WEEKLY_BUY,weekly,33.51,5,2026-08-31,1703.35,,,,,,pending,,,,,
2026-08-31,AXPH,w1,WEEKLY_BUY,weekly,33.51,21,2026-08-31,1703.35,,,,,,pending,,,,,
2026-08-31,OFH,w1,WEEKLY_BUY,weekly,29.75,5,2026-08-31,1.03,,,,,,pending,,,,,
2026-08-31,OFH,w1,WEEKLY_BUY,weekly,29.75,21,2026-08-31,1.03,,,,,,pending,,,,,
2026-08-31,AMIA,w1,WEEKLY_BUY,weekly,27.01,5,2026-08-31,20.15,,,,,,pending,,,,,
2026-08-31,AMIA,w1,WEEKLY_BUY,weekly,27.01,21,2026-08-31,20.15,,,,,,pending,,,,,
2026-08-31,FIRE,w1,WEEKLY_BUY,weekly,22.39,5,2026-08-31,5.1,,,,,,pending,,,,,
2026-08-31,FIRE,w1,WEEKLY_BUY,weekly,22.39,21,2026-08-31,5.1,,,,,,pending,,,,,
2026-08-31,NINH,w1,WEEKLY_BUY,weekly,22.2,5,2026-08-31,23.42,,,,,,pending,,,,,
2026-08-31,NINH,w1,WEEKLY_BUY,weekly,22.2,21,2026-08-31,23.42,,,,,,pending,,,,,
